review_text,rating,author,date,app_version,source,language,sentiment,is_augmented,augmentation_method,original_id
"this app is not very accessible for visually, impaired persons and in ios again and again we have to login this app. this is worst experience. very mad policy of the company.",2.0,Joyal J F,2025-11-13T18:42:20-07:00,25.1031.00,app_store_reviews_complete.csv,en,-0.4891826923076923,False,original,0
very nice,5.0,Kannada Chandru,2025-11-13T06:03:06-07:00,25.1031.00,app_store_reviews_complete.csv,cs,0.78,False,original,1
malesh,5.0,VDKmm,2025-11-13T05:59:23-07:00,25.1031.00,app_store_reviews_complete.csv,sq,0.0,False,original,2
please do not purchase gold in digital gold. it is not working. you may lose money.,2.0,Mohan8889,2025-11-13T05:42:49-07:00,25.1031.00,app_store_reviews_complete.csv,en,0.0,False,original,3
good and fastest services and easy access,5.0,Harvindra singhal,2025-11-13T04:06:39-07:00,25.1031.00,app_store_reviews_complete.csv,en,0.5666666666666667,False,original,4
jagtap,1.0,Pradip Jagtap,2025-11-12T20:35:39-07:00,25.1031.00,app_store_reviews_complete.csv,tl,0.0,False,original,5
good condition,5.0,Abhishek Maury,2025-11-12T16:08:59-07:00,25.1031.00,app_store_reviews_complete.csv,en,0.7,False,original,6
very delay update new features,3.0,csvinayak,2025-11-12T06:26:13-07:00,25.1031.00,app_store_reviews_complete.csv,en,0.1681818181818181,False,original,7
it's amazing,5.0,Anmol deol,2025-11-12T05:34:19-07:00,25.1031.00,app_store_reviews_complete.csv,tl,0.6000000000000001,False,original,8
outdated interface,1.0,Mickypandu,2025-11-12T05:33:14-07:00,25.1031.00,app_store_reviews_complete.csv,en,-0.4000000000000001,False,original,9
"need to close and open for 2 times than it will open .. phonepe app is not opening for 1 time when we open ,",1.0,Rockysince1997,2025-11-12T01:29:09-07:00,25.1017.05,app_store_reviews_complete.csv,en,0.0,False,original,10
excellent speed,5.0,Hvrrrddy,2025-11-12T01:00:20-07:00,25.1017.05,app_store_reviews_complete.csv,nl,1.0,False,original,11
"super app. user friendly, handy and convenient nice to deal with",5.0,Rajashekar Hebbar C,2025-11-11T22:36:16-07:00,25.1017.05,app_store_reviews_complete.csv,en,0.4770833333333333,False,original,12
best,5.0,Sohi jass,2025-11-11T20:06:59-07:00,25.1017.05,app_store_reviews_complete.csv,af,1.0,False,original,13
1st whenever we enter the new number it's take too long time to appear the name 2nd in the history when i going to pay again it's not able to click 3rd when we click to mobile number in the recent it's showing old transaction not recent.,1.0,Kaushalrajhbd,2025-11-11T19:49:05-07:00,25.1017.05,app_store_reviews_complete.csv,en,-0.0079545454545454,False,original,14
the app is not opening its just keep on loading,5.0,Faheem Taj,2025-11-11T06:55:42-07:00,25.1017.05,app_store_reviews_complete.csv,en,0.0,False,original,15
"i've been trying to download my phonepe transaction statement for fy 2023–24, but the app shows a technical error every time. it's been over 3 days, and even after emailing customer support, i've received no response or solution. phonepe is good for payments, but the support system and technical reliability are very poor. please fix the statement download issue and respond to users who genuinely need their transaction records for financial purposes.",1.0,Sikarwar vinay,2025-11-11T06:39:39-07:00,25.1017.05,app_store_reviews_complete.csv,en,0.0966666666666666,False,original,16
hood one,5.0,Ziggi jsm,2025-11-11T05:44:00-07:00,25.1017.05,app_store_reviews_complete.csv,en,0.0,False,original,17
free mai pasia cut kartei ase joke mera bhot pasia chala geya mera acc se yei app ko use he mat kro paltu wala app hai not good for online,1.0,Online thief,2025-11-11T04:17:01-07:00,25.1017.05,app_store_reviews_complete.csv,en,0.025,False,original,18
"provide a way to opt out of promotional notifications, please don't abuse the permissions we give you by spamming with random notifications every hour.",1.0,Timepass7,2025-11-11T03:13:57-07:00,25.1017.05,app_store_reviews_complete.csv,en,-0.5,False,original,19
"what nonsense is this? phonepe suddenly stopped working on my iphone 8 plus just because it needs ios 17 — which isn't even available for my phone! this app worked perfectly fine a year ago, and now you're forcing people to buy a new phone just to make payments? totally unfair and frustrating. stop looting consumers in the name of updates!",1.0,Vipul Simariya,2025-11-11T01:28:22-07:00,25.1017.05,app_store_reviews_complete.csv,en,0.0088383838383838,False,original,20
good app,5.0,Vaibhavmama,2025-11-10T21:08:57-07:00,25.1017.05,app_store_reviews_complete.csv,en,0.7,False,original,21
bangalore metro is not available for doing the recharge not sure why this one which is one of the imp commutation methods in bangalore is left out please add the same,1.0,HkLakshmi,2025-11-10T16:54:58-07:00,25.1017.05,app_store_reviews_complete.csv,en,-0.1125,False,original,22
daud,5.0,Arbaz  nadaf,2025-11-10T06:48:46-07:00,25.1017.05,app_store_reviews_complete.csv,cy,0.0,False,original,23
cool,5.0,DarrenFern,2025-11-10T03:23:06-07:00,25.1017.05,app_store_reviews_complete.csv,en,0.35,False,original,24
good i am happy,5.0,Aniket gotad,2025-11-10T02:29:26-07:00,25.1017.05,app_store_reviews_complete.csv,cy,0.75,False,original,25
enjoying but their is a no cash back offer,5.0,Kunal Lal Patil,2025-11-10T01:53:19-07:00,25.1017.05,app_store_reviews_complete.csv,en,0.25,False,original,26
very good sir,5.0,Bijay Kumar mallick,2025-11-09T22:28:28-07:00,25.1017.05,app_store_reviews_complete.csv,af,0.91,False,original,27
good job,5.0,giriraj vaishnav,2025-11-09T21:51:51-07:00,25.1017.05,app_store_reviews_complete.csv,so,0.7,False,original,28
excellent,5.0,B.Radhakrishnan,2025-11-09T21:05:17-07:00,25.1017.05,app_store_reviews_complete.csv,ca,1.0,False,original,29
to open,3.0,Vaishali khate,2025-11-09T20:49:39-07:00,25.1017.05,app_store_reviews_complete.csv,en,0.0,False,original,30
phonepe,5.0,Khurshed so,2025-11-09T19:08:26-07:00,25.1017.05,app_store_reviews_complete.csv,en,0.0,False,original,31
after update phone pe is not working on iphone 7. app is not at all openning just white screen comming,1.0,r@meshD,2025-11-09T17:54:09-07:00,25.0613.05,app_store_reviews_complete.csv,en,0.0,False,original,32
excellent,5.0,gali dilip,2025-11-09T08:22:50-07:00,25.1017.05,app_store_reviews_complete.csv,ca,1.0,False,original,33
can be improved,1.0,10000 i lost,2025-11-09T05:08:59-07:00,25.1017.05,app_store_reviews_complete.csv,en,0.0,False,original,34
bs keshapur,5.0,Keshapur,2025-11-09T03:28:59-07:00,25.1017.05,app_store_reviews_complete.csv,sq,0.0,False,original,35
avoid takin extra money,2.0,Alfa3655,2025-11-09T00:39:35-07:00,25.1017.05,app_store_reviews_complete.csv,fi,0.0,False,original,36
never ever underestimate indian's.,5.0,Reddychot,2025-11-08T19:17:16-07:00,25.1017.05,app_store_reviews_complete.csv,da,0.0,False,original,37
very easy to use . everyone can understand . every option is useful. this app is unbeatable,5.0,rajvbhagya,2025-11-08T18:34:43-07:00,25.1017.05,app_store_reviews_complete.csv,en,0.4316666666666666,False,original,38
phonepe digital gold is a grid run by phonepe and jewellers. when you buy a gold they don't deliver you the gold. they ask you to sell for the fake market price for heavy loss as their market price is always 5000 rupees less than the actual market price,1.0,ArunJolad,2025-11-08T09:45:58-07:00,25.1017.05,app_store_reviews_complete.csv,en,-0.1733333333333333,False,original,39
app is so much smooth,5.0,Vyankatesh Pillay,2025-11-08T06:35:30-07:00,25.1017.05,app_store_reviews_complete.csv,en,0.4,False,original,40
smart sk,5.0,Smart Arkhit,2025-11-08T06:26:04-07:00,25.1017.05,app_store_reviews_complete.csv,sv,0.2142857142857142,False,original,41
mani,5.0,mani9346,2025-11-08T05:28:29-07:00,25.1017.05,app_store_reviews_complete.csv,sw,0.0,False,original,42
good service,5.0,SAHEB DEBNATH,2025-11-08T05:02:47-07:00,25.1017.05,app_store_reviews_complete.csv,hr,0.7,False,original,43
excellent service,5.0,kmvasava,2025-11-08T04:07:55-07:00,25.1017.05,app_store_reviews_complete.csv,fr,1.0,False,original,44
"noting working on app , show something went wrong. please fix the issue as getting error on payment,history all bills related",1.0,Praful 8340,2025-11-08T01:29:12-07:00,25.1017.05,app_store_reviews_complete.csv,en,-0.25,False,original,45
not like,1.0,Mhsnmohmed,2025-11-07T22:42:52-07:00,25.1017.05,app_store_reviews_complete.csv,sl,0.0,False,original,46
"app stooped working .even after reinstalling app white screen issue still persist. there is no way to contact customer care for such issues everytime i have to restart app ,,,, very frustrating",1.0,HMARKNK,2025-11-07T20:46:51-07:00,25.1017.05,app_store_reviews_complete.csv,en,-0.1733333333333333,False,original,47
best,5.0,Purushottam bunny,2025-11-07T16:37:33-07:00,25.1017.05,app_store_reviews_complete.csv,af,1.0,False,original,48
"post updating the latest version app stopped working, i can't even access",1.0,OmkarSingh,2025-11-07T08:54:35-07:00,25.1017.05,app_store_reviews_complete.csv,en,0.5,False,original,49
fraud ho rahe hai aab phone pay ma,5.0,Tu  CC ni dad,2025-11-07T05:53:33-07:00,25.1017.05,app_store_reviews_complete.csv,cy,0.0,False,original,50
so much,5.0,Solty paan shop,2025-11-07T05:31:10-07:00,25.1017.05,app_store_reviews_complete.csv,es,0.2,False,original,51
super,5.0,Sandeshmsgowda,2025-11-07T04:34:30-07:00,25.1017.05,app_store_reviews_complete.csv,ro,0.3333333333333333,False,original,52
easy for life,5.0,Tibrata,2025-11-07T03:10:28-07:00,25.1017.05,app_store_reviews_complete.csv,en,0.4333333333333333,False,original,53
worst app i used iam invest in gold but the amount is not credited in my accunt but they show the amount is credited,1.0,Offlx abi,2025-11-07T02:43:26-07:00,25.1017.05,app_store_reviews_complete.csv,en,-1.0,False,original,54
"i have issue regarding kyc and tried calling on support numbers but agents are not available or no option to talk to agents, no email id provided by company so in sort your problem can't be heard.",1.0,Krishna keshari,2025-11-06T22:50:53-07:00,25.1017.05,app_store_reviews_complete.csv,en,-0.2,False,original,55
good job guys,5.0,I’m owner the city Mary,2025-11-06T21:09:08-07:00,25.1017.05,app_store_reviews_complete.csv,so,0.7,False,original,56
gond,5.0,Bhabani Gond,2025-11-06T20:59:27-07:00,25.1017.05,app_store_reviews_complete.csv,cy,0.0,False,original,57
very gif,1.0,Pappakutty,2025-11-06T19:28:59-07:00,25.1017.05,app_store_reviews_complete.csv,en,0.2,False,original,58
not one instance of payment failure. smooth and effortless.,5.0,Harish Ramaswamy,2025-11-06T18:33:04-07:00,25.1017.05,app_store_reviews_complete.csv,en,0.0416666666666666,False,original,59
guys please don't top up your phonepe wallet as there is no option to send the money through wallet even though i have my balance even i am not able to withdraw my money from the wallet as it says transaction failed due to technical error. its so cheap. now i don't know wt to do.,1.0,Rajneesh B.S,2025-11-06T06:48:01-07:00,25.1017.05,app_store_reviews_complete.csv,en,0.0041666666666666,False,original,60
i am sorry but i forgot the name but the person was so helpful now i can do the transaction,5.0,F0204,2025-11-06T00:27:20-07:00,25.1017.05,app_store_reviews_complete.csv,en,-0.5,False,original,61
technical issue,2.0,Gf ddgh,2025-11-05T22:06:21-07:00,25.1017.05,app_store_reviews_complete.csv,en,0.0,False,original,62
"trying to contact customer care service regarding cc but unable to pass through ivr agent no reply from phonepe also. if they can't understand the customer querry , i am bound to say poor customer care service.",3.0,ReyAKV,2025-11-05T21:06:49-07:00,25.1017.05,app_store_reviews_complete.csv,en,-0.45,False,original,63
very good & fast service,5.0,Yuvan krishna,2025-11-05T19:31:19-07:00,25.1017.05,app_store_reviews_complete.csv,en,0.5549999999999999,False,original,64
nice,5.0,skumarsoni,2025-11-05T09:09:34-07:00,25.1017.05,app_store_reviews_complete.csv,pl,0.6,False,original,65
good,5.0,Satish he,2025-11-05T07:26:38-07:00,25.1017.05,app_store_reviews_complete.csv,so,0.7,False,original,66
easy to use,5.0,Musjad,2025-11-05T07:06:53-07:00,25.1017.05,app_store_reviews_complete.csv,en,0.4333333333333333,False,original,67
never know when it works or not. need to have back up/ option b handy,4.0,Trixe term lie,2025-11-05T06:55:33-07:00,25.1017.05,app_store_reviews_complete.csv,en,0.3,False,original,68
it's easy to pay,5.0,Nausahad,2025-11-05T06:05:51-07:00,25.1017.05,app_store_reviews_complete.csv,en,0.4333333333333333,False,original,69
poor service i have complainted regarding an issue but it has been around a month no use the issue is not solved until now,1.0,Nabeel2139,2025-11-05T01:50:52-07:00,25.1017.05,app_store_reviews_complete.csv,en,-0.4,False,original,70
good,5.0,Amanprit singh,2025-11-04T22:07:06-07:00,25.1017.05,app_store_reviews_complete.csv,so,0.7,False,original,71
don't use this aap. third class services . you can withdrawl your own money.,1.0,SHIVER KUMAR,2025-11-04T09:12:23-07:00,25.1017.05,app_store_reviews_complete.csv,en,0.3,False,original,72
nice,5.0,jot banur,2025-11-04T07:59:53-07:00,25.1017.05,app_store_reviews_complete.csv,pl,0.6,False,original,73
+91 78454 35832,5.0,91 78454 35832,2025-11-04T07:16:46-07:00,25.1017.05,app_store_reviews_complete.csv,unknown,0.0,False,original,74
super,5.0,Golu Dhande,2025-11-04T05:52:12-07:00,25.1017.05,app_store_reviews_complete.csv,ro,0.3333333333333333,False,original,75
super app in phonepe,5.0,Cut boy123,2025-11-04T05:34:08-07:00,25.1017.05,app_store_reviews_complete.csv,en,0.3333333333333333,False,original,76
good,5.0,Simmuali,2025-11-04T04:11:01-07:00,25.1017.05,app_store_reviews_complete.csv,so,0.7,False,original,77
they make a app such as these for teens,5.0,fckumcgdg,2025-11-04T04:08:25-07:00,25.1017.05,app_store_reviews_complete.csv,en,0.0,False,original,78
its very easy to use and secure also thanks for easy my payment,5.0,raza461938,2025-11-04T01:11:03-07:00,25.1017.00,app_store_reviews_complete.csv,en,0.3991666666666666,False,original,79
good,5.0,Harish  Desai,2025-11-03T22:28:45-07:00,25.1017.00,app_store_reviews_complete.csv,so,0.7,False,original,80
no cash back. no cash back,1.0,Vicky kadva,2025-11-03T20:33:16-07:00,25.1017.00,app_store_reviews_complete.csv,en,0.0,False,original,81
esme 18 year+ bank accounts bante h jo ki bahut safe h esse hm hm subscriber bhi kar sakte h recharge bhi kar sakte h and upi bhi kar sakte h or daily saving se gold bhi jma kar sakte h = safe app,5.0,Khemsa  jani,2025-11-03T10:09:27-07:00,25.1017.00,app_store_reviews_complete.csv,id,0.3333333333333333,False,original,82
"today i faced problem with p.pay , i didn't work",1.0,Ravi ramaraj,2025-11-03T06:45:45-07:00,25.1017.00,app_store_reviews_complete.csv,en,0.0,False,original,83
awesome user interface. i feel very convenient using this app for payments. thanks.,5.0,Suman Gunta,2025-11-03T03:39:04-07:00,25.1017.00,app_store_reviews_complete.csv,en,0.4666666666666666,False,original,84
nice,5.0,Sangyabhau,2025-11-03T01:22:09-07:00,25.1017.00,app_store_reviews_complete.csv,pl,0.6,False,original,85
good app,5.0,Nikhil1132,2025-11-02T22:57:53-07:00,25.1017.00,app_store_reviews_complete.csv,en,0.7,False,original,86
good,5.0,Free cesh,2025-11-02T22:16:13-07:00,25.1017.00,app_store_reviews_complete.csv,so,0.7,False,original,87
"when try access camera to scan the qr code it's not working, getting black screen",3.0,Suman-657,2025-11-02T21:47:21-07:00,25.1017.00,app_store_reviews_complete.csv,en,-0.1666666666666666,False,original,88
i want 15 version of phone pay and,1.0,ritktk,2025-11-02T20:27:20-07:00,25.1017.00,app_store_reviews_complete.csv,en,0.0,False,original,89
10 out of 10,5.0,Chhupa rustum,2025-11-02T11:21:21-07:00,25.1017.00,app_store_reviews_complete.csv,en,0.0,False,original,90
motherchood app,1.0,Apu Phukan,2025-11-02T09:14:32-07:00,25.1017.00,app_store_reviews_complete.csv,en,0.0,False,original,91
same,1.0,Guna goud,2025-11-02T08:41:03-07:00,25.1017.00,app_store_reviews_complete.csv,tl,0.0,False,original,92
"""i've been using phonepe for years and my experience has been amazing. it's fast, reliable, and the interface is so simple that even my parents can use it easily. the range of services from upi payments to bill recharges is fantastic.""",5.0,Shahnawaz Shah 03,2025-11-02T08:24:31-07:00,25.1017.00,app_store_reviews_complete.csv,en,0.3266666666666666,False,original,93
"i usually pay my credit card bill, but it has failed and the reversal time is too long. who will be responsible if my bill bounces?",1.0,Sarfuraz,2025-11-02T07:51:03-07:00,25.1017.00,app_store_reviews_complete.csv,en,-0.15,False,original,94
no rewards only ad,3.0,Adi hay,2025-11-02T07:45:40-07:00,25.1017.00,app_store_reviews_complete.csv,en,0.0,False,original,95
good,4.0,R.Suresh Babu,2025-11-02T05:48:18-07:00,25.1017.00,app_store_reviews_complete.csv,so,0.7,False,original,96
it just stuck at every step without any progress,1.0,Hoks855,2025-11-02T05:46:09-07:00,25.1017.00,app_store_reviews_complete.csv,en,0.0,False,original,97
"i've been using this app from last six years, and it is amazing and reliable.",5.0,Suvhd,2025-11-02T02:14:24-07:00,25.1017.00,app_store_reviews_complete.csv,en,0.3,False,original,98
not wirking,1.0,MiyaBhaiMosn,2025-11-02T02:14:05-07:00,25.0613.05,app_store_reviews_complete.csv,af,0.0,False,original,99
good,5.0,Jayendra j joshi,2025-11-02T01:43:12-07:00,25.1017.00,app_store_reviews_complete.csv,so,0.7,False,original,100
nice,5.0,12shi13,2025-11-02T00:45:39-07:00,25.1017.00,app_store_reviews_complete.csv,pl,0.6,False,original,101
my autopay has failed and i'm not even able to raise a ticket,1.0,stacK5555,2025-11-02T00:25:31-07:00,25.1017.00,app_store_reviews_complete.csv,en,0.0,False,original,102
there was still a complaint that contact names were not displayed. still not fixed,1.0,Prasanth Vanjarapu,2025-11-01T22:42:54-07:00,25.1017.00,app_store_reviews_complete.csv,en,-0.175,False,original,103
no cashbacks compared to other upi apps,3.0,VivekD123,2025-11-01T21:03:56-07:00,25.1017.00,app_store_reviews_complete.csv,en,-0.125,False,original,104
excellent service,5.0,BSvas,2025-11-01T20:10:17-07:00,25.1017.00,app_store_reviews_complete.csv,fr,1.0,False,original,105
no cash back getting in phonepe,1.0,Jashwan26ddhjj,2025-11-01T18:46:09-07:00,25.1017.00,app_store_reviews_complete.csv,en,0.0,False,original,106
i use this app always. i never use cash.,5.0,Dikshya Dutta,2025-11-01T07:55:26-07:00,25.1017.00,app_store_reviews_complete.csv,en,0.0,False,original,107
best app,5.0,Mr baggu,2025-11-01T06:27:14-07:00,25.1017.00,app_store_reviews_complete.csv,fr,1.0,False,original,108
very nice and beautiful,5.0,Dipak Singh13,2025-11-01T05:36:38-07:00,25.1017.00,app_store_reviews_complete.csv,en,0.815,False,original,109
"phone pay is good aap for pay online payment to enjoy any type of facility to buy subscriptions like spotify,online products while buy staying at home. i like this app",5.0,Mani Salwan,2025-11-01T04:19:57-07:00,25.1017.00,app_store_reviews_complete.csv,en,0.55,False,original,110
"when i try to pay contact there is a ui glitch please resolve, when i swipe up to check transaction it goes blank on the bottom",1.0,Bhaswat2002,2025-10-31T23:25:11-07:00,25.1017.00,app_store_reviews_complete.csv,en,0.0,False,original,111
best service,5.0,Srisri76,2025-10-31T22:15:20-07:00,25.1017.00,app_store_reviews_complete.csv,en,1.0,False,original,112
outstanding,5.0,Tinkykanju,2025-10-31T21:18:31-07:00,25.1017.00,app_store_reviews_complete.csv,af,0.5,False,original,113
hi team app not opening bugs kindly fix it asap,1.0,Rajesh roulo,2025-10-31T19:41:53-07:00,25.1017.00,app_store_reviews_complete.csv,en,0.6,False,original,114
very good,5.0,Joshibhasker,2025-10-31T06:22:38-07:00,25.1017.00,app_store_reviews_complete.csv,af,0.91,False,original,115
overall a very good app for payments but what i miss is the total spends to see on category wise as in paytm there is a way to see the total spends of every month based on category.this is very useful for me to track my spends and calculate on which i spent the most.it would be very useful if phonepe also shows the report.,4.0,Sathya18_02,2025-10-31T00:52:16-07:00,25.1017.00,app_store_reviews_complete.csv,en,0.28625,False,original,116
5 star,5.0,Dilshad karim Raja,2025-10-30T20:40:04-07:00,25.1017.00,app_store_reviews_complete.csv,sv,0.0,False,original,117
excellent,5.0,Babushabhav,2025-10-30T19:22:15-07:00,25.1017.00,app_store_reviews_complete.csv,ca,1.0,False,original,118
goooooooood,5.0,salmankhanx09,2025-10-30T18:07:13-07:00,25.1017.00,app_store_reviews_complete.csv,so,0.0,False,original,119
received payment not show in full screen,5.0,Mangilal Bhaderwal,2025-10-30T11:26:06-07:00,25.1017.00,app_store_reviews_complete.csv,en,0.35,False,original,120
my phone is not working,1.0,Kirak@143,2025-10-30T07:00:29-07:00,25.1017.00,app_store_reviews_complete.csv,en,0.0,False,original,121
super,5.0,Bhagya ram,2025-10-30T05:54:02-07:00,25.1017.00,app_store_reviews_complete.csv,ro,0.3333333333333333,False,original,122
fetching balance shown wrong in few months,3.0,Subuam,2025-10-30T00:51:04-07:00,25.1003.06,app_store_reviews_complete.csv,en,-0.35,False,original,123
good,4.0,uxfofofieidkskcld,2025-10-29T23:58:34-07:00,25.1003.06,app_store_reviews_complete.csv,so,0.7,False,original,124
thank you my condition,5.0,Rohit_101010,2025-10-29T23:35:57-07:00,25.1003.06,app_store_reviews_complete.csv,en,0.0,False,original,125
very reliable app for pay,5.0,Narinder pannu,2025-10-29T22:06:04-07:00,25.1003.06,app_store_reviews_complete.csv,en,0.2,False,original,126
no any cashback offers,2.0,Chetanshin,2025-10-29T10:38:12-07:00,25.1003.06,app_store_reviews_complete.csv,en,0.1,False,original,127
i have to download again and again due to old iphone not supported phone pay and many apps,2.0,Rajpal singh Rawat,2025-10-29T09:56:17-07:00,25.1003.06,app_store_reviews_complete.csv,en,0.1583333333333333,False,original,128
fast,5.0,A9966773640a,2025-10-29T06:31:31-07:00,25.1003.06,app_store_reviews_complete.csv,it,0.2,False,original,129
it is annoying to erase the caption that comes when i share the msg on other apps. remove it from your app.,4.0,Vivek Raikar,2025-10-29T06:04:15-07:00,25.1003.06,app_store_reviews_complete.csv,en,-0.4625,False,original,130
"phonepay is the easiest, safest and effortless way of money transfer/payment",5.0,NVSwamy,2025-10-29T05:40:18-07:00,25.1003.06,app_store_reviews_complete.csv,en,0.0,False,original,131
app not working suddenly getting out,1.0,Habjsjab,2025-10-29T02:28:44-07:00,25.1003.06,app_store_reviews_complete.csv,af,0.0,False,original,132
feeling good in all locations,5.0,Bharath Gangadhar Jois,2025-10-29T00:54:19-07:00,25.1003.06,app_store_reviews_complete.csv,en,0.7,False,original,133
good,5.0,Sandeep Punul,2025-10-29T00:05:34-07:00,25.1003.06,app_store_reviews_complete.csv,so,0.7,False,original,134
service are cold not working good slow and hanging issue many time,1.0,Yashasvicsc,2025-10-28T21:09:20-07:00,25.1003.06,app_store_reviews_complete.csv,en,0.0749999999999999,False,original,135
stupid app no customer support this will and should go down soon,1.0,wehdhkcf,2025-10-28T20:37:53-07:00,25.1003.06,app_store_reviews_complete.csv,en,-0.4777777777777777,False,original,136
"why is this app adding paid using phonepe upi spam after every single payment? like when you have to share the screenshot with someone, for example whatsapp this app adds the spam automatically each time. it's very annoying.",1.0,FaZe Aditya,2025-10-28T03:39:12-07:00,25.1003.06,app_store_reviews_complete.csv,en,-0.5357142857142857,False,original,137
excellent,5.0,Skhuseini,2025-10-28T02:26:24-07:00,25.1003.06,app_store_reviews_complete.csv,ca,1.0,False,original,138
service is god,5.0,Sweetyog,2025-10-28T01:56:27-07:00,25.1003.06,app_store_reviews_complete.csv,en,0.0,False,original,139
from india to world we are laps and bound ahead,5.0,Dhirukhan,2025-10-27T21:31:06-07:00,25.1003.06,app_store_reviews_complete.csv,en,0.0,False,original,140
bahut aacha h,5.0,Ibc aman Maurya,2025-10-27T20:41:50-07:00,25.1003.06,app_store_reviews_complete.csv,so,0.0,False,original,141
"not working, my version 15.8.5 , how to fix this problem",1.0,dfgecf,2025-10-27T20:33:53-07:00,25.1003.06,app_store_reviews_complete.csv,en,0.0,False,original,142
5star worth,5.0,Mohan rupa,2025-10-27T20:33:47-07:00,25.1003.06,app_store_reviews_complete.csv,en,0.3,False,original,143
phone pe not giving any cashbacks,1.0,Shekar12@0609,2025-10-27T10:56:35-07:00,25.1003.06,app_store_reviews_complete.csv,en,0.0,False,original,144
phone pe app is getting crashed everytime i am clicking anywhere after phone update. please support on it as i am not able to even raise ticket on app,1.0,Tanyajha_,2025-10-27T10:06:05-07:00,25.1003.06,app_store_reviews_complete.csv,en,-0.25,False,original,145
good transaction app,4.0,madhu polnati,2025-10-27T06:31:44-07:00,25.1003.06,app_store_reviews_complete.csv,en,0.7,False,original,146
outstanding,5.0,Naresh Sir,2025-10-27T05:07:53-07:00,25.1003.06,app_store_reviews_complete.csv,af,0.5,False,original,147
excellent,5.0,Santhan29,2025-10-26T23:57:46-07:00,25.1003.06,app_store_reviews_complete.csv,ca,1.0,False,original,148
"since last night phonepe is crashing whenever i load the application. tried updating as well, still it is crashing. please do something asap",1.0,JonesSelvabalan,2025-10-26T23:40:51-07:00,25.1003.06,app_store_reviews_complete.csv,en,0.0,False,original,149
don't buy gold from this app useless app ever for buying digital gold,1.0,Akash vaani,2025-10-26T21:37:23-07:00,25.1003.06,app_store_reviews_complete.csv,en,-0.25,False,original,150
good,5.0,Moharman arman,2025-10-26T21:24:53-07:00,25.1003.06,app_store_reviews_complete.csv,so,0.7,False,original,151
acha bhai he,5.0,I’m lulling,2025-10-26T08:20:16-07:00,25.1003.06,app_store_reviews_complete.csv,cy,0.0,False,original,152
aadii,5.0,Aadii Aadil,2025-10-25T23:59:20-07:00,25.1003.06,app_store_reviews_complete.csv,so,0.0,False,original,153
one star,1.0,Mr Jamna persad,2025-10-25T23:41:25-07:00,25.1003.06,app_store_reviews_complete.csv,it,0.0,False,original,154
and my favourite app,5.0,Rt@156,2025-10-25T21:11:08-07:00,25.1003.06,app_store_reviews_complete.csv,en,0.0,False,original,155
all rounder great service,5.0,Mr.Gpreet,2025-10-25T18:22:06-07:00,25.1003.06,app_store_reviews_complete.csv,en,0.8,False,original,156
quick and easy service,5.0,Shaan C Lad,2025-10-25T03:19:55-07:00,25.1003.06,app_store_reviews_complete.csv,en,0.3833333333333333,False,original,157
"bad notification, phonepe app",1.0,214anup,2025-10-25T02:37:58-07:00,25.1003.06,app_store_reviews_complete.csv,en,-0.6999999999999998,False,original,158
this app is a fraud app. never work as per the offers and terms and conditions. and most importantly pathetic customer support.,1.0,Show my Feedback,2025-10-24T22:16:09-07:00,25.1003.06,app_store_reviews_complete.csv,en,-0.1333333333333333,False,original,159
this app is so good,5.0,Tojinder Rathour,2025-10-24T20:54:02-07:00,25.1003.06,app_store_reviews_complete.csv,en,0.7,False,original,160
best payment apps,5.0,Deepaksing,2025-10-24T19:50:50-07:00,25.1003.06,app_store_reviews_complete.csv,fr,1.0,False,original,161
give me cash back,5.0,sunnYY SAAB,2025-10-24T10:24:08-07:00,25.1003.06,app_store_reviews_complete.csv,en,0.0,False,original,162
good,5.0,زبير جمال,2025-10-24T08:56:27-07:00,25.1003.06,app_store_reviews_complete.csv,so,0.7,False,original,163
it's famous on there tasty charts and love too eat there only not others,5.0,Bhai mera,2025-10-24T08:46:43-07:00,25.1003.06,app_store_reviews_complete.csv,en,0.3333333333333333,False,original,164
error occurred while open application,1.0,I lv me,2025-10-24T05:07:13-07:00,25.1003.06,app_store_reviews_complete.csv,en,0.0,False,original,165
automatically closing app,1.0,Sumitmndl,2025-10-24T04:14:18-07:00,25.1003.06,app_store_reviews_complete.csv,en,0.0,False,original,166
"i started using phonepe after reading that it has a good cashback reward scheme. the app is usually snappy. however, after making several payments (credit card bill, electricity bill), i find there is no consistency - it seems to be a lottery. after complaining, i'm now getting silent calls (they call & say nothing, or put me on hold - i waited upto 10minutes - then they post a response about being cut off) from their support team. time to move on, i think.",2.0,bhjtb,2025-10-24T01:18:07-07:00,25.1003.06,app_store_reviews_complete.csv,en,0.1124999999999999,False,original,167
excellent services,5.0,Junnuritik,2025-10-24T00:15:27-07:00,25.1003.06,app_store_reviews_complete.csv,fr,1.0,False,original,168
my phone pe app suddenly stopped working and repeated attempts to reinstall not successful.tried contacting customer care but no one to respond except prerecorded ivr.i have some funds blocked in phone pe lite don't know how to retrieve them.better not to use this app.very irresponsible attitude,1.0,Srinivas gastro,2025-10-23T19:03:07-07:00,25.1003.06,app_store_reviews_complete.csv,en,0.0,False,original,169
apple lover,5.0,Gurzar is great,2025-10-23T09:53:44-07:00,25.1003.06,app_store_reviews_complete.csv,fr,0.0,False,original,170
perfect invention nice,5.0,Smile Suri,2025-10-23T07:42:50-07:00,25.1003.06,app_store_reviews_complete.csv,en,0.8,False,original,171
processing time is more,1.0,Kesavkt,2025-10-23T04:53:42-07:00,25.1003.06,app_store_reviews_complete.csv,en,0.5,False,original,172
i hate ads,3.0,Rahil Alvi,2025-10-23T04:48:54-07:00,25.1003.06,app_store_reviews_complete.csv,da,-0.8,False,original,173
i'm facing a problem tegarding login from yesterday. the app interface keeps loading and not processing anything! please fix it asap.,5.0,duttasayan,2025-10-23T03:38:31-07:00,25.1003.06,app_store_reviews_complete.csv,en,0.0,False,original,174
after changing phone it take only minute to activate phonepe account. whether gpay takes more than two days.,5.0,Vicky@2228,2025-10-23T02:55:57-07:00,25.1003.06,app_store_reviews_complete.csv,en,0.25,False,original,175
ticket raised three days ago but not get any resolution yet,1.0,Yadav 12,2025-10-22T21:31:10-07:00,25.1003.00,app_store_reviews_complete.csv,en,0.0,False,original,176
average or good,1.0,Gjsjskknebee,2025-10-22T12:49:17-07:00,25.1003.00,app_store_reviews_complete.csv,no,0.2749999999999999,False,original,177
raza,5.0,Touqer raza,2025-10-22T09:25:11-07:00,25.1003.00,app_store_reviews_complete.csv,hr,0.0,False,original,178
new phone pe,5.0,Avesh khan 1313,2025-10-22T04:18:51-07:00,25.1003.00,app_store_reviews_complete.csv,en,0.1363636363636363,False,original,179
i use phone pe using my dubai phone number and nri bank account. this feature is not available in gpay yet.,5.0,DrPraveenP,2025-10-22T02:54:34-07:00,25.1003.00,app_store_reviews_complete.csv,en,-0.2,False,original,180
"please don't buy insurance through phonepe. i renewed my star health policy 2 weeks ago through their platform — money deducted instantly, but the policy still not renewed. every two days, their team asks for ""two more days"" to fix it. it's been two week of the same excuse. at this point, i don't even have active insurance, and their customer care seems completely clueless no matter how many times i explain the issue. i guess the only thing that works fast at phonepe is their payment gateway — everything else is a black hole.",1.0,Ente reviews,2025-10-22T00:21:42-07:00,25.1003.00,app_store_reviews_complete.csv,en,0.095,False,original,181
very good,5.0,A C Reddy,2025-10-21T23:39:43-07:00,25.1003.00,app_store_reviews_complete.csv,af,0.91,False,original,182
shiva,5.0,Gurrala shiva,2025-10-21T22:10:02-07:00,25.1003.00,app_store_reviews_complete.csv,sq,0.0,False,original,183
my dad has has a eye,3.0,Malikdhxhv it s,2025-10-21T04:48:42-07:00,25.1003.00,app_store_reviews_complete.csv,so,0.0,False,original,184
excellent,5.0,Darshan shaiva,2025-10-21T03:24:06-07:00,25.1003.00,app_store_reviews_complete.csv,ca,1.0,False,original,185
5stars,5.0,Vahid aslam shaikh,2025-10-20T15:21:25-07:00,25.1003.00,app_store_reviews_complete.csv,sv,0.0,False,original,186
always recharge making very easy in phone pe,5.0,Aian’s apple,2025-10-20T08:40:05-07:00,25.1003.00,app_store_reviews_complete.csv,en,0.5633333333333334,False,original,187
secure and easy payments.. very less failures,5.0,NayeemR22,2025-10-20T06:04:16-07:00,25.1003.00,app_store_reviews_complete.csv,en,0.2055555555555555,False,original,188
nice,5.0,Sayan Mandal,2025-10-20T04:02:24-07:00,25.1003.00,app_store_reviews_complete.csv,pl,0.6,False,original,189
great app for quick payments. but no rewards for big payments which is not good.,5.0,bkpand,2025-10-20T00:26:33-07:00,25.1003.00,app_store_reviews_complete.csv,en,0.1958333333333333,False,original,190
phone pay and iphone making us fool . unable to use phone pay in iphone 6 . help me,1.0,hr happy,2025-10-20T00:12:54-07:00,25.0613.05,app_store_reviews_complete.csv,en,-0.5,False,original,191
what a good performance need more cashback,5.0,Shammmas rafeeque,2025-10-19T23:53:33-07:00,25.1003.00,app_store_reviews_complete.csv,en,0.6,False,original,192
good,5.0,Zikrul alam,2025-10-19T23:16:13-07:00,25.1003.00,app_store_reviews_complete.csv,so,0.7,False,original,193
"simple use, all payments and transactions at one place, simply awesome … love you phonepe",5.0,Satya9933,2025-10-19T22:25:51-07:00,25.1003.00,app_store_reviews_complete.csv,en,0.5,False,original,194
excellent for all payment purposes,5.0,Mangal11144,2025-10-19T16:53:05-07:00,25.1003.00,app_store_reviews_complete.csv,ca,1.0,False,original,195
it's not working in my phone my phone i phone 12 it's not downloaded in this app,1.0,marvel azu,2025-10-19T14:28:14-07:00,25.1003.00,app_store_reviews_complete.csv,en,0.0,False,original,196
this is worst payment application and leave this as soon as possible.,1.0,Arunvishwakarma__,2025-10-19T12:56:49-07:00,25.1003.00,app_store_reviews_complete.csv,en,-0.5,False,original,197
very good,5.0,TOM SHIBU,2025-10-19T07:38:33-07:00,25.1003.00,app_store_reviews_complete.csv,af,0.91,False,original,198
good,4.0,Nad@223,2025-10-19T04:58:42-07:00,25.1003.00,app_store_reviews_complete.csv,so,0.7,False,original,199
great,5.0,Nadeem46,2025-10-19T01:20:29-07:00,25.1003.00,app_store_reviews_complete.csv,ro,0.8,False,original,200
good sevices,5.0,MKS@22,2025-10-19T01:08:02-07:00,25.1003.00,app_store_reviews_complete.csv,hr,0.7,False,original,201
perfect,5.0,Ashokkumar's,2025-10-18T23:53:40-07:00,25.1003.00,app_store_reviews_complete.csv,ca,1.0,False,original,202
worst upi app,1.0,Aaaaaaaaaakp,2025-10-18T23:27:33-07:00,25.1003.00,app_store_reviews_complete.csv,en,-1.0,False,original,203
"i was facing some issue while when i was open, app ui is freezing on opening",3.0,Chakri1314,2025-10-18T22:16:41-07:00,25.1003.00,app_store_reviews_complete.csv,en,0.0,False,original,204
"when comparing g pay ( at least to me) appears to be more user friendly. this may well be due to the fact i have been using g pay services for quite some time, having said so i still rate g pay lay-out's etc are superior to phonepe . #evasree#",3.0,Evasree,2025-10-18T21:23:18-07:00,25.1003.00,app_store_reviews_complete.csv,en,0.2299999999999999,False,original,205
rajpurohit,5.0,Kishanraj Balotra,2025-10-18T21:02:14-07:00,25.1003.00,app_store_reviews_complete.csv,sq,0.0,False,original,206
make a life very easy !!,5.0,shaz 😘,2025-10-18T20:32:09-07:00,25.1003.00,app_store_reviews_complete.csv,en,0.8802083333333334,False,original,207
we will not let you go down,5.0,Prakashk@king,2025-10-18T19:41:13-07:00,25.1003.00,app_store_reviews_complete.csv,pl,-0.1555555555555555,False,original,208
easy to transfer and receive money,3.0,Aryan Khan 786,2025-10-18T18:27:29-07:00,25.1003.00,app_store_reviews_complete.csv,en,0.4333333333333333,False,original,209
nice,5.0,Vkb bas,2025-10-18T09:14:56-07:00,25.1003.00,app_store_reviews_complete.csv,pl,0.6,False,original,210
good,5.0,Ujhfgghhj,2025-10-18T07:56:52-07:00,25.1003.00,app_store_reviews_complete.csv,so,0.7,False,original,211
maja aa raha hai simple easy and fast,5.0,Zaki @50,2025-10-18T06:12:37-07:00,25.1003.00,app_store_reviews_complete.csv,et,0.2111111111111111,False,original,212
super,5.0,Barad Harshad,2025-10-18T04:16:56-07:00,25.1003.00,app_store_reviews_complete.csv,ro,0.3333333333333333,False,original,213
this payment app is very grateful service i used this app last 4th year but my pay has even all payments successful !,5.0,Aksh510,2025-10-18T03:35:18-07:00,25.1003.00,app_store_reviews_complete.csv,en,0.3791666666666666,False,original,214
good luck,5.0,Bavnjibhia bariy,2025-10-18T02:12:28-07:00,25.1003.00,app_store_reviews_complete.csv,so,0.7,False,original,215
good,5.0,vaghela kiran,2025-10-17T22:05:21-07:00,25.1003.00,app_store_reviews_complete.csv,so,0.7,False,original,216
very safe and secure app. love it,5.0,Vishesh pant,2025-10-17T21:51:40-07:00,25.1003.00,app_store_reviews_complete.csv,en,0.5166666666666667,False,original,217
it's really easier to make payments,5.0,Sij1985,2025-10-17T08:52:52-07:00,25.1003.00,app_store_reviews_complete.csv,en,0.2,False,original,218
no one can accept upi credit,1.0,Sharry7777,2025-10-17T05:52:09-07:00,25.1003.00,app_store_reviews_complete.csv,it,0.0,False,original,219
outstanding,5.0,Bike service @,2025-10-17T04:50:36-07:00,25.1003.00,app_store_reviews_complete.csv,af,0.5,False,original,220
interesting,5.0,Apsra je,2025-10-17T02:59:40-07:00,25.1003.00,app_store_reviews_complete.csv,en,0.5,False,original,221
nice app,5.0,Hemanth11,2025-10-16T22:44:51-07:00,25.0919.07,app_store_reviews_complete.csv,it,0.6,False,original,222
more platform fee,2.0,CCTV hi king,2025-10-16T19:40:45-07:00,25.0919.07,app_store_reviews_complete.csv,en,0.5,False,original,223
super,5.0,Madiga manohar,2025-10-16T18:55:56-07:00,25.0919.07,app_store_reviews_complete.csv,ro,0.3333333333333333,False,original,224
good,5.0,Lalmidhun k,2025-10-16T12:36:23-07:00,25.0919.07,app_store_reviews_complete.csv,so,0.7,False,original,225
not experienced any kind of trouble while using the app these days. nice ui.,5.0,Reephat D,2025-10-16T10:31:10-07:00,25.0919.07,app_store_reviews_complete.csv,en,0.1499999999999999,False,original,226
it's great,5.0,Vanshiiiiiiiiiiiiii,2025-10-16T10:02:57-07:00,25.0919.07,app_store_reviews_complete.csv,en,0.8,False,original,227
indian app,5.0,@(e54,2025-10-16T09:57:31-07:00,25.0919.07,app_store_reviews_complete.csv,it,0.0,False,original,228
very good service,5.0,Pappu Choubey,2025-10-16T05:47:59-07:00,25.0919.07,app_store_reviews_complete.csv,en,0.91,False,original,229
never ever stuck my money,5.0,ronystar13,2025-10-16T03:31:05-07:00,25.0919.07,app_store_reviews_complete.csv,no,0.0,False,original,230
effective product,4.0,Nikhillv95,2025-10-15T22:36:31-07:00,25.0919.07,app_store_reviews_complete.csv,en,0.6,False,original,231
i have stopped using this app because of so many issues,2.0,15SMS,2025-10-15T21:16:25-07:00,25.0919.07,app_store_reviews_complete.csv,en,0.5,False,original,232
best shopping app,5.0,As aman,2025-10-15T21:00:52-07:00,25.0919.07,app_store_reviews_complete.csv,en,1.0,False,original,233
good and very reliable,5.0,Fantastic and pure reliable,2025-10-15T20:31:33-07:00,25.0919.07,app_store_reviews_complete.csv,en,0.4499999999999999,False,original,234
good,5.0,Pankaj kumar good balu,2025-10-15T19:01:41-07:00,25.0919.07,app_store_reviews_complete.csv,so,0.7,False,original,235
"i love phonepe, no other upi apps can ever match the interface. best upi ever!",5.0,Xar1963,2025-10-15T14:58:45-07:00,25.0919.07,app_store_reviews_complete.csv,en,0.5208333333333334,False,original,236
best upi app good and easy to used interface,5.0,nanhansjjjs,2025-10-15T10:19:40-07:00,25.0919.07,app_store_reviews_complete.csv,en,0.7111111111111111,False,original,237
best app for payment,5.0,SAHIL MastNath,2025-10-15T08:45:46-07:00,25.0919.07,app_store_reviews_complete.csv,no,1.0,False,original,238
"i've been using this app for ages now it was all fine until. there was an issue. i have been trying to highlight this issue for over a month now. for the first one week the tickets were not being registered. then on 1st oct a ticket was created and is still under ""being processed"" status and it's 15th oct.",1.0,Diablo@1235,2025-10-15T01:31:13-07:00,25.0919.07,app_store_reviews_complete.csv,en,0.3333333333333333,False,original,239
good,5.0,Vishhahah,2025-10-14T23:30:28-07:00,25.0919.07,app_store_reviews_complete.csv,so,0.7,False,original,240
user friendly,5.0,Pikuukanam,2025-10-14T22:41:03-07:00,25.0919.07,app_store_reviews_complete.csv,da,0.375,False,original,241
i switched device and login on other device and it ask for verification and send 4 text msgs all msgs were sent but then it says technical error what a stupidity,1.0,Anonymousmshb,2025-10-14T22:06:26-07:00,25.0919.07,app_store_reviews_complete.csv,en,-0.2416666666666666,False,original,242
i don't understand the concept of sending only 5000 at a time it's really annoying please make my account working like before,1.0,Hnnzla,2025-10-14T21:57:02-07:00,25.0919.07,app_store_reviews_complete.csv,en,-0.4,False,original,243
very good i like and prefer others to use,5.0,Omshreee,2025-10-14T09:24:01-07:00,25.0919.07,app_store_reviews_complete.csv,en,0.91,False,original,244
good,5.0,Pradeep chinni,2025-10-14T08:09:20-07:00,25.0919.07,app_store_reviews_complete.csv,so,0.7,False,original,245
good,5.0,Manita manger,2025-10-14T05:03:18-07:00,25.0919.07,app_store_reviews_complete.csv,so,0.7,False,original,246
switched to it from google pay really loving the speed and glitchless payments unlike gpay where automatic payment requests took even 24 hours to show even after updating app but here withins seconds,5.0,Hemloooooooo,2025-10-14T03:00:25-07:00,25.0919.07,app_store_reviews_complete.csv,en,0.6,False,original,247
amazing,5.0,Manju m g,2025-10-13T11:17:49-07:00,25.0919.06,app_store_reviews_complete.csv,sw,0.6000000000000001,False,original,248
very nice,5.0,Nity Kishori,2025-10-13T10:13:26-07:00,25.0919.06,app_store_reviews_complete.csv,cs,0.78,False,original,249
ghatiya,1.0,Dc mehra,2025-10-13T08:45:10-07:00,25.0919.06,app_store_reviews_complete.csv,tl,0.0,False,original,250
earlier i use other upi apps like paytm but when i switch to this i never feel down by this app its gui interface and easy to use and understandable icons are good,5.0,Aryan chahar,2025-10-13T07:13:52-07:00,25.0919.06,app_store_reviews_complete.csv,en,0.1705555555555555,False,original,251
very good,4.0,pqkdkjdhdujxjdjsoaia,2025-10-13T02:21:15-07:00,25.0919.06,app_store_reviews_complete.csv,af,0.91,False,original,252
good,5.0,GP1750,2025-10-12T23:23:15-07:00,25.0919.06,app_store_reviews_complete.csv,so,0.7,False,original,253
good,5.0,gssony,2025-10-12T22:40:21-07:00,25.0919.06,app_store_reviews_complete.csv,so,0.7,False,original,254
"pls help to correct the fault, want to scan through back camera only, not finding any way to register complain",1.0,Awwshish,2025-10-12T21:35:59-07:00,25.0919.06,app_store_reviews_complete.csv,en,0.0,False,original,255
excellent,5.0,Naveen nannu,2025-10-12T19:53:33-07:00,25.0919.06,app_store_reviews_complete.csv,ca,1.0,False,original,256
5 star friend,5.0,Sona Dhaliwal,2025-10-12T16:12:51-07:00,25.0919.06,app_store_reviews_complete.csv,sv,0.0,False,original,257
phonepe,5.0,Rokhda💲,2025-10-12T12:56:35-07:00,25.0919.06,app_store_reviews_complete.csv,en,0.0,False,original,258
"is it common with everyone who is using older version of ios (15 or earlier) has to reinstall the app each time you make a payment. for me, once reinstalled the app works fine for multiple payments in one go, but once i close the app, the only way to make it work is to reinstall it. requesting phone pe team to visit this issue.",3.0,Vips201983,2025-10-12T07:28:26-07:00,25.0919.06,app_store_reviews_complete.csv,en,0.0472222222222222,False,original,259
i enjoyed to pay money in paytm its easy to pay the upi,5.0,Sweetyrizu186,2025-10-12T02:07:25-07:00,25.0919.06,app_store_reviews_complete.csv,en,0.4666666666666667,False,original,260
9999,5.0,Samadhan bodkhe,2025-10-11T22:13:12-07:00,25.0919.06,app_store_reviews_complete.csv,unknown,0.0,False,original,261
very good idea,5.0,avtar brar pola,2025-10-11T21:54:58-07:00,25.0919.06,app_store_reviews_complete.csv,af,0.91,False,original,262
tmkc,1.0,harshit7711,2025-10-11T09:30:33-07:00,25.0919.06,app_store_reviews_complete.csv,sl,0.0,False,original,263
bad costumer service,1.0,Jahew,2025-10-11T05:39:53-07:00,25.0919.06,app_store_reviews_complete.csv,es,-0.6999999999999998,False,original,264
good service,5.0,Ketan chhatrola,2025-10-11T01:40:20-07:00,25.0919.06,app_store_reviews_complete.csv,hr,0.7,False,original,265
flawless upi system,5.0,Krishan Kr,2025-10-10T21:11:54-07:00,25.0919.06,app_store_reviews_complete.csv,sv,1.0,False,original,266
recharge,5.0,Tata recharge,2025-10-10T18:40:46-07:00,25.0919.06,app_store_reviews_complete.csv,en,0.0,False,original,267
"there is a white screen coming when i try to open phonepe app, please fix this issue",3.0,maddystarpro,2025-10-10T12:02:02-07:00,25.0613.05,app_store_reviews_complete.csv,en,0.0,False,original,268
worrst app ever used in my life uninstalled right now,1.0,vishesh1213,2025-10-10T10:14:03-07:00,25.0919.06,app_store_reviews_complete.csv,en,0.2857142857142857,False,original,269
waste adds,5.0,sgsankar,2025-10-10T08:35:22-07:00,25.0919.06,app_store_reviews_complete.csv,af,-0.2,False,original,270
not useful for low network areas and transaction faliure problems are more,1.0,Prasanna chowdary,2025-10-10T07:37:22-07:00,25.0919.06,app_store_reviews_complete.csv,en,0.1166666666666666,False,original,271
better,5.0,Bheemanath,2025-10-10T07:37:19-07:00,25.0919.06,app_store_reviews_complete.csv,no,0.5,False,original,272
nice and safe aap.,5.0,bhupinderminhas,2025-10-10T07:14:12-07:00,25.0919.06,app_store_reviews_complete.csv,en,0.55,False,original,273
perfect,5.0,𝕤𝕒𝕘𝕒𝕣,2025-10-10T05:53:24-07:00,25.0919.06,app_store_reviews_complete.csv,ca,1.0,False,original,274
please help to log in phone pay. i m trying so many time but not open,1.0,*PARV*,2025-10-10T02:27:46-07:00,25.0919.06,app_store_reviews_complete.csv,en,0.25,False,original,275
very useful,5.0,D Sankar,2025-10-10T00:33:48-07:00,25.0919.06,app_store_reviews_complete.csv,en,0.39,False,original,276
great app lots of cosmetic items,5.0,Ashifn,2025-10-09T23:13:12-07:00,25.0919.06,app_store_reviews_complete.csv,en,0.8,False,original,277
"i made a payment, but it showed as ""processing"" and the amount was deducted. so, i made the payment again using another account. after two to three days, the earlier ""processing"" transaction was also marked as successful. i'm not sure what to do now, as there's no proper help option available for this issue.",1.0,Failedtransaction,2025-10-09T09:03:21-07:00,25.0919.06,app_store_reviews_complete.csv,en,0.1666666666666666,False,original,278
awesome,5.0,Mustafa patve,2025-10-09T08:55:38-07:00,25.0919.06,app_store_reviews_complete.csv,af,1.0,False,original,279
great app,5.0,Montypks,2025-10-09T07:58:22-07:00,25.0919.06,app_store_reviews_complete.csv,en,0.8,False,original,280
after using all came to this only,5.0,Balram308,2025-10-09T06:05:24-07:00,25.0919.06,app_store_reviews_complete.csv,en,0.0,False,original,281
mahabad,5.0,મારુતિ ડીજે,2025-10-09T05:26:02-07:00,25.0919.06,app_store_reviews_complete.csv,so,0.0,False,original,282
good saving,5.0,Prabh dang,2025-10-09T04:40:03-07:00,25.0919.06,app_store_reviews_complete.csv,hr,0.7,False,original,283
love it,5.0,TUSH7272,2025-10-09T03:20:09-07:00,25.0919.06,app_store_reviews_complete.csv,sl,0.5,False,original,284
great,5.0,Abhu panda,2025-10-09T01:43:17-07:00,25.0919.06,app_store_reviews_complete.csv,ro,0.8,False,original,285
excellent system!,5.0,Arjan M’Ratta!,2025-10-09T00:40:35-07:00,25.0919.06,app_store_reviews_complete.csv,fr,1.0,False,original,286
"please let us add caption in each payment. when we are tracking the monthly expenses we see random merchant names or just amazon, flipkart etc. it's a headache to track our expenditure. please give a caption option for each payment that also appears in the history.",3.0,MeticulouslyYours,2025-10-08T23:43:12-07:00,25.0919.06,app_store_reviews_complete.csv,en,-0.5,False,original,287
there are good number of store using pgonepe and one f the flexible payment options.,5.0,Go-pee,2025-10-08T21:35:03-07:00,25.0919.06,app_store_reviews_complete.csv,en,0.7,False,original,288
super,5.0,Akhta..3002,2025-10-08T17:39:34-07:00,25.0919.06,app_store_reviews_complete.csv,ro,0.3333333333333333,False,original,289
new update is excellent,5.0,Iambornfire,2025-10-08T17:14:51-07:00,25.0919.06,app_store_reviews_complete.csv,en,0.5681818181818181,False,original,290
good,5.0,Akki#,2025-10-08T04:38:17-07:00,25.0919.06,app_store_reviews_complete.csv,so,0.7,False,original,291
phone pay is not proper work when i opened my phone pay than show white screen,1.0,GURUX__0001,2025-10-08T04:09:47-07:00,25.0613.05,app_store_reviews_complete.csv,en,0.0,False,original,292
must,5.0,bechan ji,2025-10-08T01:01:03-07:00,25.0919.06,app_store_reviews_complete.csv,et,0.0,False,original,293
i had ordered to deliver my gold in physical but order is showing in progress from 5 days of placing order. no direct contact number to reach out. poor support.,1.0,Utkarsh111,2025-10-08T00:04:01-07:00,25.0919.06,app_store_reviews_complete.csv,en,-0.15,False,original,294
very convenient and reliable apps for new users as well as experience,5.0,Dhanpat agrawal,2025-10-07T21:51:23-07:00,25.0919.06,app_store_reviews_complete.csv,en,0.1681818181818181,False,original,295
best upi app forever,5.0,Kailash 007,2025-10-07T19:15:12-07:00,25.0905.05,app_store_reviews_complete.csv,no,1.0,False,original,296
very bad experience with phonepe. our account was deleted without any prior notice or information. this sudden action has completely stopped our transactions and caused serious inconvenience to our business. extremely disappointed with the lack of communication and accountability. urgent action is needed to resolve this issue.,1.0,Prince P J Singh,2025-10-07T08:42:13-07:00,25.0905.05,app_store_reviews_complete.csv,en,-0.2116666666666666,False,original,297
too fast,5.0,Malik S K,2025-10-07T08:14:43-07:00,25.0905.05,app_store_reviews_complete.csv,en,0.2,False,original,298
for any enquiry or escalation only ive available,1.0,Ranjeet Kumar Sharma,2025-10-07T00:35:17-07:00,25.0905.05,app_store_reviews_complete.csv,en,0.2,False,original,299
not able to transfer more than 5 k,1.0,MSridevixyz,2025-10-06T23:01:23-07:00,25.0905.05,app_store_reviews_complete.csv,en,0.125,False,original,300
good,5.0,fayazshaik,2025-10-06T22:43:14-07:00,25.0905.05,app_store_reviews_complete.csv,so,0.7,False,original,301
very easy to use,5.0,Appie_82,2025-10-06T07:43:01-07:00,25.0905.05,app_store_reviews_complete.csv,en,0.5633333333333334,False,original,302
nice payments,5.0,Avinashpandu,2025-10-06T07:34:12-07:00,25.0905.05,app_store_reviews_complete.csv,fr,0.6,False,original,303
phone pay used my privacy without my permission and paid 1019 rupees to google pay,1.0,Kb Ansari,2025-10-06T04:26:24-07:00,25.0905.05,app_store_reviews_complete.csv,en,0.0,False,original,304
app not working properly on iphone 7 plus,1.0,Veeraswamy gouda141,2025-10-06T04:23:57-07:00,25.0613.05,app_store_reviews_complete.csv,en,0.0,False,original,305
very slow and poor functioning app,1.0,Shank2198,2025-10-05T23:55:38-07:00,25.0905.05,app_store_reviews_complete.csv,en,-0.395,False,original,306
1177,5.0,gcigit,2025-10-05T23:10:55-07:00,25.0905.05,app_store_reviews_complete.csv,unknown,0.0,False,original,307
good forfarance,5.0,Swamy pbn,2025-10-05T22:08:58-07:00,25.0905.05,app_store_reviews_complete.csv,cy,0.7,False,original,308
ezi h good like this app,5.0,Alisha mokhtar,2025-10-05T21:05:02-07:00,25.0905.05,app_store_reviews_complete.csv,nl,0.7,False,original,309
secure payment all types,5.0,Prakashsingh Chouhan,2025-10-05T20:09:06-07:00,25.0905.05,app_store_reviews_complete.csv,en,0.4,False,original,310
very fast operating these days keep it up,5.0,paras somaiya,2025-10-05T19:48:20-07:00,25.0905.05,app_store_reviews_complete.csv,en,0.26,False,original,311
best,5.0,Pankaj Kumar Mehta,2025-10-05T19:07:00-07:00,25.0905.05,app_store_reviews_complete.csv,af,1.0,False,original,312
by far the most easiest & comfortable user experience upi app,5.0,Patsav Academy,2025-10-05T11:16:23-07:00,25.0905.05,app_store_reviews_complete.csv,en,0.3333333333333333,False,original,313
great app,4.0,Dinesh fc,2025-10-05T10:05:57-07:00,25.0905.05,app_store_reviews_complete.csv,en,0.8,False,original,314
worst,1.0,Dangi619,2025-10-05T07:38:27-07:00,25.0905.05,app_store_reviews_complete.csv,af,-1.0,False,original,315
it's simply awesome,5.0,tammup,2025-10-05T06:47:16-07:00,25.0905.05,app_store_reviews_complete.csv,en,1.0,False,original,316
very useful app for smooth transition,5.0,Gaurav-9764,2025-10-05T01:22:19-07:00,25.0905.05,app_store_reviews_complete.csv,en,0.395,False,original,317
such a pathetic application. i had a worst experience with phonepe. i used to be a regular phonepe user and then i changed my phone and purchased a new phone and since then i am not able to use phone pe at all. it's giving me error and not even letting me add my bank accounts. i contacted their support and they are such useless people!!!! no resolution no response and they closed my ticket. so yes google pay is much better option and i am switching to that permanently,1.0,riyalaha,2025-10-05T00:45:12-07:00,25.0905.05,app_store_reviews_complete.csv,en,-0.2713636363636363,False,original,318
"there're issues with gold autopay in my ios device. i am not able to see full history of autopay transactions. i could only see few of them. also on autopay history page, the transaction date time doesn't match with the ones that is on invoice. please fix this asap. as it's very much difficult to know when i did the actual transaction ‍‍",3.0,pybeast,2025-10-04T22:18:14-07:00,25.0905.05,app_store_reviews_complete.csv,en,-0.1,False,original,319
your stupidity to set app as default uninstalling app never install again,1.0,Sachin sac sac,2025-10-04T11:26:35-07:00,25.0905.05,app_store_reviews_complete.csv,en,-0.6,False,original,320
please don't load wallet here. they will never give you the option for payment through wallet. also u can't load upi lite through wallet. beggars,2.0,Shailru,2025-10-04T09:12:27-07:00,25.0905.05,app_store_reviews_complete.csv,en,0.0,False,original,321
very good,5.0,Ankushrao,2025-10-04T07:35:37-07:00,25.0905.05,app_store_reviews_complete.csv,af,0.91,False,original,322
"dear developers, the phonepe app always works smother and better but the important feature missing is there should be option to clear chat or delete chat. at least clearing messages or deleting messages should be added in the future. if transactions are not able to delete that's fine but chat messages should be given option to clear those.",3.0,RahulRGowda,2025-10-04T06:57:00-07:00,25.0905.05,app_store_reviews_complete.csv,en,0.0851851851851851,False,original,323
good,5.0,Sahil1171,2025-10-04T06:37:10-07:00,25.0905.05,app_store_reviews_complete.csv,so,0.7,False,original,324
working well,5.0,Prusty Kailash,2025-10-04T04:24:21-07:00,25.0905.05,app_store_reviews_complete.csv,af,0.0,False,original,325
very very fast,5.0,ankit.timbadia,2025-10-04T01:07:24-07:00,25.0905.05,app_store_reviews_complete.csv,en,0.26,False,original,326
after scanning any qr and selecting bank account to proceed the page stucks at loading section same issue with upi request,1.0,rahulzuse,2025-10-04T00:29:05-07:00,25.0905.05,app_store_reviews_complete.csv,en,0.0,False,original,327
remove adds,5.0,dr.rahul0987,2025-10-03T20:33:55-07:00,25.0905.05,app_store_reviews_complete.csv,sl,0.0,False,original,328
it's been more than 70 hours but still i can't make payments in my new iphone and not able to connect to customer care,1.0,Reddy-666,2025-10-03T12:45:11-07:00,25.0905.05,app_store_reviews_complete.csv,en,0.1287878787878787,False,original,329
this is a beautifully designed app,5.0,Tonhi11,2025-10-03T09:36:32-07:00,25.0905.05,app_store_reviews_complete.csv,en,0.85,False,original,330
"my account keeps getting logged out and does not login now. worst payment app. says kyc pending, what kyc man? i am using other payment apps, and also i have done this once now happened again twice in a week. now when i click contact support, error 404 not found. deleting this app for ever.",1.0,Satwik sinha,2025-10-03T00:52:32-07:00,25.0905.05,app_store_reviews_complete.csv,en,-0.5625,False,original,331
very good,5.0,dpshori,2025-10-02T21:37:05-07:00,25.0905.05,app_store_reviews_complete.csv,af,0.91,False,original,332
good,5.0,Pedestal ku,2025-10-02T21:13:23-07:00,25.0905.05,app_store_reviews_complete.csv,so,0.7,False,original,333
very good,5.0,LokeshRaghav,2025-10-02T21:09:45-07:00,25.0905.05,app_store_reviews_complete.csv,af,0.91,False,original,334
"no glitches, no errors, no worries",5.0,Chetan_Bandge,2025-10-02T20:51:39-07:00,25.0905.05,app_store_reviews_complete.csv,en,0.0,False,original,335
hassle free transfer,5.0,Varma Rajesh,2025-10-02T11:57:14-07:00,25.0905.05,app_store_reviews_complete.csv,no,0.4,False,original,336
"i want to highlight the bug, i have added qr scanner widget on my ios device's lockscreen. it doesn't open the camera ui, instead it get stuck at white background . pls rectify thisissue",1.0,NoSupport001,2025-10-02T11:09:42-07:00,25.0905.05,app_store_reviews_complete.csv,en,0.0,False,original,337
very slow,5.0,drshivchoudhary,2025-10-02T08:51:09-07:00,25.0905.05,app_store_reviews_complete.csv,cs,-0.39,False,original,338
super app,5.0,RatnaPaul,2025-10-02T08:02:19-07:00,25.0905.05,app_store_reviews_complete.csv,fr,0.3333333333333333,False,original,339
phone pe very good,5.0,Lakshya Sahu,2025-10-02T07:26:44-07:00,25.0905.05,app_store_reviews_complete.csv,en,0.91,False,original,340
fooling customers by using dark patterns to generate revenue,1.0,Damnmakethisoptional,2025-10-02T07:26:00-07:00,25.0905.05,app_store_reviews_complete.csv,en,-0.15,False,original,341
liked it for upi transactions,5.0,Mayur_marq,2025-10-02T06:43:29-07:00,25.0905.05,app_store_reviews_complete.csv,en,0.6,False,original,342
after a phone reset my phonepe is not working and i am not able to pause / delete my autopay. because of this i am losing money every week. their customer care is hopeless. they have no clue change resolution date one after another that's what they do.,1.0,Chith k,2025-10-02T01:23:44-07:00,25.0905.05,app_store_reviews_complete.csv,en,-0.25,False,original,343
"not able to see the option to turn off notifications related to promotions, i don't see any option to stop notifications what the hell is wrong with this app ?",1.0,Wisestfly1192,2025-10-02T00:41:59-07:00,25.0905.05,app_store_reviews_complete.csv,en,-0.25,False,original,344
after i have scan a qr code information not fast loading,3.0,QR code scan problem,2025-10-01T08:20:56-07:00,25.0905.05,app_store_reviews_complete.csv,en,-0.1,False,original,345
awesome and good service,5.0,Adv Tanmay,2025-10-01T07:49:06-07:00,25.0905.05,app_store_reviews_complete.csv,en,0.85,False,original,346
gold savings and balance check window is not loading at all started facing these issue since oct 1st 2026,3.0,Ashu Sonone,2025-10-01T05:12:26-07:00,25.0905.05,app_store_reviews_complete.csv,en,0.0,False,original,347
goood,5.0,Shabu fatha,2025-10-01T00:27:21-07:00,25.0905.05,app_store_reviews_complete.csv,so,0.0,False,original,348
world best app good working,5.0,JAGDISHSINH VAGHELA,2025-09-30T22:22:33-07:00,25.0905.05,app_store_reviews_complete.csv,af,0.85,False,original,349
u r taking too much charges,1.0,srk0425,2025-09-30T22:15:02-07:00,25.0905.05,app_store_reviews_complete.csv,en,0.2,False,original,350
very safe and secure app,5.0,Phone Pay App,2025-09-30T19:19:18-07:00,25.0905.05,app_store_reviews_complete.csv,en,0.525,False,original,351
"pohnpei is the largest online payment app in india, but it has lots up accessibility issues such as unlevel buttons and label graphics. bottom of the menus are not labeled so kindly make it accessible for voiceover users.",1.0,Tikaram mahto,2025-09-30T18:35:35-07:00,25.0905.05,app_store_reviews_complete.csv,en,0.325,False,original,352
best app for upi,5.0,Usman choksi,2025-09-30T11:14:38-07:00,25.0905.05,app_store_reviews_complete.csv,no,1.0,False,original,353
"""the phonepe app is excellent, but it would be even better if a voice alert feature for receiving money was available for regular users, similar to what merchants have. this would enhance convenience and ensure users don't miss any transactions.""",5.0,Shanteshwar,2025-09-30T10:55:44-07:00,25.0905.05,app_store_reviews_complete.csv,en,0.38,False,original,354
when i check my balance it always showing 10k additional balance !,3.0,Ranjith ppm,2025-09-30T09:33:48-07:00,25.0905.05,app_store_reviews_complete.csv,en,0.0,False,original,355
good service,5.0,kiran j patel,2025-09-30T05:33:47-07:00,25.0905.05,app_store_reviews_complete.csv,hr,0.7,False,original,356
good fast accurate easy to send and receive money,5.0,Nothing less,2025-09-30T04:46:26-07:00,25.0905.05,app_store_reviews_complete.csv,en,0.4333333333333333,False,original,357
from last month i'm not able to make any type of upi payment it's saying that on the time of verification of device it displays update your device to ios 17. from last 2.5 years i'm using phonepe but at that time there were no issue but now i'm not able to use the upi payment can you help me out with it.,2.0,Karthik .M.K,2025-09-30T03:45:26-07:00,25.0905.05,app_store_reviews_complete.csv,en,-0.125,False,original,358
good work,5.0,Zhatur pakshi,2025-09-30T03:33:58-07:00,25.0905.05,app_store_reviews_complete.csv,af,0.7,False,original,359
not connecting,3.0,sandesh adhav,2025-09-30T02:44:11-07:00,25.0905.05,app_store_reviews_complete.csv,fr,0.0,False,original,360
good,5.0,Divyesh y,2025-09-30T02:12:13-07:00,25.0905.05,app_store_reviews_complete.csv,so,0.7,False,original,361
unable to receive otp,2.0,चमेली,2025-09-30T01:11:47-07:00,25.0905.05,app_store_reviews_complete.csv,es,-0.5,False,original,362
working very nice,5.0,Advocate tyagi ji,2025-09-30T00:40:48-07:00,25.0905.05,app_store_reviews_complete.csv,af,0.78,False,original,363
good,5.0,uma chintala,2025-09-29T20:43:38-07:00,25.0905.05,app_store_reviews_complete.csv,so,0.7,False,original,364
very,5.0,V3_store_,2025-09-29T18:34:25-07:00,25.0905.05,app_store_reviews_complete.csv,af,0.2,False,original,365
amazing,5.0,Abhi0492,2025-09-29T18:32:20-07:00,25.0905.05,app_store_reviews_complete.csv,sw,0.6000000000000001,False,original,366
from august i can't reset my account pin . otp sent to my number but when i put otp in the application show incorrect. i write complaint in bank but not resolved this . facing to much issue pls help,1.0,Sarpanchsiya,2025-09-29T11:20:45-07:00,25.0905.05,app_store_reviews_complete.csv,en,-0.0499999999999999,False,original,367
please add rent payment,5.0,saisweety,2025-09-29T10:17:09-07:00,25.0905.05,app_store_reviews_complete.csv,en,0.0,False,original,368
worst experience. autopay's are unable to delete.,1.0,Jetesh Moudgil,2025-09-29T09:36:57-07:00,25.0905.05,app_store_reviews_complete.csv,en,-0.75,False,original,369
dont add text or links while sharing payment receipts,1.0,awesomeasad07,2025-09-29T08:58:59-07:00,25.0905.05,app_store_reviews_complete.csv,en,0.0,False,original,370
there is no any benefit from phone pay i use to do minimum 10 to 12 transaction from pp app,1.0,Vasudendra,2025-09-29T08:37:37-07:00,25.0905.05,app_store_reviews_complete.csv,en,0.0,False,original,371
self transfer is taking more time to credit it's debit on time and to credit to another account it's taking more time so so if you need to do urgent transfer then i should not suggest.,1.0,Mihir Oza,2025-09-29T05:50:40-07:00,25.0905.05,app_store_reviews_complete.csv,en,0.5,False,original,372
fully developed app,5.0,Sudha1967,2025-09-29T02:57:13-07:00,25.0905.05,app_store_reviews_complete.csv,en,0.1,False,original,373
awesome,5.0,rajesh cherry,2025-09-28T12:43:33-07:00,25.0905.05,app_store_reviews_complete.csv,af,1.0,False,original,374
it's very bad to give permission for auto pay it's our choise,1.0,haroon19k,2025-09-28T11:39:09-07:00,25.0905.05,app_store_reviews_complete.csv,en,-0.9099999999999998,False,original,375
after update phonepe is still slow in update the transfers,2.0,Bharath 88,2025-09-28T09:19:33-07:00,25.0905.05,app_store_reviews_complete.csv,en,-0.3,False,original,376
"after 23 days with 5 resolution date extension, phonepe is denying eligible offer benefits. this is even sharing offer screenshots received via push notifications and inapp communication. highly uneithical malpractices.",1.0,Dpb700,2025-09-28T03:16:04-07:00,25.0905.05,app_store_reviews_complete.csv,en,0.16,False,original,377
exallent,5.0,Babu@@,2025-09-28T00:54:12-07:00,25.0905.05,app_store_reviews_complete.csv,ca,0.0,False,original,378
we lost so much cause of no proper msg and calls from receivers bank cause once we send the money but it showing transaction pending for us as receivers received the money but they say it will reflect to your bank again we will paying cause off the bank issues the receivers bank is getting double payments like this we lost so much money,5.0,Aandal✌️,2025-09-28T00:35:10-07:00,25.0905.05,app_store_reviews_complete.csv,en,0.1,False,original,379
please make suitable adjustments so that app can be supported on ios earlier than 16,1.0,abhisura,2025-09-27T03:34:31-07:00,25.0613.05,app_store_reviews_complete.csv,en,0.275,False,original,380
good worker,5.0,Nabu Thakur,2025-09-27T03:18:36-07:00,25.0905.05,app_store_reviews_complete.csv,af,0.7,False,original,381
"too much advertisements and unwanted notifications. i have to black all notifications, because of this.",2.0,Suma Bennur,2025-09-27T00:12:15-07:00,25.0905.05,app_store_reviews_complete.csv,en,0.0166666666666666,False,original,382
india leading the world through phonepay. lightning fast transactions in a simple way . power of upi,5.0,kotipalli sudhirkumar,2025-09-26T08:30:43-07:00,25.0905.05,app_store_reviews_complete.csv,en,0.1,False,original,383
excellent,5.0,Kanchan Sriram,2025-09-26T07:37:54-07:00,25.0905.05,app_store_reviews_complete.csv,ca,1.0,False,original,384
"phonepe applies very high charges for mobile recharges, especially when using a credit card.",1.0,Akhilesh VV,2025-09-26T06:42:15-07:00,25.0905.05,app_store_reviews_complete.csv,en,0.104,False,original,385
"not happy with the current payment method, earlier payment method was good. i was able to use cards or rupay upi",1.0,Shantharaju D,2025-09-26T04:18:23-07:00,25.0905.05,app_store_reviews_complete.csv,en,0.1599999999999999,False,original,386
how can you not support a csv statement download? such an inconvenience for users. only pdf statements are available.,1.0,Prajwal Suhas P,2025-09-26T00:09:05-07:00,25.0905.05,app_store_reviews_complete.csv,en,0.1333333333333333,False,original,387
"good app for transaction, i using since 2018 .",5.0,Bhusshann,2025-09-25T23:15:31-07:00,25.0905.05,app_store_reviews_complete.csv,en,0.7,False,original,388
good,5.0,Sunil sethy,2025-09-25T23:08:31-07:00,25.0905.05,app_store_reviews_complete.csv,so,0.7,False,original,389
i have enter the correct password but upi pin in incorrected what i am do and whom i contact them,1.0,Eat-healthy,2025-09-25T21:00:09-07:00,25.0905.05,app_store_reviews_complete.csv,en,0.0,False,original,390
mere paise kat gaye auto pay ho gaye ab paise kon meri mehnat ki kamai thi phone pay ka jo bi malik ha mere 500 rupay de dena bs,1.0,Raghuwan,2025-09-25T11:32:25-07:00,25.0905.05,app_store_reviews_complete.csv,id,-0.5,False,original,391
rent payment remove,1.0,sabir 007,2025-09-25T09:45:41-07:00,25.0905.05,app_store_reviews_complete.csv,fr,0.0,False,original,392
i always use this app,5.0,Shergill8822,2025-09-25T09:35:15-07:00,25.0905.05,app_store_reviews_complete.csv,en,0.0,False,original,393
very good,5.0,Richungactg,2025-09-25T08:43:55-07:00,25.0905.05,app_store_reviews_complete.csv,af,0.91,False,original,394
i have face problem with phonepe scan. open scan camera and camera automatically scan front side my face . whats the problem yaar. should be scan rear camera scanner. bug fixes and solve my problem. thanks,5.0,Ramesh Suthar Chaba,2025-09-25T08:39:54-07:00,25.0905.05,app_store_reviews_complete.csv,en,0.1,False,original,395
5 rupes extra on a transaction,1.0,Deepaklmd,2025-09-25T07:20:52-07:00,25.0905.05,app_store_reviews_complete.csv,fr,0.0,False,original,396
not supporting,1.0,10220202,2025-09-25T04:59:48-07:00,25.0905.00,app_store_reviews_complete.csv,it,-0.125,False,original,397
"i am not receiving any notifications when i receive payments on phonepe. this is a very frustrating thing, and if it's not fixed soon, i may have to switch to another app.",2.0,virusknock,2025-09-25T02:48:10-07:00,25.0905.00,app_store_reviews_complete.csv,en,-0.285,False,original,398
good service i really like it thank you,5.0,Ready bby,2025-09-25T00:39:29-07:00,25.0905.00,app_store_reviews_complete.csv,en,0.4499999999999999,False,original,399
for opening application taking too long time and money send not showing in history,1.0,Uyfurfh,2025-09-24T23:17:31-07:00,25.0905.00,app_store_reviews_complete.csv,en,-0.05,False,original,400
very good app,5.0,Mana bank,2025-09-24T23:13:24-07:00,25.0905.00,app_store_reviews_complete.csv,en,0.91,False,original,401
awesome speedy transactions,5.0,Vineethvincentk,2025-09-24T18:15:00-07:00,25.0905.00,app_store_reviews_complete.csv,en,1.0,False,original,402
super,5.0,Hungry star,2025-09-24T07:44:46-07:00,25.0905.00,app_store_reviews_complete.csv,ro,0.3333333333333333,False,original,403
bhai,1.0,Vikku Perwal,2025-09-24T07:32:41-07:00,25.0905.00,app_store_reviews_complete.csv,cy,0.0,False,original,404
best online application in world wide,5.0,Kashif khan 1,2025-09-23T21:22:11-07:00,25.0905.00,app_store_reviews_complete.csv,en,0.45,False,original,405
"phonepe app is updated and when it is installed, the app opens only for first time. once the app is closed it doesn't even respond and get open.",1.0,B#UV@N,2025-09-23T09:00:50-07:00,25.0613.05,app_store_reviews_complete.csv,en,0.0375,False,original,406
"i've been using three payment platforms, i've experienced payment processing issues due to low internet speeds in the other payment platforms. but phonepe always seems to work even in those situations too. this platform had helped me pay at important times. definitely recommend.",5.0,Ivkarthickraj,2025-09-23T06:46:44-07:00,25.0905.00,app_store_reviews_complete.csv,en,0.1583333333333333,False,original,407
phone pe app most payment fail or processing problem create,1.0,Mahjabbsjdk,2025-09-23T06:19:46-07:00,25.0905.00,app_store_reviews_complete.csv,en,0.0,False,original,408
here i'm unable to do any upi transaction on this app. i've been using this app for longer time and this is not what i was expecting from the app. raised a ticket for this but no response from tech team. seems like it's time for me to move to different upi apps.,1.0,M_Prasad,2025-09-23T01:52:19-07:00,25.0905.00,app_store_reviews_complete.csv,en,-0.25,False,original,409
problem solution very good good service,5.0,j sain,2025-09-22T23:53:38-07:00,25.0905.00,app_store_reviews_complete.csv,en,0.8049999999999999,False,original,410
good,4.0,priya sampla,2025-09-22T23:40:34-07:00,25.0905.00,app_store_reviews_complete.csv,so,0.7,False,original,411
good,5.0,Phanindra Phanindra,2025-09-22T23:28:49-07:00,25.0905.00,app_store_reviews_complete.csv,so,0.7,False,original,412
thank you phone pe and team,5.0,Khan Sahab 07,2025-09-22T22:30:36-07:00,25.0905.00,app_store_reviews_complete.csv,en,0.0,False,original,413
good,5.0,alipookodan,2025-09-22T22:29:45-07:00,25.0905.00,app_store_reviews_complete.csv,so,0.7,False,original,414
great,5.0,Great review rocks,2025-09-22T13:11:50-07:00,25.0905.00,app_store_reviews_complete.csv,ro,0.8,False,original,415
check balance option doesn't works sometime in ios,1.0,Harsh-18,2025-09-22T04:20:41-07:00,25.0905.00,app_store_reviews_complete.csv,en,0.0,False,original,416
"this app frequently fails to scan while other apps are smoothly able to scan, payment progress is tremendously slow when signal is moderate while other apps are quite the opposite even with weak signal strength",1.0,UrbanGypsy94,2025-09-22T01:34:41-07:00,25.0905.00,app_store_reviews_complete.csv,en,-0.115625,False,original,417
phone is the best app in india. it helped me out in the situation where i was stuck with google pay. really best app. loving it.,5.0,Dakshjaglan,2025-09-22T01:34:39-07:00,25.0905.00,app_store_reviews_complete.csv,en,0.8666666666666667,False,original,418
mast app,5.0,Tasleem91,2025-09-22T00:32:46-07:00,25.0905.00,app_store_reviews_complete.csv,et,0.0,False,original,419
good,5.0,Its dhamo,2025-09-21T22:44:17-07:00,25.0905.00,app_store_reviews_complete.csv,so,0.7,False,original,420
give choice to make payments autopay or not,1.0,Worse 123,2025-09-21T21:33:43-07:00,25.0905.00,app_store_reviews_complete.csv,en,0.0,False,original,421
good,5.0,Sampath Billi,2025-09-21T06:54:00-07:00,25.0905.00,app_store_reviews_complete.csv,so,0.7,False,original,422
cool,5.0,its_ipreet_twest,2025-09-21T06:01:55-07:00,25.0905.00,app_store_reviews_complete.csv,it,0.35,False,original,423
"used to fulfill needs without issues nowadays lot of unnecessary popups, advertisements and other useless things pop up. a payment app shouldn't become an app for borrowing. stop nonsense before one of the earliest customers is lost.",3.0,namindian,2025-09-21T05:01:27-07:00,25.0905.00,app_store_reviews_complete.csv,en,-0.3416666666666666,False,original,424
"dear phonepe support team, i am facing a serious issue with your app. the contact names are not displaying properly, and because of that, i ended up sending money to the wrong person who wasn't even in my contact list. i reached out to your support, but they said they can't help and that i need to contact the bank directly. this is very inconvenient, especially since other upi apps like google pay, amazon pay, and navi pay are working fine. please address this contact display problem urgently, as it's causing financial mishaps. if required, you can contact me directly at my number: 9066 344 372.",1.0,Raj Giri1,2025-09-21T00:52:44-07:00,25.0905.00,app_store_reviews_complete.csv,en,-0.1121666666666666,False,original,425
took more than 1 month to resolve query and still not resolved and deduct extra amount instead of fixed emi,1.0,ashishbansal.97,2025-09-21T00:38:24-07:00,25.0905.00,app_store_reviews_complete.csv,en,0.1999999999999999,False,original,426
even on reinstall not able to open,3.0,vvs1188,2025-09-20T22:01:44-07:00,25.0613.00,app_store_reviews_complete.csv,en,-0.125,False,original,427
waste,2.0,A nani Redyy,2025-09-20T21:12:39-07:00,25.0905.00,app_store_reviews_complete.csv,af,-0.2,False,original,428
this app is friendly n fast,5.0,Haresh S K,2025-09-20T20:02:36-07:00,25.0905.00,app_store_reviews_complete.csv,en,0.2875,False,original,429
easy transfer and secure,5.0,Niraj Kumar yadav,2025-09-20T19:37:15-07:00,25.0905.00,app_store_reviews_complete.csv,en,0.4166666666666667,False,original,430
phonepe app is not opening still showing please wait only for past two days what is the solution,1.0,Chinna0225,2025-09-20T11:39:50-07:00,25.0905.00,app_store_reviews_complete.csv,en,-0.125,False,original,431
it's simply amazing,5.0,ritikasuneja,2025-09-20T05:58:16-07:00,25.0905.00,app_store_reviews_complete.csv,en,0.6000000000000001,False,original,432
lightning stars,5.0,Shajahan pothencode,2025-09-20T05:45:27-07:00,25.0905.00,app_store_reviews_complete.csv,sv,0.0,False,original,433
payment untied,1.0,Sanwla ram,2025-09-20T05:37:35-07:00,25.0905.00,app_store_reviews_complete.csv,fr,0.0,False,original,434
new design is really worst.,1.0,Pranav Goswami,2025-09-20T04:26:28-07:00,25.0905.00,app_store_reviews_complete.csv,en,-0.4318181818181818,False,original,435
ashu,5.0,Payment by ashu,2025-09-20T03:14:16-07:00,25.0905.00,app_store_reviews_complete.csv,sq,0.0,False,original,436
"whosever idea it was to update the ui/ux, the change is pathetic. even after almost a year of the update, i'm still confused how to add another bank account, how to transfer money, how to pay my bills and the list continues. and if i'm facing this trouble and i'm just in my late 20s, image all the hard time our parents and other old timers are having navigating. the only reason i still haven't offloaded the app is cuz of the new cash back offer. once it's over, my journey with phone pe will be over as well. and i'm very sure lot of others are on the same page. good work phone pe.",1.0,Mevan_ofc,2025-09-20T01:28:09-07:00,25.0905.00,app_store_reviews_complete.csv,en,-0.0561771561771561,False,original,437
supposed i ilke,5.0,Adhigowdraaa,2025-09-19T21:49:10-07:00,25.0905.00,app_store_reviews_complete.csv,hr,0.0,False,original,438
no cashback,2.0,RahulVerma 1983,2025-09-19T19:42:34-07:00,25.0905.00,app_store_reviews_complete.csv,pt,0.0,False,original,439
i recently got a problem on home/shop rent payment option in phone pay thats i'm uninstall phone pay 3 4 times but home/shop rent option is not available in phone pay app .why are you remove home/shop rent method please resolve that query it's very serious problem for many members for phone pay app i'm already uninstall phone pay app right now . technician team please resolve fast . it's very big problem.,1.0,Tyagihhs,2025-09-19T10:03:23-07:00,25.0905.00,app_store_reviews_complete.csv,en,0.0503401360544217,False,original,440
nice,5.0,Chiranjib Dash,2025-09-19T08:17:03-07:00,25.0905.00,app_store_reviews_complete.csv,pl,0.6,False,original,441
not going upi payments,2.0,RockyAlpha,2025-09-19T07:27:39-07:00,25.0905.00,app_store_reviews_complete.csv,tl,0.0,False,original,442
gufsgjjff,5.0,Adil raja &39,2025-09-19T06:50:02-07:00,25.0905.00,app_store_reviews_complete.csv,sq,0.0,False,original,443
app blocked after years of usage. logging in option is useless and of no help. extremely user unfriendly app,1.0,shanu dev,2025-09-18T22:47:03-07:00,25.0905.00,app_store_reviews_complete.csv,en,-0.3125,False,original,444
hey ! my dear people's please do not install the your mobile phone pay is very very bad and wrost app . im not hppy and satisfaction . this is the world bad app .,1.0,Hit‘s solanki,2025-09-18T02:59:00-07:00,25.0905.00,app_store_reviews_complete.csv,en,-0.8049999999999998,False,original,445
"this app functions properly when it comes to payments. however, the absence of no options to turn off promotional notifications on my iphone screen is unprofessional and unfair.",2.0,Folmgip,2025-09-18T02:29:43-07:00,25.0905.00,app_store_reviews_complete.csv,en,-0.1708333333333333,False,original,446
its very good app easy to use,5.0,Shan@4042,2025-09-18T00:30:28-07:00,25.0905.00,app_store_reviews_complete.csv,en,0.6716666666666666,False,original,447
no offers like paytm or gpay and when i check balance shows more but actual it's less,2.0,Arvind jio,2025-09-17T18:57:40-07:00,25.0905.00,app_store_reviews_complete.csv,en,0.0708333333333333,False,original,448
unable to pay from last 2 days,3.0,Gha222455()₹,2025-09-17T15:14:16-07:00,25.0905.00,app_store_reviews_complete.csv,en,-0.25,False,original,449
mast,5.0,Ghelabhai m fangliya,2025-09-17T08:47:44-07:00,25.0905.00,app_store_reviews_complete.csv,et,0.0,False,original,450
"""something went wrong. please try again later"" i'm seeing this from 3 months. i guess, after default upi i selected as gpay. it's not good to treat like this.",1.0,am01.ammu,2025-09-17T06:02:07-07:00,25.0905.00,app_store_reviews_complete.csv,en,-0.2833333333333333,False,original,451
home and shop rent payment credit card option not available,1.0,Ss Ingale,2025-09-17T04:31:56-07:00,25.0905.00,app_store_reviews_complete.csv,en,-0.2,False,original,452
the rent payment option was very useful for me. the option is not available now. i was trying to reach customer care but no options available to contact. please add the options back.,2.0,panda0000999000,2025-09-16T23:22:09-07:00,25.0822.06,app_store_reviews_complete.csv,en,0.1475,False,original,453
such an idiots change their interface evertime and users needs to take training to find something. stop changing the interface freaking every time.,1.0,gameswagger,2025-09-16T19:55:44-07:00,25.0822.06,app_store_reviews_complete.csv,en,-0.4,False,original,454
can we have a feature like paytm wherein we can come to know in advance whether a merchant accepts credit card payments via upi?,3.0,MSCmnd,2025-09-16T07:14:16-07:00,25.0822.06,app_store_reviews_complete.csv,en,0.0,False,original,455
nothing to issue,5.0,Sharlinejoy,2025-09-15T22:43:41-07:00,25.0822.06,app_store_reviews_complete.csv,en,0.0,False,original,456
rent option is not showing to transfer my money. please help me,2.0,Tharun venkat,2025-09-15T22:39:41-07:00,25.0822.06,app_store_reviews_complete.csv,en,0.0,False,original,457
"from last two days , i am unable to do any transaction using phone pe. when i am scanning qr code , it is showing that the qr code is not identified . even i am unable to check my balances as well",1.0,Diavel_9722,2025-09-15T19:41:34-07:00,25.0822.06,app_store_reviews_complete.csv,en,-0.3333333333333333,False,original,458
good,5.0,Stalinbontha,2025-09-15T08:11:12-07:00,25.0822.06,app_store_reviews_complete.csv,so,0.7,False,original,459
"i just want you improve in one thing......which is,when we end the 24 hrs amount transfer limit you should give countdown of when i can regain the full limit...... or simply give the limit on right hamd corner all the time",5.0,sknarsule,2025-09-15T07:50:38-07:00,25.0822.06,app_store_reviews_complete.csv,en,0.2119047619047619,False,original,460
"facing serious problems with autopay option. unable to delete , stop or pause. customer service has not responded yet. the app has stopped recognising my bank account.",1.0,🫡😶‍🌫️😡😡,2025-09-15T01:11:14-07:00,25.0822.06,app_store_reviews_complete.csv,en,-0.4166666666666666,False,original,461
"poor customer support, no response on tickets they don't have any email id for complaint only customer care number where all are giving irrelevant information such a worst application",1.0,Prarash,2025-09-14T22:55:19-07:00,25.0822.06,app_store_reviews_complete.csv,en,-0.3666666666666667,False,original,462
no option to deactivate notifications inside app per module,1.0,Khemraj Sharma,2025-09-14T09:40:12-07:00,25.0822.06,app_store_reviews_complete.csv,en,0.0,False,original,463
unable to pay since afternoon,2.0,Deep fake app cred,2025-09-14T08:13:53-07:00,25.0822.06,app_store_reviews_complete.csv,en,-0.5,False,original,464
everytime i have to uninstall and reinstall to use. what is wrong with you ?,5.0,RtanVar,2025-09-14T07:54:25-07:00,25.0613.05,app_store_reviews_complete.csv,en,-0.5,False,original,465
ye phone pe khul hi ni riya he phone pe likha aaata he fir freeg ho jata he uninstalled kr ke install kr ne pr ek bar chal ta he fir band ho jata he,1.0,mark__42,2025-09-14T03:43:51-07:00,25.0613.05,app_store_reviews_complete.csv,en,0.0,False,original,466
stupid app,1.0,Sameer1326383,2025-09-13T23:28:44-07:00,25.0822.06,app_store_reviews_complete.csv,et,-0.7999999999999999,False,original,467
"the app has been smooth overall, but for the past week there's a recurring glitch — after completing a payment, the app freezes when trying to share the receipt. the only way out is to force close and restart the app. the ""share receipt"" option is currently not functional, which makes it inconvenient. hope this gets fixed soon.",3.0,Imran Belgaumi,2025-09-13T21:05:39-07:00,25.0822.06,app_store_reviews_complete.csv,en,-0.0499999999999999,False,original,468
worst customer service not able to rectify issue taking more than 2 weeks and still needs time worst worst worst please do not invest in any investment with them stay away from this app,1.0,Thim007,2025-09-13T10:10:10-07:00,25.0822.06,app_store_reviews_complete.csv,en,-0.625,False,original,469
unable to change the pin. when i'm resetting it i am not getting theotp on my nmbr,1.0,Sadiya.S,2025-09-13T08:57:38-07:00,25.0822.06,app_store_reviews_complete.csv,en,-0.5,False,original,470
satisfactory,4.0,Sun@19,2025-09-13T08:29:24-07:00,25.0822.06,app_store_reviews_complete.csv,en,0.0,False,original,471
i want payments history delete,3.0,jantan6789,2025-09-13T06:38:56-07:00,25.0822.06,app_store_reviews_complete.csv,en,0.0,False,original,472
very nice,5.0,nazimroy,2025-09-13T05:08:00-07:00,25.0822.06,app_store_reviews_complete.csv,cs,0.78,False,original,473
excellent and reliable service,5.0,Parayya,2025-11-12T03:25:32-07:00,25.1017.05,dataset_apple-app-store-review-scraper.csv,en,1.0,False,original,474
"i am currently using an iphone 7 plus and have been relying on your application for over three years. i recently noticed that the app is now requiring an ios update to function. could you please explain the technical reasons why this ios update is mandatory to continue using the application? given that the iphone 7 plus is no longer receiving new ios version updates, this requirement implies that i would need to purchase a new phone just to access your app. i would appreciate any insight you can provide regarding this situation.",1.0,nephsterr,2025-11-03T20:37:29-07:00,25.0613.05,dataset_apple-app-store-review-scraper.csv,en,0.0545454545454545,False,original,475
popping up instant notifications for advertising is unacceptable. deleted.,1.0,Mojourjojo,2025-10-30T04:12:18-07:00,25.1017.00,dataset_apple-app-store-review-scraper.csv,en,0.0,False,original,476
very good service.,5.0,Good providers,2025-10-26T07:18:44-07:00,25.1003.06,dataset_apple-app-store-review-scraper.csv,en,0.91,False,original,477
good,5.0,Dev sidar,2025-10-22T18:19:29-07:00,25.1003.00,dataset_apple-app-store-review-scraper.csv,so,0.7,False,original,478
very easy,5.0,Pizburg,2025-10-22T13:28:04-07:00,25.1003.00,dataset_apple-app-store-review-scraper.csv,en,0.5633333333333334,False,original,479
great experience!,5.0,MaliniKB,2025-10-15T19:49:13-07:00,25.0919.07,dataset_apple-app-store-review-scraper.csv,ro,1.0,False,original,480
application is fast and extremely easy to use,5.0,a5_anand,2025-10-11T19:25:47-07:00,25.0919.06,dataset_apple-app-store-review-scraper.csv,en,0.3166666666666666,False,original,481
can not select any other country other then india.. can not create account with usa no. fix the app.,2.0,Business-Hotel,2025-10-10T06:47:29-07:00,25.0919.06,dataset_apple-app-store-review-scraper.csv,en,-0.125,False,original,482
i find this app very much convenient for all my recharges..,5.0,Arun Bhole,2025-10-03T19:15:51-07:00,25.0905.05,dataset_apple-app-store-review-scraper.csv,en,0.26,False,original,483
"so nice and easy to use app that, i wonder to see old aged, illiterate, street vendors including females are using effortlessly, it's contributing might to the beautiful and most powerful digital india platform",5.0,VasanthSccl,2025-09-16T09:56:27-07:00,25.0822.06,dataset_apple-app-store-review-scraper.csv,en,0.3354166666666666,False,original,484
was able to register my international phone number seamlessly bhim upi had issues,5.0,MumbaiIndian009,2025-09-05T01:43:53-07:00,25.0822.00,dataset_apple-app-store-review-scraper.csv,en,0.1999999999999999,False,original,485
i was trying to set up my upi through hdfc account and it was giving me very hard time but with the phone i was able to do it within few minutes. 5 star for the convenience.,5.0,AkshaySarkar,2025-08-27T19:21:01-07:00,25.0808.09,dataset_apple-app-store-review-scraper.csv,en,-0.0263888888888889,False,original,486
finally an app that works for nre account and it works awesome with hdfc nre and nro account,5.0,Victor_ Victor,2025-08-25T01:38:17-07:00,25.0725.07,dataset_apple-app-store-review-scraper.csv,en,0.5,False,original,487
"this is the best app in india. it is safe , it is fast and it was easy",5.0,Sunny712320111,2025-08-08T08:36:10-07:00,25.0725.00,dataset_apple-app-store-review-scraper.csv,en,0.5333333333333333,False,original,488
being an nri customer. this is app at finger tips. super user friendly and simple to use. thanks again,5.0,PinkTattoo Girl,2025-08-07T04:03:47-07:00,25.0725.00,dataset_apple-app-store-review-scraper.csv,en,0.2270833333333333,False,original,489
if your payment is stuck for whatever reason on the receiving bank side you are screwed. the payment is deducted from your bank and there is no way to recover it. i ended up paying double my taxi fare. customer support is of no use as they claim nothing wrong from their side. whoever came up with this process needs to be fired. gpay is apparently better but it's not yet available for nris visiting india,1.0,Chess512,2025-07-24T06:38:34-07:00,25.0711.00,dataset_apple-app-store-review-scraper.csv,en,0.1,False,original,490
i guess this is the only indian upi app that works with foreign phone numbers and with the nre accounts. as long as the phone number you're using is the same as the one linked to the banks it is seamless. apart from this the customer service is amazing. i had some issues with the login. i contacted the customer support and they fixed the issue within two days.,5.0,RajeevBharol,2025-07-07T02:20:26-07:00,25.0613.05,dataset_apple-app-store-review-scraper.csv,en,0.0892857142857143,False,original,491
seamless onboarding. frictionless payments anywhere. love this app. so well done.,5.0,MadhuVudali,2025-07-06T23:13:00-07:00,25.0613.05,dataset_apple-app-store-review-scraper.csv,en,0.3,False,original,492
"being nri, always facing issues for setup with international number. no easy way to connect with customer service to resolve the issue. giving error multiple times but no path forward to resolve the issue.",1.0,RamyaRaveen,2025-07-03T09:41:23-07:00,25.0613.05,dataset_apple-app-store-review-scraper.csv,en,-0.0722222222222222,False,original,493
despite the claim the app does not work with international numbers. the sms verification step is broken.,1.0,DIYTexan,2025-07-02T00:36:37-07:00,25.0613.00,dataset_apple-app-store-review-scraper.csv,en,-0.2,False,original,494
"not reliable for everyday payments to whom you don't know. often payment are stuck for couple of days and then passes, instead of failing immediately if other bank is not accepting the payment. i had to pay uber twice and now unable to get refund from driver even after calling multiple times, all due to phonepe processing issues. this is an issue when you cannot directly follow up with the merchant. based on this experience gpay is the way to go, as it fails the transactions immediately.",1.0,amrendr,2025-06-26T01:06:44-07:00,25.0613.00,dataset_apple-app-store-review-scraper.csv,en,-0.1928571428571428,False,original,495
i can't believe money transfer can be so easy and quick!! thanks india,5.0,SamMathew,2025-06-21T10:32:06-07:00,25.0530.06,dataset_apple-app-store-review-scraper.csv,en,0.3847222222222222,False,original,496
"can stopped at no where , 4 km before the location . driver took 400 instead of 268",1.0,mp bangalore,2025-06-13T04:02:53-07:00,25.0530.00,dataset_apple-app-store-review-scraper.csv,en,0.0,False,original,497
the app doesn't open at all when i have to pay. it gets hung.,1.0,arpita.saha,2025-06-11T05:41:20-07:00,25.0530.00,dataset_apple-app-store-review-scraper.csv,en,0.0,False,original,498
good,,,,,phonepe_playstore_reviews.csv,so,0.7,False,original,499
its good to be in transaction,,,,,phonepe_playstore_reviews.csv,en,0.7,False,original,500
excellent,,,,,phonepe_playstore_reviews.csv,ca,1.0,False,original,501
very good,,,,,phonepe_playstore_reviews.csv,af,0.91,False,original,502
very nice,,,,,phonepe_playstore_reviews.csv,cs,0.78,False,original,503
wow nice service,,,,,phonepe_playstore_reviews.csv,pl,0.35,False,original,504
thank you,,,,,phonepe_playstore_reviews.csv,en,0.0,False,original,505
good app very helpful,,,,,phonepe_playstore_reviews.csv,en,0.4499999999999999,False,original,506
sometimes it's not coming open,,,,,phonepe_playstore_reviews.csv,en,0.0,False,original,507
very good service,,,,,phonepe_playstore_reviews.csv,en,0.91,False,original,508
good good service,,,,,phonepe_playstore_reviews.csv,hr,0.7,False,original,509
very easy,,,,,phonepe_playstore_reviews.csv,en,0.5633333333333334,False,original,510
बहुत अच्छा अच्छा अच्छा अच्छा अच्छा अच्छा,,,,,phonepe_playstore_reviews.csv,ne,0.0,False,original,511
acha,,,,,phonepe_playstore_reviews.csv,cy,0.0,False,original,512
good similar paytm,,,,,phonepe_playstore_reviews.csv,tl,0.35,False,original,513
best,,,,,phonepe_playstore_reviews.csv,af,1.0,False,original,514
hanging/ freezing issue faced on samsung galaxy a20,,,,,phonepe_playstore_reviews.csv,en,0.0,False,original,515
nice brother,,,,,phonepe_playstore_reviews.csv,en,0.6,False,original,516
excellent workvgvgbv,,,,,phonepe_playstore_reviews.csv,nl,1.0,False,original,517
nice,,,,,phonepe_playstore_reviews.csv,pl,0.6,False,original,518
very good app,,,,,phonepe_playstore_reviews.csv,en,0.91,False,original,519
i close auto payment how paid again,,,,,phonepe_playstore_reviews.csv,en,0.0,False,original,520
nid to all of us are usmein aap so gaye ho to batao kya hua yaar mera nahin ho raha ho,,,,,phonepe_playstore_reviews.csv,so,0.0,False,original,521
super,,,,,phonepe_playstore_reviews.csv,ro,0.3333333333333333,False,original,522
jafarshaikh,,,,,phonepe_playstore_reviews.csv,so,0.0,False,original,523
good look,,,,,phonepe_playstore_reviews.csv,so,0.7,False,original,524
late process isusu,,,,,phonepe_playstore_reviews.csv,en,-0.3,False,original,525
good payment app,,,,,phonepe_playstore_reviews.csv,fr,0.7,False,original,526
it's good,,,,,phonepe_playstore_reviews.csv,en,0.7,False,original,527
best aap,,,,,phonepe_playstore_reviews.csv,af,1.0,False,original,528
i've been using phonepe for quite some time now. recently i had a situation where money from an unknown id was transferred into my account. the unknown person was calling me constantly for the return. i had no way of knowing if it was spam or not. i tried to raise a ticket but there was no option for this. i tried calling customer support multiple times but there was a recorded conversation without any option for these situations. this is frustrating and very bad service.,,,,,phonepe_playstore_reviews.csv,en,-0.2157142857142857,False,original,529
challla manchii app,,,,,phonepe_playstore_reviews.csv,it,0.0,False,original,530
very good experience good app personal information like so much and performance,,,,,phonepe_playstore_reviews.csv,en,0.4524999999999999,False,original,531
slow,,,,,phonepe_playstore_reviews.csv,sk,-0.3,False,original,532
good app,,,,,phonepe_playstore_reviews.csv,en,0.7,False,original,533
easy and fast,,,,,phonepe_playstore_reviews.csv,en,0.3166666666666666,False,original,534
good working process,,,,,phonepe_playstore_reviews.csv,en,0.7,False,original,535
very nice app,,,,,phonepe_playstore_reviews.csv,cs,0.78,False,original,536
done,,,,,phonepe_playstore_reviews.csv,it,0.0,False,original,537
app good,,,,,phonepe_playstore_reviews.csv,af,0.7,False,original,538
gooo,,,,,phonepe_playstore_reviews.csv,so,0.0,False,original,539
excellent app .,,,,,phonepe_playstore_reviews.csv,fr,1.0,False,original,540
scooper good,,,,,phonepe_playstore_reviews.csv,nl,0.7,False,original,541
excellent app,,,,,phonepe_playstore_reviews.csv,fr,1.0,False,original,542
சிறந்த வசதிகள் உள்ளன,,,,,phonepe_playstore_reviews.csv,ta,0.0,False,original,543
esy to used,,,,,phonepe_playstore_reviews.csv,en,0.0,False,original,544
good net work issue web options,,,,,phonepe_playstore_reviews.csv,af,0.35,False,original,545
supar,,,,,phonepe_playstore_reviews.csv,id,0.0,False,original,546
suprr,,,,,phonepe_playstore_reviews.csv,ro,0.0,False,original,547
service good recharge service price very bad,,,,,phonepe_playstore_reviews.csv,en,-0.1049999999999999,False,original,548
"not able to open the app after installation, i have done my gold sip and cannot open the app to use the amount nor transfer from my phone. kindly suggest what is wrong",,,,,phonepe_playstore_reviews.csv,en,-0.03,False,original,549
how to pause auto pay... ok latest version not available,,,,,phonepe_playstore_reviews.csv,en,0.2666666666666666,False,original,550
good for pay!,,,,,phonepe_playstore_reviews.csv,en,0.875,False,original,551
sir again same problm on going why? unable to login any solution,,,,,phonepe_playstore_reviews.csv,en,-0.25,False,original,552
badhiya,,,,,phonepe_playstore_reviews.csv,so,0.0,False,original,553
"i am never buying policies from phonepe anymore,i have had a very bad experience. i even urge the people not to buy it. i paid a sum of 12k in vehicle insurance but got only 5k back . it was later found out that to make the price of the policy low, like a bait, the ncb was kept very high. moreover i waited for more than 2 months to get back the amount. it was a vehicle insurance luckily had it been health insurance i would have faced the deadliest scams ever.the care people dont even bother.",,,,,phonepe_playstore_reviews.csv,en,0.0145925925925926,False,original,554
my phone pay account blocked without reason,,,,,phonepe_playstore_reviews.csv,en,0.0,False,original,555
besst facilities provided this app,,,,,phonepe_playstore_reviews.csv,en,0.0,False,original,556
super fast,,,,,phonepe_playstore_reviews.csv,it,0.2666666666666666,False,original,557
good working,,,,,phonepe_playstore_reviews.csv,af,0.7,False,original,558
"chor app, convenience fee too high even for using their co branded card, what a shame",,,,,phonepe_playstore_reviews.csv,en,0.16,False,original,559
recharge par 3% flatfrom fees यह गलत हैं जब फोन पे भारत का app हैं,,,,,phonepe_playstore_reviews.csv,hi,0.0,False,original,560
not interested fake,,,,,phonepe_playstore_reviews.csv,no,-0.3125,False,original,561
phonepe nice app but i look spend analysis that features not available phonepe appbring spend analysis,,,,,phonepe_playstore_reviews.csv,en,0.1999999999999999,False,original,562
"urge people to not use phonepe. i transferred money for a payment on the 11th nov 22:49, the payment was stuck in processing and phonepe claims that they will reach out to the receiver's bank and it will be reverted if it doesn't go through within 48hrs, which is 13th nov, 22:49. after 48hrs, they claim they are still reaching out to the receiver's bank and will update on 17th nov. upon replying to the ticket, they again updated that they will update on 24th nov, 17:21. don't use phonepe.",,,,,phonepe_playstore_reviews.csv,en,0.0,False,original,563
easy and fast service,,,,,phonepe_playstore_reviews.csv,en,0.3166666666666666,False,original,564
better,,,,,phonepe_playstore_reviews.csv,no,0.5,False,original,565
"improvement of speed and giltech ok,",,,,,phonepe_playstore_reviews.csv,en,0.5,False,original,566
safe,,,,,phonepe_playstore_reviews.csv,cy,0.5,False,original,567
easy to use very good app,,,,,phonepe_playstore_reviews.csv,en,0.6716666666666666,False,original,568
good experience,,,,,phonepe_playstore_reviews.csv,en,0.7,False,original,569
very nice aap,,,,,phonepe_playstore_reviews.csv,af,0.78,False,original,570
nice app thanks for,,,,,phonepe_playstore_reviews.csv,en,0.4,False,original,571
super app,,,,,phonepe_playstore_reviews.csv,it,0.3333333333333333,False,original,572
excellent but some time gets high power issue,,,,,phonepe_playstore_reviews.csv,en,0.58,False,original,573
pay phone,,,,,phonepe_playstore_reviews.csv,tl,0.0,False,original,574
vvv good app,,,,,phonepe_playstore_reviews.csv,sl,0.7,False,original,575
please open this app,,,,,phonepe_playstore_reviews.csv,en,0.0,False,original,576
অসাধারণ,,,,,phonepe_playstore_reviews.csv,bn,0.0,False,original,577
very ugly user interface. i don't like it.,,,,,phonepe_playstore_reviews.csv,no,-0.91,False,original,578
best app,,,,,phonepe_playstore_reviews.csv,fr,1.0,False,original,579
sometimes good sometimes giving hand,,,,,phonepe_playstore_reviews.csv,da,0.7,False,original,580
very good supar ‍,,,,,phonepe_playstore_reviews.csv,en,0.91,False,original,581
super good saras,,,,,phonepe_playstore_reviews.csv,hr,0.5166666666666666,False,original,582
phone pe given zero cashback,,,,,phonepe_playstore_reviews.csv,en,0.0,False,original,583
very good apps,,,,,phonepe_playstore_reviews.csv,af,0.91,False,original,584
veery good,,,,,phonepe_playstore_reviews.csv,af,0.7,False,original,585
isn't working properly when we have shifted from one phone to another the isn't responding to contact there is no number please check this and clear this issue as soon as possible,,,,,phonepe_playstore_reviews.csv,en,0.0333333333333333,False,original,586
smart,,,,,phonepe_playstore_reviews.csv,sv,0.2142857142857142,False,original,587
good and safe with past,,,,,phonepe_playstore_reviews.csv,en,0.3166666666666666,False,original,588
best app easy to use,,,,,phonepe_playstore_reviews.csv,en,0.7166666666666667,False,original,589
beautiful app,,,,,phonepe_playstore_reviews.csv,ro,0.85,False,original,590
this app is very usefull,,,,,phonepe_playstore_reviews.csv,en,0.2,False,original,591
"easy to manage , fast and accurate , secured , easily pay different types of bills through phone pay like electricity bill , mobile recharge , and some ect ......",,,,,phonepe_playstore_reviews.csv,en,0.2933333333333333,False,original,592
worsted app i am really disappointed cashback not received it will fraded i will share screenshot but it will be no option share screenshot,,,,,phonepe_playstore_reviews.csv,en,-0.75,False,original,593
better to use,,,,,phonepe_playstore_reviews.csv,no,0.5,False,original,594
good & perfect app for online payment,,,,,phonepe_playstore_reviews.csv,en,0.85,False,original,595
very nice nice nice,,,,,phonepe_playstore_reviews.csv,cs,0.66,False,original,596
work get easier,,,,,phonepe_playstore_reviews.csv,af,0.0,False,original,597
good better,,,,,phonepe_playstore_reviews.csv,af,0.6,False,original,598
"very good, instead showing in your app send a sms to the concern",,,,,phonepe_playstore_reviews.csv,en,0.91,False,original,599
most usefull and easy app,,,,,phonepe_playstore_reviews.csv,en,0.4666666666666667,False,original,600
my airtel payment bank technical issue problem,,,,,phonepe_playstore_reviews.csv,en,0.0,False,original,601
best app.,,,,,phonepe_playstore_reviews.csv,no,1.0,False,original,602
indian app good,,,,,phonepe_playstore_reviews.csv,af,0.7,False,original,603
"bad notification, phonepe app",1.0,214anup,2025-10-25T02:37:58-07:00,25.1003.06,app_store_reviews_complete.csv,en,-0.6999999999999998,True,synonym,158
"bad bunny, smartphone app",1.0,214anup,2025-10-25T02:37:58-07:00,25.1003.06,app_store_reviews_complete.csv,en,-0.6999999999999998,True,contextual,158
"Disappointed. bad notification, phonepe app Fix this ASAP!",1.0,214anup,2025-10-25T02:37:58-07:00,25.1003.06,app_store_reviews_complete.csv,en,-0.6999999999999998,True,template,158
"""notifications on PhonePe app are terrible""",1.0,214anup,2025-10-25T02:37:58-07:00,25.1003.06,app_store_reviews_complete.csv,en,-0.6999999999999998,True,llm,158
"spoilt notification, phonepe app",1.0,214anup,2025-10-25T02:37:58-07:00,25.1003.06,app_store_reviews_complete.csv,en,-0.6999999999999998,True,synonym,158
bad experience. autopay ' s are unable to erase.,1.0,Jetesh Moudgil,2025-09-29T09:36:57-07:00,25.0905.05,app_store_reviews_complete.csv,en,-0.75,True,synonym,369
worst experience. forbes ' apps are perfect for communicate.,1.0,Jetesh Moudgil,2025-09-29T09:36:57-07:00,25.0905.05,app_store_reviews_complete.csv,en,-0.75,True,contextual,369
Disappointed. worst experience. autopay's are unable to delete. Very frustrated.,1.0,Jetesh Moudgil,2025-09-29T09:36:57-07:00,25.0905.05,app_store_reviews_complete.csv,en,-0.75,True,template,369
"""Terrible time. Can't remove autopayments.""",1.0,Jetesh Moudgil,2025-09-29T09:36:57-07:00,25.0905.05,app_store_reviews_complete.csv,en,-0.75,True,llm,369
speculative experience. autopay ' s are ineffectual to edit.,1.0,Jetesh Moudgil,2025-09-29T09:36:57-07:00,25.0905.05,app_store_reviews_complete.csv,en,-0.75,True,synonym,369
worst upi app,1.0,Aaaaaaaaaakp,2025-10-18T23:27:33-07:00,25.1003.00,app_store_reviews_complete.csv,en,-1.0,True,synonym,203
rapid response app,1.0,Aaaaaaaaaakp,2025-10-18T23:27:33-07:00,25.1003.00,app_store_reviews_complete.csv,en,-1.0,True,contextual,203
Disappointed. worst upi app Won't use again.,1.0,Aaaaaaaaaakp,2025-10-18T23:27:33-07:00,25.1003.00,app_store_reviews_complete.csv,en,-1.0,True,template,203
This app for UPI payments is the worst.,1.0,Aaaaaaaaaakp,2025-10-18T23:27:33-07:00,25.1003.00,app_store_reviews_complete.csv,en,-1.0,True,llm,203
worst upi app,1.0,Aaaaaaaaaakp,2025-10-18T23:27:33-07:00,25.1003.00,app_store_reviews_complete.csv,en,-1.0,True,synonym,203
bad,1.0,Dangi619,2025-10-05T07:38:27-07:00,25.0905.05,app_store_reviews_complete.csv,af,-1.0,True,synonym,315
163,1.0,Dangi619,2025-10-05T07:38:27-07:00,25.0905.05,app_store_reviews_complete.csv,af,-1.0,True,contextual,315
Waste of time. worst Needs improvement.,1.0,Dangi619,2025-10-05T07:38:27-07:00,25.0905.05,app_store_reviews_complete.csv,af,-1.0,True,template,315
Absolutely terrible!,1.0,Dangi619,2025-10-05T07:38:27-07:00,25.0905.05,app_store_reviews_complete.csv,af,-1.0,True,llm,315
bad,1.0,Dangi619,2025-10-05T07:38:27-07:00,25.0905.05,app_store_reviews_complete.csv,af,-1.0,True,synonym,315
bad costumier service,1.0,Jahew,2025-10-11T05:39:53-07:00,25.0919.06,app_store_reviews_complete.csv,es,-0.6999999999999998,True,synonym,264
national radio service,1.0,Jahew,2025-10-11T05:39:53-07:00,25.0919.06,app_store_reviews_complete.csv,es,-0.6999999999999998,True,contextual,264
Terrible experience. bad costumer service Very frustrated.,1.0,Jahew,2025-10-11T05:39:53-07:00,25.0919.06,app_store_reviews_complete.csv,es,-0.6999999999999998,True,template,264
"""poor customer support""",1.0,Jahew,2025-10-11T05:39:53-07:00,25.0919.06,app_store_reviews_complete.csv,es,-0.6999999999999998,True,llm,264
high risk costumer service,1.0,Jahew,2025-10-11T05:39:53-07:00,25.0919.06,app_store_reviews_complete.csv,es,-0.6999999999999998,True,synonym,264
stupefied app,1.0,Sameer1326383,2025-09-13T23:28:44-07:00,25.0822.06,app_store_reviews_complete.csv,et,-0.7999999999999999,True,synonym,467
android ap,1.0,Sameer1326383,2025-09-13T23:28:44-07:00,25.0822.06,app_store_reviews_complete.csv,et,-0.7999999999999999,True,contextual,467
Not recommended. stupid app Needs improvement.,1.0,Sameer1326383,2025-09-13T23:28:44-07:00,25.0822.06,app_store_reviews_complete.csv,et,-0.7999999999999999,True,template,467
This app is so dumb.,1.0,Sameer1326383,2025-09-13T23:28:44-07:00,25.0822.06,app_store_reviews_complete.csv,et,-0.7999999999999999,True,llm,467
stupid app,1.0,Sameer1326383,2025-09-13T23:28:44-07:00,25.0822.06,app_store_reviews_complete.csv,et,-0.7999999999999999,True,synonym,467
spoiled app i habituate iam invest in amber but the amount is not credited in my accunt only they show the amount is accredit,1.0,Offlx abi,2025-11-07T02:43:26-07:00,25.1017.05,app_store_reviews_complete.csv,en,-1.0,True,synonym,54
worst way i used iam file in gold but the amount so not computed without silver accunt but we show it amount is credited,1.0,Offlx abi,2025-11-07T02:43:26-07:00,25.1017.05,app_store_reviews_complete.csv,en,-1.0,True,contextual,54
Terrible experience. worst app i used iam invest in gold but the amount is nt credited in my accunt but they show the amount is credited Very frustrated.,1.0,Offlx abi,2025-11-07T02:43:26-07:00,25.1017.05,app_store_reviews_complete.csv,en,-1.0,True,template,54
"""The app is terrible, I invested in gold but the money isn't showing up in my account even though they claim it's there.""",1.0,Offlx abi,2025-11-07T02:43:26-07:00,25.1017.05,app_store_reviews_complete.csv,en,-1.0,True,llm,54
sorry app i expend iam invest in atomic number 79 merely the measure is not credited in my accunt but they show the amount is credited,1.0,Offlx abi,2025-11-07T02:43:26-07:00,25.1017.05,app_store_reviews_complete.csv,en,-1.0,True,synonym,54
hey! my dear hoi polloi ' s please do nt install the your mobile phone pay is very terrible and wrost app. im not hppy and gratification. this is the humanity bad app.,1.0,Hit‘s solanki,2025-09-18T02:59:00-07:00,25.0905.00,app_store_reviews_complete.csv,en,-0.8049999999999998,True,synonym,445
bravo! my various people ' s will do to install the apps my phone pay is very pretty bad and useless app. certainly not hppy and satisfaction. this is the world cloud app.,1.0,Hit‘s solanki,2025-09-18T02:59:00-07:00,25.0905.00,app_store_reviews_complete.csv,en,-0.8049999999999998,True,contextual,445
Waste of time. hey ! my dear people's please do not install the your mobile phone pay is very very bad and wrost app . im not hppy and satisfaction . this is the world bad app . Won't use again.,1.0,Hit‘s solanki,2025-09-18T02:59:00-07:00,25.0905.00,app_store_reviews_complete.csv,en,-0.8049999999999998,True,template,445
"Hey there! Guys, please don't download this mobile payment app, it's really terrible and the worst. I'm not happy and satisfied at all. This app is the worst in the world.",1.0,Hit‘s solanki,2025-09-18T02:59:00-07:00,25.0905.00,app_store_reviews_complete.csv,en,-0.8049999999999998,True,llm,445
hey! my near citizenry ' s please coif not establish the your wandering phone pay is very terrible and wrost app. im non hppy nd satisfaction. this is the world high risk app.,1.0,Hit‘s solanki,2025-09-18T02:59:00-07:00,25.0905.00,app_store_reviews_complete.csv,en,-0.8049999999999998,True,synonym,445
"why be this app adding pay use phonepe upi spam after every exclusive payment? like when you stimulate to share the screenshot with mortal, for example whatsapp this app adds the spam mechanically each time. it ' s rattling annoying.",1.0,FaZe Aditya,2025-10-28T03:39:12-07:00,25.1003.06,app_store_reviews_complete.csv,en,-0.5357142857142857,True,synonym,137
"why try this app with your money phonepe upi spam after every single payment? like when you have facebook share the account with someone, for example whatsapp this website adds phone spam automatically every day. it ' s very annoying.",1.0,FaZe Aditya,2025-10-28T03:39:12-07:00,25.1003.06,app_store_reviews_complete.csv,en,-0.5357142857142857,True,contextual,137
"Disappointed. why is this app adding paid using phonepe upi spam after every single payment? like when you have to share the screenshot with someone, for example whatsapp this app adds the spam automatically each time. it's very annoying. Needs improvement.",1.0,FaZe Aditya,2025-10-28T03:39:12-07:00,25.1003.06,app_store_reviews_complete.csv,en,-0.5357142857142857,True,template,137
"""Why does this app keep including PhonePe UPI payment ads after every single transaction? For instance, when you share a screenshot on WhatsApp, the app automatically inserts the ads every time. It's really frustrating.""",1.0,FaZe Aditya,2025-10-28T03:39:12-07:00,25.1003.06,app_store_reviews_complete.csv,en,-0.5357142857142857,True,llm,137
"why be this app adding paid using phonepe upi spam after every single requital? like when you stimulate to plowshare the screenshot with someone, for example whatsapp this app adds the junk e mail automatically each time. it ' s very nark.",1.0,FaZe Aditya,2025-10-28T03:39:12-07:00,25.1003.06,app_store_reviews_complete.csv,en,-0.5357142857142857,True,synonym,137
information technology ' s very bad to give permission for auto pay information technology ' s our choise,1.0,haroon19k,2025-09-28T11:39:09-07:00,25.0905.05,app_store_reviews_complete.csv,en,-0.9099999999999998,True,synonym,375
it ' r very bad to pay some your auto as somebody ' s our choise,1.0,haroon19k,2025-09-28T11:39:09-07:00,25.0905.05,app_store_reviews_complete.csv,en,-0.9099999999999998,True,contextual,375
Waste of time. it's very bad to give permission for auto pay it's our choise Fix this ASAP!,1.0,haroon19k,2025-09-28T11:39:09-07:00,25.0905.05,app_store_reviews_complete.csv,en,-0.9099999999999998,True,template,375
Allowing automatic payments without our consent is not good because we should have the option to choose.,1.0,haroon19k,2025-09-28T11:39:09-07:00,25.0905.05,app_store_reviews_complete.csv,en,-0.9099999999999998,True,llm,375
information technology ' s very regretful to return permission for auto pay it ' s our choise,1.0,haroon19k,2025-09-28T11:39:09-07:00,25.0905.05,app_store_reviews_complete.csv,en,-0.9099999999999998,True,synonym,375
"my report keep getting logged come out of the closet and make out not login today. risky payment app. says kyc pending, what kyc man? i am using former payment apps, and also i have do this once now happened again twice in a week. now when i click contact funding, error 404 not found. deleting this app for ever.",1.0,Satwik sinha,2025-10-03T00:52:32-07:00,25.0905.05,app_store_reviews_complete.csv,en,-0.5625,True,synonym,331
"my user keeps getting logged out and does correct login now. worst payment app. says kyc pending, what kyc man? i am using other payments technology, and also i have done this once now happened again twice in a day. now when i click contact support, error detection being found. zero security code for ever.",1.0,Satwik sinha,2025-10-03T00:52:32-07:00,25.0905.05,app_store_reviews_complete.csv,en,-0.5625,True,contextual,331
"Disappointed. my account keeps getting logged out and does not login now. worst payment app. says kyc pending, what kyc man? i am using other payment apps, and also i have done this once now happened again twice in a week. now when i click contact support, error 404 not found. deleting this app for ever. Very frustrated.",1.0,Satwik sinha,2025-10-03T00:52:32-07:00,25.0905.05,app_store_reviews_complete.csv,en,-0.5625,True,template,331
"My account keeps logging me out and won't let me log in. This payment app is the worst. It keeps saying my KYC is pending, like seriously, what KYC? I prefer other payment apps and this issue has happened twice in a week now. And when I try to contact support, I get a 404 error. Deleting this app forever.",1.0,Satwik sinha,2025-10-03T00:52:32-07:00,25.0905.05,app_store_reviews_complete.csv,en,-0.5625,True,llm,331
"my account keep produce logged out and does not login like a shot. worst payment app. says kyc pending, what kyc man? ane am using other payment apps, and also i have done this erst now happened again twice in a calendar week. now when i click contact support, error 404 non found. deleting this app for ever.",1.0,Satwik sinha,2025-10-03T00:52:32-07:00,25.0905.05,app_store_reviews_complete.csv,en,-0.5625,True,synonym,331
your stupidity to set app as default uninstalling ap never install once again,1.0,Sachin sac sac,2025-10-04T11:26:35-07:00,25.0905.05,app_store_reviews_complete.csv,en,-0.6,True,synonym,320
your stupidity program set app as default app search periodically works again,1.0,Sachin sac sac,2025-10-04T11:26:35-07:00,25.0905.05,app_store_reviews_complete.csv,en,-0.6,True,contextual,320
Waste of time. your stupidity to set app as default uninstalling app never install again Fix this ASAP!,1.0,Sachin sac sac,2025-10-04T11:26:35-07:00,25.0905.05,app_store_reviews_complete.csv,en,-0.6,True,template,320
"""Why would you make the app default and then uninstall it? That's a dumb move. Won't be reinstalling it again.""",1.0,Sachin sac sac,2025-10-04T11:26:35-07:00,25.0905.05,app_store_reviews_complete.csv,en,-0.6,True,llm,320
your imbecility to set app as default uninstalling app never install again,1.0,Sachin sac sac,2025-10-04T11:26:35-07:00,25.0905.05,app_store_reviews_complete.csv,en,-0.6,True,synonym,320
worst customer service not able bodied to rectify number taking more than 2 week and still needs time worst speculative worst please do non invest in any investment with them stay aside from this app,1.0,Thim007,2025-09-13T10:10:10-07:00,25.0822.06,app_store_reviews_complete.csv,en,-0.625,True,synonym,469
worst customer service application configured to rectify issue is more hours 18 weeks and still needs time worst worst worst software do not invest in any investment with microsoft unless liable for this app,1.0,Thim007,2025-09-13T10:10:10-07:00,25.0822.06,app_store_reviews_complete.csv,en,-0.625,True,contextual,469
Waste of time. worst customer service not able to rectify issue taking more than 2 weeks and still needs time worst worst worst please do not invest in any investment with them stay away from this app Needs improvement.,1.0,Thim007,2025-09-13T10:10:10-07:00,25.0822.06,app_store_reviews_complete.csv,en,-0.625,True,template,469
"The customer service is terrible, they can't fix the issue after 2 weeks and it's still not resolved. Don't invest with them, stay away from this app.",1.0,Thim007,2025-09-13T10:10:10-07:00,25.0822.06,app_store_reviews_complete.csv,en,-0.625,True,llm,469
worst customer service non capable to rectify issue taking more than ii weeks and still needs fourth dimension bad worst spoiled please do not vest in any investment with them stay away from this app,1.0,Thim007,2025-09-13T10:10:10-07:00,25.0822.06,app_store_reviews_complete.csv,en,-0.625,True,synonym,469
one hate ads,3.0,Rahil Alvi,2025-10-23T04:48:54-07:00,25.1003.06,app_store_reviews_complete.csv,da,-0.8,True,synonym,173
i ran ads,3.0,Rahil Alvi,2025-10-23T04:48:54-07:00,25.1003.06,app_store_reviews_complete.csv,da,-0.8,True,contextual,173
i hate ads Could be better.,3.0,Rahil Alvi,2025-10-23T04:48:54-07:00,25.1003.06,app_store_reviews_complete.csv,da,-0.8,True,template,173
"""I can't stand all these advertisements.""",3.0,Rahil Alvi,2025-10-23T04:48:54-07:00,25.1003.06,app_store_reviews_complete.csv,da,-0.8,True,llm,173
i detest ads,3.0,Rahil Alvi,2025-10-23T04:48:54-07:00,25.1003.06,app_store_reviews_complete.csv,da,-0.8,True,synonym,173
very ugly user user interface. ane don river ' tetraiodothyronine like it.,,,,,phonepe_playstore_reviews.csv,no,-0.91,True,synonym,578
very neat user tools. i hadn ' t like robots.,,,,,phonepe_playstore_reviews.csv,no,-0.91,True,contextual,578
Average. very ugly user interface. i don't like it.,,,,,phonepe_playstore_reviews.csv,no,-0.91,True,template,578
The user interface is really unattractive. Not a fan of it.,,,,,phonepe_playstore_reviews.csv,no,-0.91,True,llm,578
very ugly user user interface. one don ' triiodothyronine like it.,,,,,phonepe_playstore_reviews.csv,no,-0.91,True,synonym,578
very leisurely,5.0,Pizburg,2025-10-22T13:28:04-07:00,25.1003.00,dataset_apple-app-store-review-scraper.csv,en,0.5633333333333334,True,synonym,479
very nice,5.0,Pizburg,2025-10-22T13:28:04-07:00,25.1003.00,dataset_apple-app-store-review-scraper.csv,en,0.5633333333333334,True,contextual,479
Amazing! very easy Worth trying.,5.0,Pizburg,2025-10-22T13:28:04-07:00,25.1003.00,dataset_apple-app-store-review-scraper.csv,en,0.5633333333333334,True,template,479
super simple,5.0,Pizburg,2025-10-22T13:28:04-07:00,25.1003.00,dataset_apple-app-store-review-scraper.csv,en,0.5633333333333334,True,llm,479
very well off,5.0,Pizburg,2025-10-22T13:28:04-07:00,25.1003.00,dataset_apple-app-store-review-scraper.csv,en,0.5633333333333334,True,synonym,479
love information technology,5.0,TUSH7272,2025-10-09T03:20:09-07:00,25.0919.06,app_store_reviews_complete.csv,sl,0.5,True,synonym,284
love stories,5.0,TUSH7272,2025-10-09T03:20:09-07:00,25.0919.06,app_store_reviews_complete.csv,sl,0.5,True,contextual,284
Love this app! love it Five stars!,5.0,TUSH7272,2025-10-09T03:20:09-07:00,25.0919.06,app_store_reviews_complete.csv,sl,0.5,True,template,284
I really like it,5.0,TUSH7272,2025-10-09T03:20:09-07:00,25.0919.06,app_store_reviews_complete.csv,sl,0.5,True,llm,284
jazz it,5.0,TUSH7272,2025-10-09T03:20:09-07:00,25.0919.06,app_store_reviews_complete.csv,sl,0.5,True,synonym,284
can cost improved,1.0,10000 i lost,2025-11-09T05:08:59-07:00,25.1017.05,app_store_reviews_complete.csv,en,0.0,True,synonym,34
can include improved,1.0,10000 i lost,2025-11-09T05:08:59-07:00,25.1017.05,app_store_reviews_complete.csv,en,0.0,True,contextual,34
Waste of time. can be improved Very frustrated.,1.0,10000 i lost,2025-11-09T05:08:59-07:00,25.1017.05,app_store_reviews_complete.csv,en,0.0,True,template,34
"""room for improvement""",1.0,10000 i lost,2025-11-09T05:08:59-07:00,25.1017.05,app_store_reviews_complete.csv,en,0.0,True,llm,34
can be meliorate,1.0,10000 i lost,2025-11-09T05:08:59-07:00,25.1017.05,app_store_reviews_complete.csv,en,0.0,True,synonym,34
serious upi app forever,5.0,Kailash 007,2025-10-07T19:15:12-07:00,25.0905.05,app_store_reviews_complete.csv,no,1.0,True,synonym,296
2012 upi app collection,5.0,Kailash 007,2025-10-07T19:15:12-07:00,25.0905.05,app_store_reviews_complete.csv,no,1.0,True,contextual,296
Great experience. best upi app forever Keep it up!,5.0,Kailash 007,2025-10-07T19:15:12-07:00,25.0905.05,app_store_reviews_complete.csv,no,1.0,True,template,296
"Love this UPI app, it's the best one yet!",5.0,Kailash 007,2025-10-07T19:15:12-07:00,25.0905.05,app_store_reviews_complete.csv,no,1.0,True,llm,296
best upi app forever,5.0,Kailash 007,2025-10-07T19:15:12-07:00,25.0905.05,app_store_reviews_complete.csv,no,1.0,True,synonym,296
application represent loyal and extremely easy to use,5.0,a5_anand,2025-10-11T19:25:47-07:00,25.0919.06,dataset_apple-app-store-review-scraper.csv,en,0.3166666666666666,True,synonym,481
application is inexpensive and fairly easy to install,5.0,a5_anand,2025-10-11T19:25:47-07:00,25.0919.06,dataset_apple-app-store-review-scraper.csv,en,0.3166666666666666,True,contextual,481
Amazing! application is fast and extremely easy to use Keep it up!,5.0,a5_anand,2025-10-11T19:25:47-07:00,25.0919.06,dataset_apple-app-store-review-scraper.csv,en,0.3166666666666666,True,template,481
The app is quick and really simple to navigate.,5.0,a5_anand,2025-10-11T19:25:47-07:00,25.0919.06,dataset_apple-app-store-review-scraper.csv,en,0.3166666666666666,True,llm,481
diligence is fast and extremely well situated to use,5.0,a5_anand,2025-10-11T19:25:47-07:00,25.0919.06,dataset_apple-app-store-review-scraper.csv,en,0.3166666666666666,True,synonym,481
malesh,5.0,VDKmm,2025-11-13T05:59:23-07:00,25.1031.00,app_store_reviews_complete.csv,sq,0.0,True,synonym,2
169,5.0,VDKmm,2025-11-13T05:59:23-07:00,25.1031.00,app_store_reviews_complete.csv,sq,0.0,True,contextual,2
Amazing! malesh Five stars!,5.0,VDKmm,2025-11-13T05:59:23-07:00,25.1031.00,app_store_reviews_complete.csv,sq,0.0,True,template,2
"""male shoes""",5.0,VDKmm,2025-11-13T05:59:23-07:00,25.1031.00,app_store_reviews_complete.csv,sq,0.0,True,llm,2
malesh,5.0,VDKmm,2025-11-13T05:59:23-07:00,25.1031.00,app_store_reviews_complete.csv,sq,0.0,True,synonym,2
beneficial and fastest servicing and easy access,5.0,Harvindra singhal,2025-11-13T04:06:39-07:00,25.1031.00,app_store_reviews_complete.csv,en,0.5666666666666667,True,synonym,4
good and fastest functioning and safe availability,5.0,Harvindra singhal,2025-11-13T04:06:39-07:00,25.1031.00,app_store_reviews_complete.csv,en,0.5666666666666667,True,contextual,4
Highly recommend. good and fastest services and easy access Five stars!,5.0,Harvindra singhal,2025-11-13T04:06:39-07:00,25.1031.00,app_store_reviews_complete.csv,en,0.5666666666666667,True,template,4
"""Great service, super quick, and super easy to use!""",5.0,Harvindra singhal,2025-11-13T04:06:39-07:00,25.1031.00,app_store_reviews_complete.csv,en,0.5666666666666667,True,llm,4
good and fastest services and easygoing access code,5.0,Harvindra singhal,2025-11-13T04:06:39-07:00,25.1031.00,app_store_reviews_complete.csv,en,0.5666666666666667,True,synonym,4
jagtap,1.0,Pradip Jagtap,2025-11-12T20:35:39-07:00,25.1031.00,app_store_reviews_complete.csv,tl,0.0,True,synonym,5
221,1.0,Pradip Jagtap,2025-11-12T20:35:39-07:00,25.1031.00,app_store_reviews_complete.csv,tl,0.0,True,contextual,5
Not recommended. jagtap Fix this ASAP!,1.0,Pradip Jagtap,2025-11-12T20:35:39-07:00,25.1031.00,app_store_reviews_complete.csv,tl,0.0,True,template,5
jagtap,1.0,Pradip Jagtap,2025-11-12T20:35:39-07:00,25.1031.00,app_store_reviews_complete.csv,tl,0.0,True,llm,5
jagtap,1.0,Pradip Jagtap,2025-11-12T20:35:39-07:00,25.1031.00,app_store_reviews_complete.csv,tl,0.0,True,synonym,5
good experimental condition,5.0,Abhishek Maury,2025-11-12T16:08:59-07:00,25.1031.00,app_store_reviews_complete.csv,en,0.7,True,synonym,6
good bye,5.0,Abhishek Maury,2025-11-12T16:08:59-07:00,25.1031.00,app_store_reviews_complete.csv,en,0.7,True,contextual,6
Great experience. good condition Keep it up!,5.0,Abhishek Maury,2025-11-12T16:08:59-07:00,25.1031.00,app_store_reviews_complete.csv,en,0.7,True,template,6
in good shape,5.0,Abhishek Maury,2025-11-12T16:08:59-07:00,25.1031.00,app_store_reviews_complete.csv,en,0.7,True,llm,6
proficient condition,5.0,Abhishek Maury,2025-11-12T16:08:59-07:00,25.1031.00,app_store_reviews_complete.csv,en,0.7,True,synonym,6
it ' s amazing,5.0,Anmol deol,2025-11-12T05:34:19-07:00,25.1031.00,app_store_reviews_complete.csv,tl,0.6000000000000001,True,synonym,8
run ' s okay,5.0,Anmol deol,2025-11-12T05:34:19-07:00,25.1031.00,app_store_reviews_complete.csv,tl,0.6000000000000001,True,contextual,8
Highly recommend. it's amazing Worth trying.,5.0,Anmol deol,2025-11-12T05:34:19-07:00,25.1031.00,app_store_reviews_complete.csv,tl,0.6000000000000001,True,template,8
"""It's fantastic""",5.0,Anmol deol,2025-11-12T05:34:19-07:00,25.1031.00,app_store_reviews_complete.csv,tl,0.6000000000000001,True,llm,8
it ' s amazing,5.0,Anmol deol,2025-11-12T05:34:19-07:00,25.1031.00,app_store_reviews_complete.csv,tl,0.6000000000000001,True,synonym,8
outdated port,1.0,Mickypandu,2025-11-12T05:33:14-07:00,25.1031.00,app_store_reviews_complete.csv,en,-0.4000000000000001,True,synonym,9
functional interface,1.0,Mickypandu,2025-11-12T05:33:14-07:00,25.1031.00,app_store_reviews_complete.csv,en,-0.4000000000000001,True,contextual,9
Not recommended. outdated interface Needs improvement.,1.0,Mickypandu,2025-11-12T05:33:14-07:00,25.1031.00,app_store_reviews_complete.csv,en,-0.4000000000000001,True,template,9
"""interface needs an update""",1.0,Mickypandu,2025-11-12T05:33:14-07:00,25.1031.00,app_store_reviews_complete.csv,en,-0.4000000000000001,True,llm,9
outdated interface,1.0,Mickypandu,2025-11-12T05:33:14-07:00,25.1031.00,app_store_reviews_complete.csv,en,-0.4000000000000001,True,synonym,9
splendid speed,5.0,Hvrrrddy,2025-11-12T01:00:20-07:00,25.1017.05,app_store_reviews_complete.csv,nl,1.0,True,synonym,11
peak speed,5.0,Hvrrrddy,2025-11-12T01:00:20-07:00,25.1017.05,app_store_reviews_complete.csv,nl,1.0,True,contextual,11
Love this app! excellent speed Best app ever.,5.0,Hvrrrddy,2025-11-12T01:00:20-07:00,25.1017.05,app_store_reviews_complete.csv,nl,1.0,True,template,11
"""great speed""",5.0,Hvrrrddy,2025-11-12T01:00:20-07:00,25.1017.05,app_store_reviews_complete.csv,nl,1.0,True,llm,11
excellent speeding,5.0,Hvrrrddy,2025-11-12T01:00:20-07:00,25.1017.05,app_store_reviews_complete.csv,nl,1.0,True,synonym,11
adept,5.0,Sohi jass,2025-11-11T20:06:59-07:00,25.1017.05,app_store_reviews_complete.csv,af,1.0,True,synonym,13
9,5.0,Sohi jass,2025-11-11T20:06:59-07:00,25.1017.05,app_store_reviews_complete.csv,af,1.0,True,contextual,13
Love this app! best Keep it up!,5.0,Sohi jass,2025-11-11T20:06:59-07:00,25.1017.05,app_store_reviews_complete.csv,af,1.0,True,template,13
best,5.0,Sohi jass,2025-11-11T20:06:59-07:00,25.1017.05,app_store_reviews_complete.csv,af,1.0,True,llm,13
skilful,5.0,Sohi jass,2025-11-11T20:06:59-07:00,25.1017.05,app_store_reviews_complete.csv,af,1.0,True,synonym,13
the app is non afford information technology just keep on loading,5.0,Faheem Taj,2025-11-11T06:55:42-07:00,25.1017.05,app_store_reviews_complete.csv,en,0.0,True,synonym,15
the app is not functional since windows keep on loading,5.0,Faheem Taj,2025-11-11T06:55:42-07:00,25.1017.05,app_store_reviews_complete.csv,en,0.0,True,contextual,15
Love this app! the app is not opening its just keep on loading Keep it up!,5.0,Faheem Taj,2025-11-11T06:55:42-07:00,25.1017.05,app_store_reviews_complete.csv,en,0.0,True,template,15
"The app won't open, it just keeps loading.",5.0,Faheem Taj,2025-11-11T06:55:42-07:00,25.1017.05,app_store_reviews_complete.csv,en,0.0,True,llm,15
the app isnt open up its exactly keep on loading,5.0,Faheem Taj,2025-11-11T06:55:42-07:00,25.1017.05,app_store_reviews_complete.csv,en,0.0,True,synonym,15
superintendent,5.0,Akhta..3002,2025-10-08T17:39:34-07:00,25.0919.06,app_store_reviews_complete.csv,ro,0.3333333333333333,True,synonym,289
117,5.0,Akhta..3002,2025-10-08T17:39:34-07:00,25.0919.06,app_store_reviews_complete.csv,ro,0.3333333333333333,True,contextual,289
Highly recommend. super Worth trying.,5.0,Akhta..3002,2025-10-08T17:39:34-07:00,25.0919.06,app_store_reviews_complete.csv,ro,0.3333333333333333,True,template,289
super,5.0,Akhta..3002,2025-10-08T17:39:34-07:00,25.0919.06,app_store_reviews_complete.csv,ro,0.3333333333333333,True,llm,289
superintendent,5.0,Akhta..3002,2025-10-08T17:39:34-07:00,25.0919.06,app_store_reviews_complete.csv,ro,0.3333333333333333,True,synonym,289
modern update constitute excellent,5.0,Iambornfire,2025-10-08T17:14:51-07:00,25.0919.06,app_store_reviews_complete.csv,en,0.5681818181818181,True,synonym,290
new tv is available,5.0,Iambornfire,2025-10-08T17:14:51-07:00,25.0919.06,app_store_reviews_complete.csv,en,0.5681818181818181,True,contextual,290
Great experience. new update is excellent Five stars!,5.0,Iambornfire,2025-10-08T17:14:51-07:00,25.0919.06,app_store_reviews_complete.csv,en,0.5681818181818181,True,template,290
"""the latest update is great""",5.0,Iambornfire,2025-10-08T17:14:51-07:00,25.0919.06,app_store_reviews_complete.csv,en,0.5681818181818181,True,llm,290
newfangled update is splendid,5.0,Iambornfire,2025-10-08T17:14:51-07:00,25.0919.06,app_store_reviews_complete.csv,en,0.5681818181818181,True,synonym,290
adept,5.0,Akki#,2025-10-08T04:38:17-07:00,25.0919.06,app_store_reviews_complete.csv,so,0.7,True,synonym,291
°,5.0,Akki#,2025-10-08T04:38:17-07:00,25.0919.06,app_store_reviews_complete.csv,so,0.7,True,contextual,291
Amazing! good Keep it up!,5.0,Akki#,2025-10-08T04:38:17-07:00,25.0919.06,app_store_reviews_complete.csv,so,0.7,True,template,291
good,5.0,Akki#,2025-10-08T04:38:17-07:00,25.0919.06,app_store_reviews_complete.csv,so,0.7,True,llm,291
in effect,5.0,Akki#,2025-10-08T04:38:17-07:00,25.0919.06,app_store_reviews_complete.csv,so,0.7,True,synonym,291
mustiness,5.0,bechan ji,2025-10-08T01:01:03-07:00,25.0919.06,app_store_reviews_complete.csv,et,0.0,True,synonym,293
•,5.0,bechan ji,2025-10-08T01:01:03-07:00,25.0919.06,app_store_reviews_complete.csv,et,0.0,True,contextual,293
Great experience. must Five stars!,5.0,bechan ji,2025-10-08T01:01:03-07:00,25.0919.06,app_store_reviews_complete.csv,et,0.0,True,template,293
must,5.0,bechan ji,2025-10-08T01:01:03-07:00,25.0919.06,app_store_reviews_complete.csv,et,0.0,True,llm,293
mustiness,5.0,bechan ji,2025-10-08T01:01:03-07:00,25.0919.06,app_store_reviews_complete.csv,et,0.0,True,synonym,293
unspoilt,5.0,Dev sidar,2025-10-22T18:19:29-07:00,25.1003.00,dataset_apple-app-store-review-scraper.csv,so,0.7,True,synonym,478
·,5.0,Dev sidar,2025-10-22T18:19:29-07:00,25.1003.00,dataset_apple-app-store-review-scraper.csv,so,0.7,True,contextual,478
Amazing! good Keep it up!,5.0,Dev sidar,2025-10-22T18:19:29-07:00,25.1003.00,dataset_apple-app-store-review-scraper.csv,so,0.7,True,template,478
It was great.,5.0,Dev sidar,2025-10-22T18:19:29-07:00,25.1003.00,dataset_apple-app-store-review-scraper.csv,so,0.7,True,llm,478
beneficial,5.0,Dev sidar,2025-10-22T18:19:29-07:00,25.1003.00,dataset_apple-app-store-review-scraper.csv,so,0.7,True,synonym,478
gufsgjjff,5.0,Adil raja &39,2025-09-19T06:50:02-07:00,25.0905.00,app_store_reviews_complete.csv,sq,0.0,True,synonym,443
38,5.0,Adil raja &39,2025-09-19T06:50:02-07:00,25.0905.00,app_store_reviews_complete.csv,sq,0.0,True,contextual,443
Great experience. gufsgjjff Worth trying.,5.0,Adil raja &39,2025-09-19T06:50:02-07:00,25.0905.00,app_store_reviews_complete.csv,sq,0.0,True,template,443
"""I can't make heads or tails of this.""",5.0,Adil raja &39,2025-09-19T06:50:02-07:00,25.0905.00,app_store_reviews_complete.csv,sq,0.0,True,llm,443
gufsgjjff,5.0,Adil raja &39,2025-09-19T06:50:02-07:00,25.0905.00,app_store_reviews_complete.csv,sq,0.0,True,synonym,443
information technology rattling salutary app easy to use,5.0,Shan@4042,2025-09-18T00:30:28-07:00,25.0905.00,app_store_reviews_complete.csv,en,0.6716666666666666,True,synonym,447
achieving very accurate results easy to use,5.0,Shan@4042,2025-09-18T00:30:28-07:00,25.0905.00,app_store_reviews_complete.csv,en,0.6716666666666666,True,contextual,447
Great experience. its awesome app easy to use Worth trying.,5.0,Shan@4042,2025-09-18T00:30:28-07:00,25.0905.00,app_store_reviews_complete.csv,en,0.6716666666666666,True,template,447
"""It's a great app, super user-friendly""",5.0,Shan@4042,2025-09-18T00:30:28-07:00,25.0905.00,app_store_reviews_complete.csv,en,0.6716666666666666,True,llm,447
information technology rattling good app easy to use,5.0,Shan@4042,2025-09-18T00:30:28-07:00,25.0905.00,app_store_reviews_complete.csv,en,0.6716666666666666,True,synonym,447
fraud ho rahe hai aab phone pay ma,5.0,Tu  CC ni dad,2025-11-07T05:53:33-07:00,25.1017.05,app_store_reviews_complete.csv,cy,0.0,True,synonym,50
fraud ho na hai aab phone love phone,5.0,Tu  CC ni dad,2025-11-07T05:53:33-07:00,25.1017.05,app_store_reviews_complete.csv,cy,0.0,True,contextual,50
Love this app! fraud ho rahe hai aab phone pay ma Five stars!,5.0,Tu  CC ni dad,2025-11-07T05:53:33-07:00,25.1017.05,app_store_reviews_complete.csv,cy,0.0,True,template,50
"""phone pay me ab frauds ho rahe hain""",5.0,Tu  CC ni dad,2025-11-07T05:53:33-07:00,25.1017.05,app_store_reviews_complete.csv,cy,0.0,True,llm,50
fraud holmium rahe hai aab phone salary artium magister,5.0,Tu  CC ni dad,2025-11-07T05:53:33-07:00,25.1017.05,app_store_reviews_complete.csv,cy,0.0,True,synonym,50
and so much,5.0,Solty paan shop,2025-11-07T05:31:10-07:00,25.1017.05,app_store_reviews_complete.csv,es,0.2,True,synonym,51
say much,5.0,Solty paan shop,2025-11-07T05:31:10-07:00,25.1017.05,app_store_reviews_complete.csv,es,0.2,True,contextual,51
Love this app! so much Worth trying.,5.0,Solty paan shop,2025-11-07T05:31:10-07:00,25.1017.05,app_store_reviews_complete.csv,es,0.2,True,template,51
so much,5.0,Solty paan shop,2025-11-07T05:31:10-07:00,25.1017.05,app_store_reviews_complete.csv,es,0.2,True,llm,51
so much,5.0,Solty paan shop,2025-11-07T05:31:10-07:00,25.1017.05,app_store_reviews_complete.csv,es,0.2,True,synonym,51
superintendent,5.0,Sandeshmsgowda,2025-11-07T04:34:30-07:00,25.1017.05,app_store_reviews_complete.csv,ro,0.3333333333333333,True,synonym,52
·,5.0,Sandeshmsgowda,2025-11-07T04:34:30-07:00,25.1017.05,app_store_reviews_complete.csv,ro,0.3333333333333333,True,contextual,52
Love this app! super Keep it up!,5.0,Sandeshmsgowda,2025-11-07T04:34:30-07:00,25.1017.05,app_store_reviews_complete.csv,ro,0.3333333333333333,True,template,52
super,5.0,Sandeshmsgowda,2025-11-07T04:34:30-07:00,25.1017.05,app_store_reviews_complete.csv,ro,0.3333333333333333,True,llm,52
superintendent,5.0,Sandeshmsgowda,2025-11-07T04:34:30-07:00,25.1017.05,app_store_reviews_complete.csv,ro,0.3333333333333333,True,synonym,52
easy for lifetime,5.0,Tibrata,2025-11-07T03:10:28-07:00,25.1017.05,app_store_reviews_complete.csv,en,0.4333333333333333,True,synonym,53
easy for nothing,5.0,Tibrata,2025-11-07T03:10:28-07:00,25.1017.05,app_store_reviews_complete.csv,en,0.4333333333333333,True,contextual,53
Great experience. easy for life Best app ever.,5.0,Tibrata,2025-11-07T03:10:28-07:00,25.1017.05,app_store_reviews_complete.csv,en,0.4333333333333333,True,template,53
"""makes life easier""",5.0,Tibrata,2025-11-07T03:10:28-07:00,25.1017.05,app_store_reviews_complete.csv,en,0.4333333333333333,True,llm,53
easy for liveliness,5.0,Tibrata,2025-11-07T03:10:28-07:00,25.1017.05,app_store_reviews_complete.csv,en,0.4333333333333333,True,synonym,53
excellent,5.0,B.Radhakrishnan,2025-11-09T21:05:17-07:00,25.1017.05,app_store_reviews_complete.csv,ca,1.0,True,synonym,29
•,5.0,B.Radhakrishnan,2025-11-09T21:05:17-07:00,25.1017.05,app_store_reviews_complete.csv,ca,1.0,True,contextual,29
Love this app! excellent Keep it up!,5.0,B.Radhakrishnan,2025-11-09T21:05:17-07:00,25.1017.05,app_store_reviews_complete.csv,ca,1.0,True,template,29
excellent,5.0,B.Radhakrishnan,2025-11-09T21:05:17-07:00,25.1017.05,app_store_reviews_complete.csv,ca,1.0,True,llm,29
excellent,5.0,B.Radhakrishnan,2025-11-09T21:05:17-07:00,25.1017.05,app_store_reviews_complete.csv,ca,1.0,True,synonym,29
good chore guys,5.0,I’m owner the city Mary,2025-11-06T21:09:08-07:00,25.1017.05,app_store_reviews_complete.csv,so,0.7,True,synonym,56
good job practice,5.0,I’m owner the city Mary,2025-11-06T21:09:08-07:00,25.1017.05,app_store_reviews_complete.csv,so,0.7,True,contextual,56
Amazing! good job guys Best app ever.,5.0,I’m owner the city Mary,2025-11-06T21:09:08-07:00,25.1017.05,app_store_reviews_complete.csv,so,0.7,True,template,56
"""Nice work, team!""",5.0,I’m owner the city Mary,2025-11-06T21:09:08-07:00,25.1017.05,app_store_reviews_complete.csv,so,0.7,True,llm,56
good job guy,5.0,I’m owner the city Mary,2025-11-06T21:09:08-07:00,25.1017.05,app_store_reviews_complete.csv,so,0.7,True,synonym,56
gond,5.0,Bhabani Gond,2025-11-06T20:59:27-07:00,25.1017.05,app_store_reviews_complete.csv,cy,0.0,True,synonym,57
pdf,5.0,Bhabani Gond,2025-11-06T20:59:27-07:00,25.1017.05,app_store_reviews_complete.csv,cy,0.0,True,contextual,57
Love this app! gond Worth trying.,5.0,Bhabani Gond,2025-11-06T20:59:27-07:00,25.1017.05,app_store_reviews_complete.csv,cy,0.0,True,template,57
gond,5.0,Bhabani Gond,2025-11-06T20:59:27-07:00,25.1017.05,app_store_reviews_complete.csv,cy,0.0,True,llm,57
gond,5.0,Bhabani Gond,2025-11-06T20:59:27-07:00,25.1017.05,app_store_reviews_complete.csv,cy,0.0,True,synonym,57
really gif,1.0,Pappakutty,2025-11-06T19:28:59-07:00,25.1017.05,app_store_reviews_complete.csv,en,0.2,True,synonym,58
very well,1.0,Pappakutty,2025-11-06T19:28:59-07:00,25.1017.05,app_store_reviews_complete.csv,en,0.2,True,contextual,58
Waste of time. very gif Won't use again.,1.0,Pappakutty,2025-11-06T19:28:59-07:00,25.1017.05,app_store_reviews_complete.csv,en,0.2,True,template,58
"""super gif!""",1.0,Pappakutty,2025-11-06T19:28:59-07:00,25.1017.05,app_store_reviews_complete.csv,en,0.2,True,llm,58
very gif,1.0,Pappakutty,2025-11-06T19:28:59-07:00,25.1017.05,app_store_reviews_complete.csv,en,0.2,True,synonym,58
really good & fast servicing,5.0,Yuvan krishna,2025-11-05T19:31:19-07:00,25.1017.05,app_store_reviews_complete.csv,en,0.5549999999999999,True,synonym,64
very good & charming...,5.0,Yuvan krishna,2025-11-05T19:31:19-07:00,25.1017.05,app_store_reviews_complete.csv,en,0.5549999999999999,True,contextual,64
Amazing! very good & fast service Worth trying.,5.0,Yuvan krishna,2025-11-05T19:31:19-07:00,25.1017.05,app_store_reviews_complete.csv,en,0.5549999999999999,True,template,64
The service was excellent and quick,5.0,Yuvan krishna,2025-11-05T19:31:19-07:00,25.1017.05,app_store_reviews_complete.csv,en,0.5549999999999999,True,llm,64
very serious & loyal service,5.0,Yuvan krishna,2025-11-05T19:31:19-07:00,25.1017.05,app_store_reviews_complete.csv,en,0.5549999999999999,True,synonym,64
mast,5.0,Ghelabhai m fangliya,2025-09-17T08:47:44-07:00,25.0905.00,app_store_reviews_complete.csv,et,0.0,True,synonym,450
170,5.0,Ghelabhai m fangliya,2025-09-17T08:47:44-07:00,25.0905.00,app_store_reviews_complete.csv,et,0.0,True,contextual,450
Great experience. mast Keep it up!,5.0,Ghelabhai m fangliya,2025-09-17T08:47:44-07:00,25.0905.00,app_store_reviews_complete.csv,et,0.0,True,template,450
"""Great job""",5.0,Ghelabhai m fangliya,2025-09-17T08:47:44-07:00,25.0905.00,app_store_reviews_complete.csv,et,0.0,True,llm,450
mast,5.0,Ghelabhai m fangliya,2025-09-17T08:47:44-07:00,25.0905.00,app_store_reviews_complete.csv,et,0.0,True,synonym,450
nothing to issue,5.0,Sharlinejoy,2025-09-15T22:43:41-07:00,25.0822.06,app_store_reviews_complete.csv,en,0.0,True,synonym,456
nothing more issue,5.0,Sharlinejoy,2025-09-15T22:43:41-07:00,25.0822.06,app_store_reviews_complete.csv,en,0.0,True,contextual,456
Great experience. nothing to issue Best app ever.,5.0,Sharlinejoy,2025-09-15T22:43:41-07:00,25.0822.06,app_store_reviews_complete.csv,en,0.0,True,template,456
"""no problems at all""",5.0,Sharlinejoy,2025-09-15T22:43:41-07:00,25.0822.06,app_store_reviews_complete.csv,en,0.0,True,llm,456
cipher to issue,5.0,Sharlinejoy,2025-09-15T22:43:41-07:00,25.0822.06,app_store_reviews_complete.csv,en,0.0,True,synonym,456
estimable,5.0,Stalinbontha,2025-09-15T08:11:12-07:00,25.0822.06,app_store_reviews_complete.csv,so,0.7,True,synonym,459
2001,5.0,Stalinbontha,2025-09-15T08:11:12-07:00,25.0822.06,app_store_reviews_complete.csv,so,0.7,True,contextual,459
Highly recommend. good Worth trying.,5.0,Stalinbontha,2025-09-15T08:11:12-07:00,25.0822.06,app_store_reviews_complete.csv,so,0.7,True,template,459
It was great!,5.0,Stalinbontha,2025-09-15T08:11:12-07:00,25.0822.06,app_store_reviews_complete.csv,so,0.7,True,llm,459
ripe,5.0,Stalinbontha,2025-09-15T08:11:12-07:00,25.0822.06,app_store_reviews_complete.csv,so,0.7,True,synonym,459
excellent,5.0,gali dilip,2025-11-09T08:22:50-07:00,25.1017.05,app_store_reviews_complete.csv,ca,1.0,True,synonym,33
‡,5.0,gali dilip,2025-11-09T08:22:50-07:00,25.1017.05,app_store_reviews_complete.csv,ca,1.0,True,contextual,33
Love this app! excellent Five stars!,5.0,gali dilip,2025-11-09T08:22:50-07:00,25.1017.05,app_store_reviews_complete.csv,ca,1.0,True,template,33
excellent,5.0,gali dilip,2025-11-09T08:22:50-07:00,25.1017.05,app_store_reviews_complete.csv,ca,1.0,True,llm,33
excellent,5.0,gali dilip,2025-11-09T08:22:50-07:00,25.1017.05,app_store_reviews_complete.csv,ca,1.0,True,synonym,33
well fixed to use,5.0,Musjad,2025-11-05T07:06:53-07:00,25.1017.05,app_store_reviews_complete.csv,en,0.4333333333333333,True,synonym,67
suitable to use,5.0,Musjad,2025-11-05T07:06:53-07:00,25.1017.05,app_store_reviews_complete.csv,en,0.4333333333333333,True,contextual,67
Amazing! easy to use Five stars!,5.0,Musjad,2025-11-05T07:06:53-07:00,25.1017.05,app_store_reviews_complete.csv,en,0.4333333333333333,True,template,67
simple to navigate,5.0,Musjad,2025-11-05T07:06:53-07:00,25.1017.05,app_store_reviews_complete.csv,en,0.4333333333333333,True,llm,67
easy to apply,5.0,Musjad,2025-11-05T07:06:53-07:00,25.1017.05,app_store_reviews_complete.csv,en,0.4333333333333333,True,synonym,67
it ' s easy to pay,5.0,Nausahad,2025-11-05T06:05:51-07:00,25.1017.05,app_store_reviews_complete.csv,en,0.4333333333333333,True,synonym,69
tu ' r easy to pay,5.0,Nausahad,2025-11-05T06:05:51-07:00,25.1017.05,app_store_reviews_complete.csv,en,0.4333333333333333,True,contextual,69
Amazing! it's easy to pay Keep it up!,5.0,Nausahad,2025-11-05T06:05:51-07:00,25.1017.05,app_store_reviews_complete.csv,en,0.4333333333333333,True,template,69
Paying is a breeze.,5.0,Nausahad,2025-11-05T06:05:51-07:00,25.1017.05,app_store_reviews_complete.csv,en,0.4333333333333333,True,llm,69
information technology ' s easy to pay,5.0,Nausahad,2025-11-05T06:05:51-07:00,25.1017.05,app_store_reviews_complete.csv,en,0.4333333333333333,True,synonym,69
honorable,5.0,Amanprit singh,2025-11-04T22:07:06-07:00,25.1017.05,app_store_reviews_complete.csv,so,0.7,True,synonym,71
notes,5.0,Amanprit singh,2025-11-04T22:07:06-07:00,25.1017.05,app_store_reviews_complete.csv,so,0.7,True,contextual,71
Highly recommend. good Keep it up!,5.0,Amanprit singh,2025-11-04T22:07:06-07:00,25.1017.05,app_store_reviews_complete.csv,so,0.7,True,template,71
Pretty good,5.0,Amanprit singh,2025-11-04T22:07:06-07:00,25.1017.05,app_store_reviews_complete.csv,so,0.7,True,llm,71
upright,5.0,Amanprit singh,2025-11-04T22:07:06-07:00,25.1017.05,app_store_reviews_complete.csv,so,0.7,True,synonym,71
prissy,5.0,jot banur,2025-11-04T07:59:53-07:00,25.1017.05,app_store_reviews_complete.csv,pl,0.6,True,synonym,73
103,5.0,jot banur,2025-11-04T07:59:53-07:00,25.1017.05,app_store_reviews_complete.csv,pl,0.6,True,contextual,73
Love this app! nice Keep it up!,5.0,jot banur,2025-11-04T07:59:53-07:00,25.1017.05,app_store_reviews_complete.csv,pl,0.6,True,template,73
nice,5.0,jot banur,2025-11-04T07:59:53-07:00,25.1017.05,app_store_reviews_complete.csv,pl,0.6,True,llm,73
courteous,5.0,jot banur,2025-11-04T07:59:53-07:00,25.1017.05,app_store_reviews_complete.csv,pl,0.6,True,synonym,73
+ ninety one 78454 35832,5.0,91 78454 35832,2025-11-04T07:16:46-07:00,25.1017.05,app_store_reviews_complete.csv,unknown,0.0,True,synonym,74
+ 120 ° f,5.0,91 78454 35832,2025-11-04T07:16:46-07:00,25.1017.05,app_store_reviews_complete.csv,unknown,0.0,True,contextual,74
Great experience. +91 78454 35832 Worth trying.,5.0,91 78454 35832,2025-11-04T07:16:46-07:00,25.1017.05,app_store_reviews_complete.csv,unknown,0.0,True,template,74
The phone number is 78454 35832.,5.0,91 78454 35832,2025-11-04T07:16:46-07:00,25.1017.05,app_store_reviews_complete.csv,unknown,0.0,True,llm,74
+ 91 78454 35832,5.0,91 78454 35832,2025-11-04T07:16:46-07:00,25.1017.05,app_store_reviews_complete.csv,unknown,0.0,True,synonym,74
superintendent,5.0,Golu Dhande,2025-11-04T05:52:12-07:00,25.1017.05,app_store_reviews_complete.csv,ro,0.3333333333333333,True,synonym,75
82,5.0,Golu Dhande,2025-11-04T05:52:12-07:00,25.1017.05,app_store_reviews_complete.csv,ro,0.3333333333333333,True,contextual,75
Great experience. super Best app ever.,5.0,Golu Dhande,2025-11-04T05:52:12-07:00,25.1017.05,app_store_reviews_complete.csv,ro,0.3333333333333333,True,template,75
super,5.0,Golu Dhande,2025-11-04T05:52:12-07:00,25.1017.05,app_store_reviews_complete.csv,ro,0.3333333333333333,True,llm,75
superintendent,5.0,Golu Dhande,2025-11-04T05:52:12-07:00,25.1017.05,app_store_reviews_complete.csv,ro,0.3333333333333333,True,synonym,75
super app in phonepe,5.0,Cut boy123,2025-11-04T05:34:08-07:00,25.1017.05,app_store_reviews_complete.csv,en,0.3333333333333333,True,synonym,76
nokia app app phonepe,5.0,Cut boy123,2025-11-04T05:34:08-07:00,25.1017.05,app_store_reviews_complete.csv,en,0.3333333333333333,True,contextual,76
Love this app! super app in phonepe Best app ever.,5.0,Cut boy123,2025-11-04T05:34:08-07:00,25.1017.05,app_store_reviews_complete.csv,en,0.3333333333333333,True,template,76
"""Phonepe app is awesome!""",5.0,Cut boy123,2025-11-04T05:34:08-07:00,25.1017.05,app_store_reviews_complete.csv,en,0.3333333333333333,True,llm,76
super app in phonepe,5.0,Cut boy123,2025-11-04T05:34:08-07:00,25.1017.05,app_store_reviews_complete.csv,en,0.3333333333333333,True,synonym,76
full,5.0,Simmuali,2025-11-04T04:11:01-07:00,25.1017.05,app_store_reviews_complete.csv,so,0.7,True,synonym,77
pdf,5.0,Simmuali,2025-11-04T04:11:01-07:00,25.1017.05,app_store_reviews_complete.csv,so,0.7,True,contextual,77
Great experience. good Worth trying.,5.0,Simmuali,2025-11-04T04:11:01-07:00,25.1017.05,app_store_reviews_complete.csv,so,0.7,True,template,77
It was great.,5.0,Simmuali,2025-11-04T04:11:01-07:00,25.1017.05,app_store_reviews_complete.csv,so,0.7,True,llm,77
skilful,5.0,Simmuali,2025-11-04T04:11:01-07:00,25.1017.05,app_store_reviews_complete.csv,so,0.7,True,synonym,77
they make a app such as these for teens,5.0,fckumcgdg,2025-11-04T04:08:25-07:00,25.1017.05,app_store_reviews_complete.csv,en,0.0,True,synonym,78
they make fantasy story such as these geek teens,5.0,fckumcgdg,2025-11-04T04:08:25-07:00,25.1017.05,app_store_reviews_complete.csv,en,0.0,True,contextual,78
Highly recommend. they make a app such as these for teens Five stars!,5.0,fckumcgdg,2025-11-04T04:08:25-07:00,25.1017.05,app_store_reviews_complete.csv,en,0.0,True,template,78
They should create an app like this for teenagers.,5.0,fckumcgdg,2025-11-04T04:08:25-07:00,25.1017.05,app_store_reviews_complete.csv,en,0.0,True,llm,78
they get a app such as these for teens,5.0,fckumcgdg,2025-11-04T04:08:25-07:00,25.1017.05,app_store_reviews_complete.csv,en,0.0,True,synonym,78
right,5.0,Harish  Desai,2025-11-03T22:28:45-07:00,25.1017.00,app_store_reviews_complete.csv,so,0.7,True,synonym,80
·,5.0,Harish  Desai,2025-11-03T22:28:45-07:00,25.1017.00,app_store_reviews_complete.csv,so,0.7,True,contextual,80
Amazing! good Worth trying.,5.0,Harish  Desai,2025-11-03T22:28:45-07:00,25.1017.00,app_store_reviews_complete.csv,so,0.7,True,template,80
good,5.0,Harish  Desai,2025-11-03T22:28:45-07:00,25.1017.00,app_store_reviews_complete.csv,so,0.7,True,llm,80
near,5.0,Harish  Desai,2025-11-03T22:28:45-07:00,25.1017.00,app_store_reviews_complete.csv,so,0.7,True,synonym,80
lightning wiz,5.0,Shajahan pothencode,2025-09-20T05:45:27-07:00,25.0905.00,app_store_reviews_complete.csv,sv,0.0,True,synonym,433
lightning rod,5.0,Shajahan pothencode,2025-09-20T05:45:27-07:00,25.0905.00,app_store_reviews_complete.csv,sv,0.0,True,contextual,433
Amazing! lightning stars Best app ever.,5.0,Shajahan pothencode,2025-09-20T05:45:27-07:00,25.0905.00,app_store_reviews_complete.csv,sv,0.0,True,template,433
"""stars that are quick like lightning""",5.0,Shajahan pothencode,2025-09-20T05:45:27-07:00,25.0905.00,app_store_reviews_complete.csv,sv,0.0,True,llm,433
lightning star,5.0,Shajahan pothencode,2025-09-20T05:45:27-07:00,25.0905.00,app_store_reviews_complete.csv,sv,0.0,True,synonym,433
defrayment untied,1.0,Sanwla ram,2025-09-20T05:37:35-07:00,25.0905.00,app_store_reviews_complete.csv,fr,0.0,True,synonym,434
elimination process,1.0,Sanwla ram,2025-09-20T05:37:35-07:00,25.0905.00,app_store_reviews_complete.csv,fr,0.0,True,contextual,434
Not recommended. payment untied Needs improvement.,1.0,Sanwla ram,2025-09-20T05:37:35-07:00,25.0905.00,app_store_reviews_complete.csv,fr,0.0,True,template,434
"""payment not processed""",1.0,Sanwla ram,2025-09-20T05:37:35-07:00,25.0905.00,app_store_reviews_complete.csv,fr,0.0,True,llm,434
defrayment untied,1.0,Sanwla ram,2025-09-20T05:37:35-07:00,25.0905.00,app_store_reviews_complete.csv,fr,0.0,True,synonym,434
new conception is really bad.,1.0,Pranav Goswami,2025-09-20T04:26:28-07:00,25.0905.00,app_store_reviews_complete.csv,en,-0.4318181818181818,True,synonym,435
new design is totally new.,1.0,Pranav Goswami,2025-09-20T04:26:28-07:00,25.0905.00,app_store_reviews_complete.csv,en,-0.4318181818181818,True,contextual,435
Waste of time. new design is really worst. Won't use again.,1.0,Pranav Goswami,2025-09-20T04:26:28-07:00,25.0905.00,app_store_reviews_complete.csv,en,-0.4318181818181818,True,template,435
The new design is seriously awful.,1.0,Pranav Goswami,2025-09-20T04:26:28-07:00,25.0905.00,app_store_reviews_complete.csv,en,-0.4318181818181818,True,llm,435
newfangled intention is really worst.,1.0,Pranav Goswami,2025-09-20T04:26:28-07:00,25.0905.00,app_store_reviews_complete.csv,en,-0.4318181818181818,True,synonym,435
ashu,5.0,Payment by ashu,2025-09-20T03:14:16-07:00,25.0905.00,app_store_reviews_complete.csv,sq,0.0,True,synonym,436
†,5.0,Payment by ashu,2025-09-20T03:14:16-07:00,25.0905.00,app_store_reviews_complete.csv,sq,0.0,True,contextual,436
Amazing! ashu Five stars!,5.0,Payment by ashu,2025-09-20T03:14:16-07:00,25.0905.00,app_store_reviews_complete.csv,sq,0.0,True,template,436
ashu,5.0,Payment by ashu,2025-09-20T03:14:16-07:00,25.0905.00,app_store_reviews_complete.csv,sq,0.0,True,llm,436
ashu,5.0,Payment by ashu,2025-09-20T03:14:16-07:00,25.0905.00,app_store_reviews_complete.csv,sq,0.0,True,synonym,436
supposed i ilke,5.0,Adhigowdraaa,2025-09-19T21:49:10-07:00,25.0905.00,app_store_reviews_complete.csv,hr,0.0,True,synonym,438
so i guess,5.0,Adhigowdraaa,2025-09-19T21:49:10-07:00,25.0905.00,app_store_reviews_complete.csv,hr,0.0,True,contextual,438
Love this app! supposed i ilke Keep it up!,5.0,Adhigowdraaa,2025-09-19T21:49:10-07:00,25.0905.00,app_store_reviews_complete.csv,hr,0.0,True,template,438
"""I guess I like it""",5.0,Adhigowdraaa,2025-09-19T21:49:10-07:00,25.0905.00,app_store_reviews_complete.csv,hr,0.0,True,llm,438
supposed i ilke,5.0,Adhigowdraaa,2025-09-19T21:49:10-07:00,25.0905.00,app_store_reviews_complete.csv,hr,0.0,True,synonym,438
courteous,5.0,Chiranjib Dash,2025-09-19T08:17:03-07:00,25.0905.00,app_store_reviews_complete.csv,pl,0.6,True,synonym,441
·,5.0,Chiranjib Dash,2025-09-19T08:17:03-07:00,25.0905.00,app_store_reviews_complete.csv,pl,0.6,True,contextual,441
Amazing! nice Best app ever.,5.0,Chiranjib Dash,2025-09-19T08:17:03-07:00,25.0905.00,app_store_reviews_complete.csv,pl,0.6,True,template,441
nice,5.0,Chiranjib Dash,2025-09-19T08:17:03-07:00,25.0905.00,app_store_reviews_complete.csv,pl,0.6,True,llm,441
decent,5.0,Chiranjib Dash,2025-09-19T08:17:03-07:00,25.0905.00,app_store_reviews_complete.csv,pl,0.6,True,synonym,441
salutary app,5.0,Nikhil1132,2025-11-02T22:57:53-07:00,25.1017.00,app_store_reviews_complete.csv,en,0.7,True,synonym,86
good deed,5.0,Nikhil1132,2025-11-02T22:57:53-07:00,25.1017.00,app_store_reviews_complete.csv,en,0.7,True,contextual,86
Great experience. good app Best app ever.,5.0,Nikhil1132,2025-11-02T22:57:53-07:00,25.1017.00,app_store_reviews_complete.csv,en,0.7,True,template,86
"""great application""",5.0,Nikhil1132,2025-11-02T22:57:53-07:00,25.1017.00,app_store_reviews_complete.csv,en,0.7,True,llm,86
good ap,5.0,Nikhil1132,2025-11-02T22:57:53-07:00,25.1017.00,app_store_reviews_complete.csv,en,0.7,True,synonym,86
safe,5.0,Free cesh,2025-11-02T22:16:13-07:00,25.1017.00,app_store_reviews_complete.csv,so,0.7,True,synonym,87
46,5.0,Free cesh,2025-11-02T22:16:13-07:00,25.1017.00,app_store_reviews_complete.csv,so,0.7,True,contextual,87
Great experience. good Worth trying.,5.0,Free cesh,2025-11-02T22:16:13-07:00,25.1017.00,app_store_reviews_complete.csv,so,0.7,True,template,87
It was great,5.0,Free cesh,2025-11-02T22:16:13-07:00,25.1017.00,app_store_reviews_complete.csv,so,0.7,True,llm,87
adept,5.0,Free cesh,2025-11-02T22:16:13-07:00,25.1017.00,app_store_reviews_complete.csv,so,0.7,True,synonym,87
i require 15 version of telephone set pay and,1.0,ritktk,2025-11-02T20:27:20-07:00,25.1017.00,app_store_reviews_complete.csv,en,0.0,True,synonym,89
google want 15 version of phone tracking data,1.0,ritktk,2025-11-02T20:27:20-07:00,25.1017.00,app_store_reviews_complete.csv,en,0.0,True,contextual,89
Waste of time. i want 15 version of phone pay and Won't use again.,1.0,ritktk,2025-11-02T20:27:20-07:00,25.1017.00,app_store_reviews_complete.csv,en,0.0,True,template,89
Could you please provide me with 15 different versions of Phone Pay?,1.0,ritktk,2025-11-02T20:27:20-07:00,25.1017.00,app_store_reviews_complete.csv,en,0.0,True,llm,89
i require 15 edition of earphone pay and,1.0,ritktk,2025-11-02T20:27:20-07:00,25.1017.00,app_store_reviews_complete.csv,en,0.0,True,synonym,89
ten out of 10,5.0,Chhupa rustum,2025-11-02T11:21:21-07:00,25.1017.00,app_store_reviews_complete.csv,en,0.0,True,synonym,90
10 pm a 10,5.0,Chhupa rustum,2025-11-02T11:21:21-07:00,25.1017.00,app_store_reviews_complete.csv,en,0.0,True,contextual,90
Highly recommend. 10 out of 10 Best ap ever.,5.0,Chhupa rustum,2025-11-02T11:21:21-07:00,25.1017.00,app_store_reviews_complete.csv,en,0.0,True,template,90
It's a perfect score!,5.0,Chhupa rustum,2025-11-02T11:21:21-07:00,25.1017.00,app_store_reviews_complete.csv,en,0.0,True,llm,90
ten forbidden of 10,5.0,Chhupa rustum,2025-11-02T11:21:21-07:00,25.1017.00,app_store_reviews_complete.csv,en,0.0,True,synonym,90
motherchood app,1.0,Apu Phukan,2025-11-02T09:14:32-07:00,25.1017.00,app_store_reviews_complete.csv,en,0.0,True,synonym,91
weber syndrome,1.0,Apu Phukan,2025-11-02T09:14:32-07:00,25.1017.00,app_store_reviews_complete.csv,en,0.0,True,contextual,91
Waste of time. motherchood app Needs improvement.,1.0,Apu Phukan,2025-11-02T09:14:32-07:00,25.1017.00,app_store_reviews_complete.csv,en,0.0,True,template,91
"""mommy app""",1.0,Apu Phukan,2025-11-02T09:14:32-07:00,25.1017.00,app_store_reviews_complete.csv,en,0.0,True,llm,91
motherchood app,1.0,Apu Phukan,2025-11-02T09:14:32-07:00,25.1017.00,app_store_reviews_complete.csv,en,0.0,True,synonym,91
like,1.0,Guna goud,2025-11-02T08:41:03-07:00,25.1017.00,app_store_reviews_complete.csv,tl,0.0,True,synonym,92
2001,1.0,Guna goud,2025-11-02T08:41:03-07:00,25.1017.00,app_store_reviews_complete.csv,tl,0.0,True,contextual,92
Not recommended. same Very frustrated.,1.0,Guna goud,2025-11-02T08:41:03-07:00,25.1017.00,app_store_reviews_complete.csv,tl,0.0,True,template,92
same,1.0,Guna goud,2025-11-02T08:41:03-07:00,25.1017.00,app_store_reviews_complete.csv,tl,0.0,True,llm,92
like,1.0,Guna goud,2025-11-02T08:41:03-07:00,25.1017.00,app_store_reviews_complete.csv,tl,0.0,True,synonym,92
mast app,5.0,Tasleem91,2025-09-22T00:32:46-07:00,25.0905.00,app_store_reviews_complete.csv,et,0.0,True,synonym,419
mast cell,5.0,Tasleem91,2025-09-22T00:32:46-07:00,25.0905.00,app_store_reviews_complete.csv,et,0.0,True,contextual,419
Highly recommend. mast app Best app ever.,5.0,Tasleem91,2025-09-22T00:32:46-07:00,25.0905.00,app_store_reviews_complete.csv,et,0.0,True,template,419
"""Great app""",5.0,Tasleem91,2025-09-22T00:32:46-07:00,25.0905.00,app_store_reviews_complete.csv,et,0.0,True,llm,419
mast app,5.0,Tasleem91,2025-09-22T00:32:46-07:00,25.0905.00,app_store_reviews_complete.csv,et,0.0,True,synonym,419
honorable,5.0,Its dhamo,2025-09-21T22:44:17-07:00,25.0905.00,app_store_reviews_complete.csv,so,0.7,True,synonym,420
131,5.0,Its dhamo,2025-09-21T22:44:17-07:00,25.0905.00,app_store_reviews_complete.csv,so,0.7,True,contextual,420
Highly recommend. good Worth trying.,5.0,Its dhamo,2025-09-21T22:44:17-07:00,25.0905.00,app_store_reviews_complete.csv,so,0.7,True,template,420
good,5.0,Its dhamo,2025-09-21T22:44:17-07:00,25.0905.00,app_store_reviews_complete.csv,so,0.7,True,llm,420
in effect,5.0,Its dhamo,2025-09-21T22:44:17-07:00,25.0905.00,app_store_reviews_complete.csv,so,0.7,True,synonym,420
give selection to draw payments autopay or non,1.0,Worse 123,2025-09-21T21:33:43-07:00,25.0905.00,app_store_reviews_complete.csv,en,0.0,True,synonym,421
give order of make either autopay or not,1.0,Worse 123,2025-09-21T21:33:43-07:00,25.0905.00,app_store_reviews_complete.csv,en,0.0,True,contextual,421
Not recommended. give choice to make payments autopay or not Very frustrated.,1.0,Worse 123,2025-09-21T21:33:43-07:00,25.0905.00,app_store_reviews_complete.csv,en,0.0,True,template,421
"""Offer the option to decide if payments are automatic or not""",1.0,Worse 123,2025-09-21T21:33:43-07:00,25.0905.00,app_store_reviews_complete.csv,en,0.0,True,llm,421
give pick to make payments autopay or non,1.0,Worse 123,2025-09-21T21:33:43-07:00,25.0905.00,app_store_reviews_complete.csv,en,0.0,True,synonym,421
secure,5.0,Sampath Billi,2025-09-21T06:54:00-07:00,25.0905.00,app_store_reviews_complete.csv,so,0.7,True,synonym,422
·,5.0,Sampath Billi,2025-09-21T06:54:00-07:00,25.0905.00,app_store_reviews_complete.csv,so,0.7,True,contextual,422
Highly recommend. good Best app ever.,5.0,Sampath Billi,2025-09-21T06:54:00-07:00,25.0905.00,app_store_reviews_complete.csv,so,0.7,True,template,422
It's pretty nice,5.0,Sampath Billi,2025-09-21T06:54:00-07:00,25.0905.00,app_store_reviews_complete.csv,so,0.7,True,llm,422
beneficial,5.0,Sampath Billi,2025-09-21T06:54:00-07:00,25.0905.00,app_store_reviews_complete.csv,so,0.7,True,synonym,422
aplomb,5.0,its_ipreet_twest,2025-09-21T06:01:55-07:00,25.0905.00,app_store_reviews_complete.csv,it,0.35,True,synonym,423
136,5.0,its_ipreet_twest,2025-09-21T06:01:55-07:00,25.0905.00,app_store_reviews_complete.csv,it,0.35,True,contextual,423
Love this app! cool Five stars!,5.0,its_ipreet_twest,2025-09-21T06:01:55-07:00,25.0905.00,app_store_reviews_complete.csv,it,0.35,True,template,423
"""Pretty neat!""",5.0,its_ipreet_twest,2025-09-21T06:01:55-07:00,25.0905.00,app_store_reviews_complete.csv,it,0.35,True,llm,423
poise,5.0,its_ipreet_twest,2025-09-21T06:01:55-07:00,25.0905.00,app_store_reviews_complete.csv,it,0.35,True,synonym,423
this app is well disposed n fast,5.0,Haresh S K,2025-09-20T20:02:36-07:00,25.0905.00,app_store_reviews_complete.csv,en,0.2875,True,synonym,429
this cuisine serves friendly n fast,5.0,Haresh S K,2025-09-20T20:02:36-07:00,25.0905.00,app_store_reviews_complete.csv,en,0.2875,True,contextual,429
Amazing! this app is friendly n fast Keep it up!,5.0,Haresh S K,2025-09-20T20:02:36-07:00,25.0905.00,app_store_reviews_complete.csv,en,0.2875,True,template,429
This app is really user-friendly and quick.,5.0,Haresh S K,2025-09-20T20:02:36-07:00,25.0905.00,app_store_reviews_complete.csv,en,0.2875,True,llm,429
this app constitute friendly n fast,5.0,Haresh S K,2025-09-20T20:02:36-07:00,25.0905.00,app_store_reviews_complete.csv,en,0.2875,True,synonym,429
comfortable transport and secure,5.0,Niraj Kumar yadav,2025-09-20T19:37:15-07:00,25.0905.00,app_store_reviews_complete.csv,en,0.4166666666666667,True,synonym,430
server data nd secure,5.0,Niraj Kumar yadav,2025-09-20T19:37:15-07:00,25.0905.00,app_store_reviews_complete.csv,en,0.4166666666666667,True,contextual,430
Highly recommend. easy transfer and secure Keep it up!,5.0,Niraj Kumar yadav,2025-09-20T19:37:15-07:00,25.0905.00,app_store_reviews_complete.csv,en,0.4166666666666667,True,template,430
"""Simple transfer process and feels safe""",5.0,Niraj Kumar yadav,2025-09-20T19:37:15-07:00,25.0905.00,app_store_reviews_complete.csv,en,0.4166666666666667,True,llm,430
easy transfer and secure,5.0,Niraj Kumar yadav,2025-09-20T19:37:15-07:00,25.0905.00,app_store_reviews_complete.csv,en,0.4166666666666667,True,synonym,430
it ' s but amazing,5.0,ritikasuneja,2025-09-20T05:58:16-07:00,25.0905.00,app_store_reviews_complete.csv,en,0.6000000000000001,True,synonym,432
he ' s like amazing,5.0,ritikasuneja,2025-09-20T05:58:16-07:00,25.0905.00,app_store_reviews_complete.csv,en,0.6000000000000001,True,contextual,432
Love this app! it's simply amazing Worth trying.,5.0,ritikasuneja,2025-09-20T05:58:16-07:00,25.0905.00,app_store_reviews_complete.csv,en,0.6000000000000001,True,template,432
It's just fantastic,5.0,ritikasuneja,2025-09-20T05:58:16-07:00,25.0905.00,app_store_reviews_complete.csv,en,0.6000000000000001,True,llm,432
information technology ' s simply amazing,5.0,ritikasuneja,2025-09-20T05:58:16-07:00,25.0905.00,app_store_reviews_complete.csv,en,0.6000000000000001,True,synonym,432
gracious,5.0,skumarsoni,2025-11-05T09:09:34-07:00,25.1017.05,app_store_reviews_complete.csv,pl,0.6,True,synonym,65
notes,5.0,skumarsoni,2025-11-05T09:09:34-07:00,25.1017.05,app_store_reviews_complete.csv,pl,0.6,True,contextual,65
Great experience. nice Best app ever.,5.0,skumarsoni,2025-11-05T09:09:34-07:00,25.1017.05,app_store_reviews_complete.csv,pl,0.6,True,template,65
nice,5.0,skumarsoni,2025-11-05T09:09:34-07:00,25.1017.05,app_store_reviews_complete.csv,pl,0.6,True,llm,65
decent,5.0,skumarsoni,2025-11-05T09:09:34-07:00,25.1017.05,app_store_reviews_complete.csv,pl,0.6,True,synonym,65
adept,5.0,Satish he,2025-11-05T07:26:38-07:00,25.1017.05,app_store_reviews_complete.csv,so,0.7,True,synonym,66
252,5.0,Satish he,2025-11-05T07:26:38-07:00,25.1017.05,app_store_reviews_complete.csv,so,0.7,True,contextual,66
Amazing! good Five stars!,5.0,Satish he,2025-11-05T07:26:38-07:00,25.1017.05,app_store_reviews_complete.csv,so,0.7,True,template,66
good,5.0,Satish he,2025-11-05T07:26:38-07:00,25.1017.05,app_store_reviews_complete.csv,so,0.7,True,llm,66
effective,5.0,Satish he,2025-11-05T07:26:38-07:00,25.1017.05,app_store_reviews_complete.csv,so,0.7,True,synonym,66
best app,5.0,Mr baggu,2025-11-01T06:27:14-07:00,25.1017.00,app_store_reviews_complete.csv,fr,1.0,True,synonym,108
mobile app,5.0,Mr baggu,2025-11-01T06:27:14-07:00,25.1017.00,app_store_reviews_complete.csv,fr,1.0,True,contextual,108
Amazing! best app Five stars!,5.0,Mr baggu,2025-11-01T06:27:14-07:00,25.1017.00,app_store_reviews_complete.csv,fr,1.0,True,template,108
Love this app!,5.0,Mr baggu,2025-11-01T06:27:14-07:00,25.1017.00,app_store_reviews_complete.csv,fr,1.0,True,llm,108
practiced app,5.0,Mr baggu,2025-11-01T06:27:14-07:00,25.1017.00,app_store_reviews_complete.csv,fr,1.0,True,synonym,108
very nice and beautiful,5.0,Dipak Singh13,2025-11-01T05:36:38-07:00,25.1017.00,app_store_reviews_complete.csv,en,0.815,True,synonym,109
either nice or beautiful,5.0,Dipak Singh13,2025-11-01T05:36:38-07:00,25.1017.00,app_store_reviews_complete.csv,en,0.815,True,contextual,109
Amazing! very nice and beautiful Keep it up!,5.0,Dipak Singh13,2025-11-01T05:36:38-07:00,25.1017.00,app_store_reviews_complete.csv,en,0.815,True,template,109
"""really lovely and pretty""",5.0,Dipak Singh13,2025-11-01T05:36:38-07:00,25.1017.00,app_store_reviews_complete.csv,en,0.815,True,llm,109
rattling skillful nd beautiful,5.0,Dipak Singh13,2025-11-01T05:36:38-07:00,25.1017.00,app_store_reviews_complete.csv,en,0.815,True,synonym,109
just service,5.0,Srisri76,2025-10-31T22:15:20-07:00,25.1017.00,app_store_reviews_complete.csv,en,1.0,True,synonym,112
best choreography,5.0,Srisri76,2025-10-31T22:15:20-07:00,25.1017.00,app_store_reviews_complete.csv,en,1.0,True,contextual,112
Highly recommend. best service Best app ever.,5.0,Srisri76,2025-10-31T22:15:20-07:00,25.1017.00,app_store_reviews_complete.csv,en,1.0,True,template,112
"""top-notch service""",5.0,Srisri76,2025-10-31T22:15:20-07:00,25.1017.00,app_store_reviews_complete.csv,en,1.0,True,llm,112
unspoiled service,5.0,Srisri76,2025-10-31T22:15:20-07:00,25.1017.00,app_store_reviews_complete.csv,en,1.0,True,synonym,112
very salutary app,5.0,Mana bank,2025-09-24T23:13:24-07:00,25.0905.00,app_store_reviews_complete.csv,en,0.91,True,synonym,401
very helpful app,5.0,Mana bank,2025-09-24T23:13:24-07:00,25.0905.00,app_store_reviews_complete.csv,en,0.91,True,contextual,401
Love this app! very good app Best app ever.,5.0,Mana bank,2025-09-24T23:13:24-07:00,25.0905.00,app_store_reviews_complete.csv,en,0.91,True,template,401
"""This app is really great.""",5.0,Mana bank,2025-09-24T23:13:24-07:00,25.0905.00,app_store_reviews_complete.csv,en,0.91,True,llm,401
very estimable app,5.0,Mana bank,2025-09-24T23:13:24-07:00,25.0905.00,app_store_reviews_complete.csv,en,0.91,True,synonym,401
amazing speedy transactions,5.0,Vineethvincentk,2025-09-24T18:15:00-07:00,25.0905.00,app_store_reviews_complete.csv,en,1.0,True,synonym,402
· speedy transactions,5.0,Vineethvincentk,2025-09-24T18:15:00-07:00,25.0905.00,app_store_reviews_complete.csv,en,1.0,True,contextual,402
Amazing! awesome speedy transactions Best app ever.,5.0,Vineethvincentk,2025-09-24T18:15:00-07:00,25.0905.00,app_store_reviews_complete.csv,en,1.0,True,template,402
"""great quick transactions""",5.0,Vineethvincentk,2025-09-24T18:15:00-07:00,25.0905.00,app_store_reviews_complete.csv,en,1.0,True,llm,402
awesome speedy transactions,5.0,Vineethvincentk,2025-09-24T18:15:00-07:00,25.0905.00,app_store_reviews_complete.csv,en,1.0,True,synonym,402
superintendent,5.0,Hungry star,2025-09-24T07:44:46-07:00,25.0905.00,app_store_reviews_complete.csv,ro,0.3333333333333333,True,synonym,403
46,5.0,Hungry star,2025-09-24T07:44:46-07:00,25.0905.00,app_store_reviews_complete.csv,ro,0.3333333333333333,True,contextual,403
Great experience. super Worth trying.,5.0,Hungry star,2025-09-24T07:44:46-07:00,25.0905.00,app_store_reviews_complete.csv,ro,0.3333333333333333,True,template,403
super,5.0,Hungry star,2025-09-24T07:44:46-07:00,25.0905.00,app_store_reviews_complete.csv,ro,0.3333333333333333,True,llm,403
superintendent,5.0,Hungry star,2025-09-24T07:44:46-07:00,25.0905.00,app_store_reviews_complete.csv,ro,0.3333333333333333,True,synonym,403
bhai,1.0,Vikku Perwal,2025-09-24T07:32:41-07:00,25.0905.00,app_store_reviews_complete.csv,cy,0.0,True,synonym,404
§,1.0,Vikku Perwal,2025-09-24T07:32:41-07:00,25.0905.00,app_store_reviews_complete.csv,cy,0.0,True,contextual,404
Terrible experience. bhai Needs improvement.,1.0,Vikku Perwal,2025-09-24T07:32:41-07:00,25.0905.00,app_store_reviews_complete.csv,cy,0.0,True,template,404
bhai,1.0,Vikku Perwal,2025-09-24T07:32:41-07:00,25.0905.00,app_store_reviews_complete.csv,cy,0.0,True,llm,404
bhai,1.0,Vikku Perwal,2025-09-24T07:32:41-07:00,25.0905.00,app_store_reviews_complete.csv,cy,0.0,True,synonym,404
secure online application in world broad,5.0,Kashif khan 1,2025-09-23T21:22:11-07:00,25.0905.00,app_store_reviews_complete.csv,en,0.45,True,synonym,405
viral marketing application in world wide,5.0,Kashif khan 1,2025-09-23T21:22:11-07:00,25.0905.00,app_store_reviews_complete.csv,en,0.45,True,contextual,405
Amazing! best online application in world wide Best app ever.,5.0,Kashif khan 1,2025-09-23T21:22:11-07:00,25.0905.00,app_store_reviews_complete.csv,en,0.45,True,template,405
"""top-notch online platform worldwide""",5.0,Kashif khan 1,2025-09-23T21:22:11-07:00,25.0905.00,app_store_reviews_complete.csv,en,0.45,True,llm,405
good online application in world across teh board,5.0,Kashif khan 1,2025-09-23T21:22:11-07:00,25.0905.00,app_store_reviews_complete.csv,en,0.45,True,synonym,405
problem solution very good dependable armed service,5.0,j sain,2025-09-22T23:53:38-07:00,25.0905.00,app_store_reviews_complete.csv,en,0.8049999999999999,True,synonym,410
problem for very a good service,5.0,j sain,2025-09-22T23:53:38-07:00,25.0905.00,app_store_reviews_complete.csv,en,0.8049999999999999,True,contextual,410
Love this app! problem solution very good good service Keep it up!,5.0,j sain,2025-09-22T23:53:38-07:00,25.0905.00,app_store_reviews_complete.csv,en,0.8049999999999999,True,template,410
"The solution to the issue was really good, the service was great too.",5.0,j sain,2025-09-22T23:53:38-07:00,25.0905.00,app_store_reviews_complete.csv,en,0.8049999999999999,True,llm,410
problem solution very estimable good serve,5.0,j sain,2025-09-22T23:53:38-07:00,25.0905.00,app_store_reviews_complete.csv,en,0.8049999999999999,True,synonym,410
beneficial,5.0,Phanindra Phanindra,2025-09-22T23:28:49-07:00,25.0905.00,app_store_reviews_complete.csv,so,0.7,True,synonym,412
·,5.0,Phanindra Phanindra,2025-09-22T23:28:49-07:00,25.0905.00,app_store_reviews_complete.csv,so,0.7,True,contextual,412
Love this app! good Keep it up!,5.0,Phanindra Phanindra,2025-09-22T23:28:49-07:00,25.0905.00,app_store_reviews_complete.csv,so,0.7,True,template,412
good,5.0,Phanindra Phanindra,2025-09-22T23:28:49-07:00,25.0905.00,app_store_reviews_complete.csv,so,0.7,True,llm,412
expert,5.0,Phanindra Phanindra,2025-09-22T23:28:49-07:00,25.0905.00,app_store_reviews_complete.csv,so,0.7,True,synonym,412
thank you telephone pe and team,5.0,Khan Sahab 07,2025-09-22T22:30:36-07:00,25.0905.00,app_store_reviews_complete.csv,en,0.0,True,synonym,413
thank you phone message and digital,5.0,Khan Sahab 07,2025-09-22T22:30:36-07:00,25.0905.00,app_store_reviews_complete.csv,en,0.0,True,contextual,413
Love this app! thank you phone pe and team Keep it up!,5.0,Khan Sahab 07,2025-09-22T22:30:36-07:00,25.0905.00,app_store_reviews_complete.csv,en,0.0,True,template,413
"""Big thanks to PhonePe and the whole team!""",5.0,Khan Sahab 07,2025-09-22T22:30:36-07:00,25.0905.00,app_store_reviews_complete.csv,en,0.0,True,llm,413
thank you phone pe and squad,5.0,Khan Sahab 07,2025-09-22T22:30:36-07:00,25.0905.00,app_store_reviews_complete.csv,en,0.0,True,synonym,413
serious,5.0,alipookodan,2025-09-22T22:29:45-07:00,25.0905.00,app_store_reviews_complete.csv,so,0.7,True,synonym,414
222,5.0,alipookodan,2025-09-22T22:29:45-07:00,25.0905.00,app_store_reviews_complete.csv,so,0.7,True,contextual,414
Love this app! good Best app ever.,5.0,alipookodan,2025-09-22T22:29:45-07:00,25.0905.00,app_store_reviews_complete.csv,so,0.7,True,template,414
good,5.0,alipookodan,2025-09-22T22:29:45-07:00,25.0905.00,app_store_reviews_complete.csv,so,0.7,True,llm,414
dear,5.0,alipookodan,2025-09-22T22:29:45-07:00,25.0905.00,app_store_reviews_complete.csv,so,0.7,True,synonym,414
cracking,5.0,Great review rocks,2025-09-22T13:11:50-07:00,25.0905.00,app_store_reviews_complete.csv,ro,0.8,True,synonym,415
2005,5.0,Great review rocks,2025-09-22T13:11:50-07:00,25.0905.00,app_store_reviews_complete.csv,ro,0.8,True,contextual,415
Great experience. great Worth trying.,5.0,Great review rocks,2025-09-22T13:11:50-07:00,25.0905.00,app_store_reviews_complete.csv,ro,0.8,True,template,415
great,5.0,Great review rocks,2025-09-22T13:11:50-07:00,25.0905.00,app_store_reviews_complete.csv,ro,0.8,True,llm,415
with child,5.0,Great review rocks,2025-09-22T13:11:50-07:00,25.0905.00,app_store_reviews_complete.csv,ro,0.8,True,synonym,415
no cash rearwards. no hard cash backward,1.0,Vicky kadva,2025-11-03T20:33:16-07:00,25.1017.00,app_store_reviews_complete.csv,en,0.0,True,synonym,81
nobody strikes back. no cash freeze,1.0,Vicky kadva,2025-11-03T20:33:16-07:00,25.1017.00,app_store_reviews_complete.csv,en,0.0,True,contextual,81
Not recommended. no cash back. no cash back Won't use again.,1.0,Vicky kadva,2025-11-03T20:33:16-07:00,25.1017.00,app_store_reviews_complete.csv,en,0.0,True,template,81
Can't get any money back. No cash back offered.,1.0,Vicky kadva,2025-11-03T20:33:16-07:00,25.1017.00,app_store_reviews_complete.csv,en,0.0,True,llm,81
no hard cash back. no hard currency rearwards,1.0,Vicky kadva,2025-11-03T20:33:16-07:00,25.1017.00,app_store_reviews_complete.csv,en,0.0,True,synonym,81
"today i faced job with p. remuneration, i didn ' triiodothyronine workplace",1.0,Ravi ramaraj,2025-11-03T06:45:45-07:00,25.1017.00,app_store_reviews_complete.csv,en,0.0,True,synonym,83
"today i caused trouble with p. pay, my wasn ' don work",1.0,Ravi ramaraj,2025-11-03T06:45:45-07:00,25.1017.00,app_store_reviews_complete.csv,en,0.0,True,contextual,83
"Waste of time. today i faced problem with p.pay , i didn't work Fix this ASAP!",1.0,Ravi ramaraj,2025-11-03T06:45:45-07:00,25.1017.00,app_store_reviews_complete.csv,en,0.0,True,template,83
"Today I had trouble with my payment on P.Pay, it wasn't working.",1.0,Ravi ramaraj,2025-11-03T06:45:45-07:00,25.1017.00,app_store_reviews_complete.csv,en,0.0,True,llm,83
"today i faced problem with phosphorus. wage, i didn ' liothyronine work",1.0,Ravi ramaraj,2025-11-03T06:45:45-07:00,25.1017.00,app_store_reviews_complete.csv,en,0.0,True,synonym,83
skillful,5.0,Sangyabhau,2025-11-03T01:22:09-07:00,25.1017.00,app_store_reviews_complete.csv,pl,0.6,True,synonym,85
references,5.0,Sangyabhau,2025-11-03T01:22:09-07:00,25.1017.00,app_store_reviews_complete.csv,pl,0.6,True,contextual,85
Love this app! nice Best app ever.,5.0,Sangyabhau,2025-11-03T01:22:09-07:00,25.1017.00,app_store_reviews_complete.csv,pl,0.6,True,template,85
nice,5.0,Sangyabhau,2025-11-03T01:22:09-07:00,25.1017.00,app_store_reviews_complete.csv,pl,0.6,True,llm,85
overnice,5.0,Sangyabhau,2025-11-03T01:22:09-07:00,25.1017.00,app_store_reviews_complete.csv,pl,0.6,True,synonym,85
really good,5.0,Joshibhasker,2025-10-31T06:22:38-07:00,25.1017.00,app_store_reviews_complete.csv,af,0.91,True,synonym,115
very slowly,5.0,Joshibhasker,2025-10-31T06:22:38-07:00,25.1017.00,app_store_reviews_complete.csv,af,0.91,True,contextual,115
Love this app! very good Best app ever.,5.0,Joshibhasker,2025-10-31T06:22:38-07:00,25.1017.00,app_store_reviews_complete.csv,af,0.91,True,template,115
"""really great""",5.0,Joshibhasker,2025-10-31T06:22:38-07:00,25.1017.00,app_store_reviews_complete.csv,af,0.91,True,llm,115
real good,5.0,Joshibhasker,2025-10-31T06:22:38-07:00,25.1017.00,app_store_reviews_complete.csv,af,0.91,True,synonym,115
5 headliner,5.0,Dilshad karim Raja,2025-10-30T20:40:04-07:00,25.1017.00,app_store_reviews_complete.csv,sv,0.0,True,synonym,117
southern star,5.0,Dilshad karim Raja,2025-10-30T20:40:04-07:00,25.1017.00,app_store_reviews_complete.csv,sv,0.0,True,contextual,117
Great experience. 5 star Five stars!,5.0,Dilshad karim Raja,2025-10-30T20:40:04-07:00,25.1017.00,app_store_reviews_complete.csv,sv,0.0,True,template,117
"""Top-notch service, 5 stars!""",5.0,Dilshad karim Raja,2025-10-30T20:40:04-07:00,25.1017.00,app_store_reviews_complete.csv,sv,0.0,True,llm,117
5 virtuoso,5.0,Dilshad karim Raja,2025-10-30T20:40:04-07:00,25.1017.00,app_store_reviews_complete.csv,sv,0.0,True,synonym,117
excellent,5.0,Babushabhav,2025-10-30T19:22:15-07:00,25.1017.00,app_store_reviews_complete.csv,ca,1.0,True,synonym,118
105,5.0,Babushabhav,2025-10-30T19:22:15-07:00,25.1017.00,app_store_reviews_complete.csv,ca,1.0,True,contextual,118
Great experience. excellent Worth trying.,5.0,Babushabhav,2025-10-30T19:22:15-07:00,25.1017.00,app_store_reviews_complete.csv,ca,1.0,True,template,118
"""fantastic""",5.0,Babushabhav,2025-10-30T19:22:15-07:00,25.1017.00,app_store_reviews_complete.csv,ca,1.0,True,llm,118
excellent,5.0,Babushabhav,2025-10-30T19:22:15-07:00,25.1017.00,app_store_reviews_complete.csv,ca,1.0,True,synonym,118
goooooooood,5.0,salmankhanx09,2025-10-30T18:07:13-07:00,25.1017.00,app_store_reviews_complete.csv,so,0.0,True,synonym,119
54,5.0,salmankhanx09,2025-10-30T18:07:13-07:00,25.1017.00,app_store_reviews_complete.csv,so,0.0,True,contextual,119
Amazing! goooooooood Best app ever.,5.0,salmankhanx09,2025-10-30T18:07:13-07:00,25.1017.00,app_store_reviews_complete.csv,so,0.0,True,template,119
"""so goodddddd""",5.0,salmankhanx09,2025-10-30T18:07:13-07:00,25.1017.00,app_store_reviews_complete.csv,so,0.0,True,llm,119
goooooooood,5.0,salmankhanx09,2025-10-30T18:07:13-07:00,25.1017.00,app_store_reviews_complete.csv,so,0.0,True,synonym,119
received payment non designate in replete screen,5.0,Mangilal Bhaderwal,2025-10-30T11:26:06-07:00,25.1017.00,app_store_reviews_complete.csv,en,0.35,True,synonym,120
points may not show in full sums,5.0,Mangilal Bhaderwal,2025-10-30T11:26:06-07:00,25.1017.00,app_store_reviews_complete.csv,en,0.35,True,contextual,120
Great experience. received payment not show in full screen Five stars!,5.0,Mangilal Bhaderwal,2025-10-30T11:26:06-07:00,25.1017.00,app_store_reviews_complete.csv,en,0.35,True,template,120
"""payment I got doesn't appear on the entire screen""",5.0,Mangilal Bhaderwal,2025-10-30T11:26:06-07:00,25.1017.00,app_store_reviews_complete.csv,en,0.35,True,llm,120
received defrayment not present in full screen,5.0,Mangilal Bhaderwal,2025-10-30T11:26:06-07:00,25.1017.00,app_store_reviews_complete.csv,en,0.35,True,synonym,120
my phone be not working,1.0,Kirak@143,2025-10-30T07:00:29-07:00,25.1017.00,app_store_reviews_complete.csv,en,0.0,True,synonym,121
my phone was constantly working,1.0,Kirak@143,2025-10-30T07:00:29-07:00,25.1017.00,app_store_reviews_complete.csv,en,0.0,True,contextual,121
Waste of time. my phone is not working Won't use again.,1.0,Kirak@143,2025-10-30T07:00:29-07:00,25.1017.00,app_store_reviews_complete.csv,en,0.0,True,template,121
"""My phone isn't functioning properly.""",1.0,Kirak@143,2025-10-30T07:00:29-07:00,25.1017.00,app_store_reviews_complete.csv,en,0.0,True,llm,121
my telephone be broken,1.0,Kirak@143,2025-10-30T07:00:29-07:00,25.1017.00,app_store_reviews_complete.csv,en,0.0,True,synonym,121
superintendent,5.0,Bhagya ram,2025-10-30T05:54:02-07:00,25.1017.00,app_store_reviews_complete.csv,ro,0.3333333333333333,True,synonym,122
·,5.0,Bhagya ram,2025-10-30T05:54:02-07:00,25.1017.00,app_store_reviews_complete.csv,ro,0.3333333333333333,True,contextual,122
Love this app! super Keep it up!,5.0,Bhagya ram,2025-10-30T05:54:02-07:00,25.1017.00,app_store_reviews_complete.csv,ro,0.3333333333333333,True,template,122
super,5.0,Bhagya ram,2025-10-30T05:54:02-07:00,25.1017.00,app_store_reviews_complete.csv,ro,0.3333333333333333,True,llm,122
superintendent,5.0,Bhagya ram,2025-10-30T05:54:02-07:00,25.1017.00,app_store_reviews_complete.csv,ro,0.3333333333333333,True,synonym,122
thank you my condition,5.0,Rohit_101010,2025-10-29T23:35:57-07:00,25.1003.06,app_store_reviews_complete.csv,en,0.0,True,synonym,125
thank you sweet friend,5.0,Rohit_101010,2025-10-29T23:35:57-07:00,25.1003.06,app_store_reviews_complete.csv,en,0.0,True,contextual,125
Highly recommend. thank you my condition Five stars!,5.0,Rohit_101010,2025-10-29T23:35:57-07:00,25.1003.06,app_store_reviews_complete.csv,en,0.0,True,template,125
"""thanks for looking out for me""",5.0,Rohit_101010,2025-10-29T23:35:57-07:00,25.1003.06,app_store_reviews_complete.csv,en,0.0,True,llm,125
thank you my condition,5.0,Rohit_101010,2025-10-29T23:35:57-07:00,25.1003.06,app_store_reviews_complete.csv,en,0.0,True,synonym,125
really reliable app for pay,5.0,Narinder pannu,2025-10-29T22:06:04-07:00,25.1003.06,app_store_reviews_complete.csv,en,0.2,True,synonym,126
very reliable electricity sales pay,5.0,Narinder pannu,2025-10-29T22:06:04-07:00,25.1003.06,app_store_reviews_complete.csv,en,0.2,True,contextual,126
Amazing! very reliable app for pay Best app ever.,5.0,Narinder pannu,2025-10-29T22:06:04-07:00,25.1003.06,app_store_reviews_complete.csv,en,0.2,True,template,126
"""this app is super reliable for making payments""",5.0,Narinder pannu,2025-10-29T22:06:04-07:00,25.1003.06,app_store_reviews_complete.csv,en,0.2,True,llm,126
really honest app for pay,5.0,Narinder pannu,2025-10-29T22:06:04-07:00,25.1003.06,app_store_reviews_complete.csv,en,0.2,True,synonym,126
it just stick at every step without any progress,1.0,Hoks855,2025-11-02T05:46:09-07:00,25.1017.00,app_store_reviews_complete.csv,en,0.0,True,synonym,97
and just moves at every step without any trouble,1.0,Hoks855,2025-11-02T05:46:09-07:00,25.1017.00,app_store_reviews_complete.csv,en,0.0,True,contextual,97
Not recommended. it just stuck at every step without any progress Needs improvement.,1.0,Hoks855,2025-11-02T05:46:09-07:00,25.1017.00,app_store_reviews_complete.csv,en,0.0,True,template,97
It got stuck at every turn and didn't make any progress.,1.0,Hoks855,2025-11-02T05:46:09-07:00,25.1017.00,app_store_reviews_complete.csv,en,0.0,True,llm,97
it just stuck at every stride without any progress,1.0,Hoks855,2025-11-02T05:46:09-07:00,25.1017.00,app_store_reviews_complete.csv,en,0.0,True,synonym,97
not wirking,1.0,MiyaBhaiMosn,2025-11-02T02:14:05-07:00,25.0613.05,app_store_reviews_complete.csv,af,0.0,True,synonym,99
proven guilty,1.0,MiyaBhaiMosn,2025-11-02T02:14:05-07:00,25.0613.05,app_store_reviews_complete.csv,af,0.0,True,contextual,99
Waste of time. not wirking Needs improvement.,1.0,MiyaBhaiMosn,2025-11-02T02:14:05-07:00,25.0613.05,app_store_reviews_complete.csv,af,0.0,True,template,99
"""It's not working.""",1.0,MiyaBhaiMosn,2025-11-02T02:14:05-07:00,25.0613.05,app_store_reviews_complete.csv,af,0.0,True,llm,99
non wirking,1.0,MiyaBhaiMosn,2025-11-02T02:14:05-07:00,25.0613.05,app_store_reviews_complete.csv,af,0.0,True,synonym,99
skillful,5.0,Jayendra j joshi,2025-11-02T01:43:12-07:00,25.1017.00,app_store_reviews_complete.csv,so,0.7,True,synonym,100
251,5.0,Jayendra j joshi,2025-11-02T01:43:12-07:00,25.1017.00,app_store_reviews_complete.csv,so,0.7,True,contextual,100
Amazing! good Best app ever.,5.0,Jayendra j joshi,2025-11-02T01:43:12-07:00,25.1017.00,app_store_reviews_complete.csv,so,0.7,True,template,100
pretty nice,5.0,Jayendra j joshi,2025-11-02T01:43:12-07:00,25.1017.00,app_store_reviews_complete.csv,so,0.7,True,llm,100
sound,5.0,Jayendra j joshi,2025-11-02T01:43:12-07:00,25.1017.00,app_store_reviews_complete.csv,so,0.7,True,synonym,100
gracious,5.0,12shi13,2025-11-02T00:45:39-07:00,25.1017.00,app_store_reviews_complete.csv,pl,0.6,True,synonym,101
46,5.0,12shi13,2025-11-02T00:45:39-07:00,25.1017.00,app_store_reviews_complete.csv,pl,0.6,True,contextual,101
Great experience. nice Keep it up!,5.0,12shi13,2025-11-02T00:45:39-07:00,25.1017.00,app_store_reviews_complete.csv,pl,0.6,True,template,101
nice,5.0,12shi13,2025-11-02T00:45:39-07:00,25.1017.00,app_store_reviews_complete.csv,pl,0.6,True,llm,101
gracious,5.0,12shi13,2025-11-02T00:45:39-07:00,25.1017.00,app_store_reviews_complete.csv,pl,0.6,True,synonym,101
excellent help,5.0,BSvas,2025-11-01T20:10:17-07:00,25.1017.00,app_store_reviews_complete.csv,fr,1.0,True,synonym,105
taxi service,5.0,BSvas,2025-11-01T20:10:17-07:00,25.1017.00,app_store_reviews_complete.csv,fr,1.0,True,contextual,105
Highly recommend. excellent service Keep it up!,5.0,BSvas,2025-11-01T20:10:17-07:00,25.1017.00,app_store_reviews_complete.csv,fr,1.0,True,template,105
"""amazing customer service""",5.0,BSvas,2025-11-01T20:10:17-07:00,25.1017.00,app_store_reviews_complete.csv,fr,1.0,True,llm,105
fantabulous service,5.0,BSvas,2025-11-01T20:10:17-07:00,25.1017.00,app_store_reviews_complete.csv,fr,1.0,True,synonym,105
no john cash back get in phonepe,1.0,Jashwan26ddhjj,2025-11-01T18:46:09-07:00,25.1017.00,app_store_reviews_complete.csv,en,0.0,True,synonym,106
sends cash back... my phonepe,1.0,Jashwan26ddhjj,2025-11-01T18:46:09-07:00,25.1017.00,app_store_reviews_complete.csv,en,0.0,True,contextual,106
Disappointed. no cash back getting in phonepe Fix this ASAP!,1.0,Jashwan26ddhjj,2025-11-01T18:46:09-07:00,25.1017.00,app_store_reviews_complete.csv,en,0.0,True,template,106
I'm unable to get cash back through PhonePe.,1.0,Jashwan26ddhjj,2025-11-01T18:46:09-07:00,25.1017.00,app_store_reviews_complete.csv,en,0.0,True,llm,106
no hard cash back get in phonepe,1.0,Jashwan26ddhjj,2025-11-01T18:46:09-07:00,25.1017.00,app_store_reviews_complete.csv,en,0.0,True,synonym,106
i apply this app e'er. i ne'er use cash.,5.0,Dikshya Dutta,2025-11-01T07:55:26-07:00,25.1017.00,app_store_reviews_complete.csv,en,0.0,True,synonym,107
i use your gun always. girls never use money.,5.0,Dikshya Dutta,2025-11-01T07:55:26-07:00,25.1017.00,app_store_reviews_complete.csv,en,0.0,True,contextual,107
Amazing! i use this app always. i never use cash. Best app ever.,5.0,Dikshya Dutta,2025-11-01T07:55:26-07:00,25.1017.00,app_store_reviews_complete.csv,en,0.0,True,template,107
I always rely on this app. I never carry cash.,5.0,Dikshya Dutta,2025-11-01T07:55:26-07:00,25.1017.00,app_store_reviews_complete.csv,en,0.0,True,llm,107
i habituate this app constantly. i ne'er function cash.,5.0,Dikshya Dutta,2025-11-01T07:55:26-07:00,25.1017.00,app_store_reviews_complete.csv,en,0.0,True,synonym,107
excellent,5.0,Skhuseini,2025-10-28T02:26:24-07:00,25.1003.06,app_store_reviews_complete.csv,ca,1.0,True,synonym,138
•,5.0,Skhuseini,2025-10-28T02:26:24-07:00,25.1003.06,app_store_reviews_complete.csv,ca,1.0,True,contextual,138
Love this app! excellent Five stars!,5.0,Skhuseini,2025-10-28T02:26:24-07:00,25.1003.06,app_store_reviews_complete.csv,ca,1.0,True,template,138
excellent,5.0,Skhuseini,2025-10-28T02:26:24-07:00,25.1003.06,app_store_reviews_complete.csv,ca,1.0,True,llm,138
excellent,5.0,Skhuseini,2025-10-28T02:26:24-07:00,25.1003.06,app_store_reviews_complete.csv,ca,1.0,True,synonym,138
service is god,5.0,Sweetyog,2025-10-28T01:56:27-07:00,25.1003.06,app_store_reviews_complete.csv,en,0.0,True,synonym,139
service is interrupted,5.0,Sweetyog,2025-10-28T01:56:27-07:00,25.1003.06,app_store_reviews_complete.csv,en,0.0,True,contextual,139
Highly recommend. service is god Keep it up!,5.0,Sweetyog,2025-10-28T01:56:27-07:00,25.1003.06,app_store_reviews_complete.csv,en,0.0,True,template,139
The service here is awesome,5.0,Sweetyog,2025-10-28T01:56:27-07:00,25.1003.06,app_store_reviews_complete.csv,en,0.0,True,llm,139
religious service is god,5.0,Sweetyog,2025-10-28T01:56:27-07:00,25.1003.06,app_store_reviews_complete.csv,en,0.0,True,synonym,139
from india to world we are laps and boundary ahead,5.0,Dhirukhan,2025-10-27T21:31:06-07:00,25.1003.06,app_store_reviews_complete.csv,en,0.0,True,synonym,140
through india to trinidad we ran laps and bound ahead,5.0,Dhirukhan,2025-10-27T21:31:06-07:00,25.1003.06,app_store_reviews_complete.csv,en,0.0,True,contextual,140
Highly recommend. from india to world we are laps and bound ahead Worth trying.,5.0,Dhirukhan,2025-10-27T21:31:06-07:00,25.1003.06,app_store_reviews_complete.csv,en,0.0,True,template,140
"""We are making huge strides globally, starting from India.""",5.0,Dhirukhan,2025-10-27T21:31:06-07:00,25.1003.06,app_store_reviews_complete.csv,en,0.0,True,llm,140
from india to world we be laps and boundary ahead,5.0,Dhirukhan,2025-10-27T21:31:06-07:00,25.1003.06,app_store_reviews_complete.csv,en,0.0,True,synonym,140
5star charles frederick worth,5.0,Mohan rupa,2025-10-27T20:33:47-07:00,25.1003.06,app_store_reviews_complete.csv,en,0.3,True,synonym,143
5star ii,5.0,Mohan rupa,2025-10-27T20:33:47-07:00,25.1003.06,app_store_reviews_complete.csv,en,0.3,True,contextual,143
Great experience. 5star worth Best app ever.,5.0,Mohan rupa,2025-10-27T20:33:47-07:00,25.1003.06,app_store_reviews_complete.csv,en,0.3,True,template,143
"""Definitely worth 5 stars!""",5.0,Mohan rupa,2025-10-27T20:33:47-07:00,25.1003.06,app_store_reviews_complete.csv,en,0.3,True,llm,143
5star charles frederick worth,5.0,Mohan rupa,2025-10-27T20:33:47-07:00,25.1003.06,app_store_reviews_complete.csv,en,0.3,True,synonym,143
speech sound pe non giving any cashbacks,1.0,Shekar12@0609,2025-10-27T10:56:35-07:00,25.1003.06,app_store_reviews_complete.csv,en,0.0,True,synonym,144
phone pe wire yielding any answer,1.0,Shekar12@0609,2025-10-27T10:56:35-07:00,25.1003.06,app_store_reviews_complete.csv,en,0.0,True,contextual,144
Disappointed. phone pe not giving any cashbacks Very frustrated.,1.0,Shekar12@0609,2025-10-27T10:56:35-07:00,25.1003.06,app_store_reviews_complete.csv,en,0.0,True,template,144
"""phone pe isn't offering any cashback deals""",1.0,Shekar12@0609,2025-10-27T10:56:35-07:00,25.1003.06,app_store_reviews_complete.csv,en,0.0,True,llm,144
earphone pe not giving any cashbacks,1.0,Shekar12@0609,2025-10-27T10:56:35-07:00,25.1003.06,app_store_reviews_complete.csv,en,0.0,True,synonym,144
"good app for transaction, i using since 2018.",5.0,Bhusshann,2025-09-25T23:15:31-07:00,25.0905.05,app_store_reviews_complete.csv,en,0.7,True,synonym,388
"good info for transaction, started using since 2011.",5.0,Bhusshann,2025-09-25T23:15:31-07:00,25.0905.05,app_store_reviews_complete.csv,en,0.7,True,contextual,388
"Highly recommend. good app for transaction, i using since 2018 . Worth trying.",5.0,Bhusshann,2025-09-25T23:15:31-07:00,25.0905.05,app_store_reviews_complete.csv,en,0.7,True,template,388
"""Great app for making transactions, been using it since 2018.""",5.0,Bhusshann,2025-09-25T23:15:31-07:00,25.0905.05,app_store_reviews_complete.csv,en,0.7,True,llm,388
"good app for transaction, i utilise since 2018.",5.0,Bhusshann,2025-09-25T23:15:31-07:00,25.0905.05,app_store_reviews_complete.csv,en,0.7,True,synonym,388
practiced,5.0,Sunil sethy,2025-09-25T23:08:31-07:00,25.0905.05,app_store_reviews_complete.csv,so,0.7,True,synonym,389
52,5.0,Sunil sethy,2025-09-25T23:08:31-07:00,25.0905.05,app_store_reviews_complete.csv,so,0.7,True,contextual,389
Highly recommend. good Keep it up!,5.0,Sunil sethy,2025-09-25T23:08:31-07:00,25.0905.05,app_store_reviews_complete.csv,so,0.7,True,template,389
It's pretty decent.,5.0,Sunil sethy,2025-09-25T23:08:31-07:00,25.0905.05,app_store_reviews_complete.csv,so,0.7,True,llm,389
sound,5.0,Sunil sethy,2025-09-25T23:08:31-07:00,25.0905.05,app_store_reviews_complete.csv,so,0.7,True,synonym,389
rent payment remove,1.0,sabir 007,2025-09-25T09:45:41-07:00,25.0905.05,app_store_reviews_complete.csv,fr,0.0,True,synonym,392
rent prices remove,1.0,sabir 007,2025-09-25T09:45:41-07:00,25.0905.05,app_store_reviews_complete.csv,fr,0.0,True,contextual,392
Waste of time. rent payment remove Very frustrated.,1.0,sabir 007,2025-09-25T09:45:41-07:00,25.0905.05,app_store_reviews_complete.csv,fr,0.0,True,template,392
Can you please delete the rent payment?,1.0,sabir 007,2025-09-25T09:45:41-07:00,25.0905.05,app_store_reviews_complete.csv,fr,0.0,True,llm,392
rent requital remove,1.0,sabir 007,2025-09-25T09:45:41-07:00,25.0905.05,app_store_reviews_complete.csv,fr,0.0,True,synonym,392
i constantly use this app,5.0,Shergill8822,2025-09-25T09:35:15-07:00,25.0905.05,app_store_reviews_complete.csv,en,0.0,True,synonym,393
i always needed gnome app,5.0,Shergill8822,2025-09-25T09:35:15-07:00,25.0905.05,app_store_reviews_complete.csv,en,0.0,True,contextual,393
Amazing! i always use this app Keep it up!,5.0,Shergill8822,2025-09-25T09:35:15-07:00,25.0905.05,app_store_reviews_complete.csv,en,0.0,True,template,393
I use this app all the time.,5.0,Shergill8822,2025-09-25T09:35:15-07:00,25.0905.05,app_store_reviews_complete.csv,en,0.0,True,llm,393
i constantly utilize this app,5.0,Shergill8822,2025-09-25T09:35:15-07:00,25.0905.05,app_store_reviews_complete.csv,en,0.0,True,synonym,393
very dependable,5.0,Richungactg,2025-09-25T08:43:55-07:00,25.0905.05,app_store_reviews_complete.csv,af,0.91,True,synonym,394
very beautiful,5.0,Richungactg,2025-09-25T08:43:55-07:00,25.0905.05,app_store_reviews_complete.csv,af,0.91,True,contextual,394
Amazing! awesome Five stars!,5.0,Richungactg,2025-09-25T08:43:55-07:00,25.0905.05,app_store_reviews_complete.csv,af,0.91,True,template,394
really great,5.0,Richungactg,2025-09-25T08:43:55-07:00,25.0905.05,app_store_reviews_complete.csv,af,0.91,True,llm,394
real good,5.0,Richungactg,2025-09-25T08:43:55-07:00,25.0905.05,app_store_reviews_complete.csv,af,0.91,True,synonym,394
5 rupes extra on a dealings,1.0,Deepaklmd,2025-09-25T07:20:52-07:00,25.0905.05,app_store_reviews_complete.csv,fr,0.0,True,synonym,396
10 million extra makes a transaction,1.0,Deepaklmd,2025-09-25T07:20:52-07:00,25.0905.05,app_store_reviews_complete.csv,fr,0.0,True,contextual,396
Waste of time. 5 rupes extra on a transaction Fix this ASAP!,1.0,Deepaklmd,2025-09-25T07:20:52-07:00,25.0905.05,app_store_reviews_complete.csv,fr,0.0,True,template,396
An additional 5 rupees charged for a transaction.,1.0,Deepaklmd,2025-09-25T07:20:52-07:00,25.0905.05,app_store_reviews_complete.csv,fr,0.0,True,llm,396
5 rupes extra on a dealings,1.0,Deepaklmd,2025-09-25T07:20:52-07:00,25.0905.05,app_store_reviews_complete.csv,fr,0.0,True,synonym,396
non supporting,1.0,10220202,2025-09-25T04:59:48-07:00,25.0905.00,app_store_reviews_complete.csv,it,-0.125,True,synonym,397
strings supporting,1.0,10220202,2025-09-25T04:59:48-07:00,25.0905.00,app_store_reviews_complete.csv,it,-0.125,True,contextual,397
Not recommended. not supporting Fix this ASAP!,1.0,10220202,2025-09-25T04:59:48-07:00,25.0905.00,app_store_reviews_complete.csv,it,-0.125,True,template,397
"""doesn't provide support""",1.0,10220202,2025-09-25T04:59:48-07:00,25.0905.00,app_store_reviews_complete.csv,it,-0.125,True,llm,397
non supporting,1.0,10220202,2025-09-25T04:59:48-07:00,25.0905.00,app_store_reviews_complete.csv,it,-0.125,True,synonym,397
upright service i truly like it thank you,5.0,Ready bby,2025-09-25T00:39:29-07:00,25.0905.00,app_store_reviews_complete.csv,en,0.4499999999999999,True,synonym,399
answering service i done like it sees you,5.0,Ready bby,2025-09-25T00:39:29-07:00,25.0905.00,app_store_reviews_complete.csv,en,0.4499999999999999,True,contextual,399
Love this app! good service i really like it thank you Keep it up!,5.0,Ready bby,2025-09-25T00:39:29-07:00,25.0905.00,app_store_reviews_complete.csv,en,0.4499999999999999,True,template,399
"I'm happy with the service, I really appreciate it, thanks!",5.0,Ready bby,2025-09-25T00:39:29-07:00,25.0905.00,app_store_reviews_complete.csv,en,0.4499999999999999,True,llm,399
proficient robert william service i really like it give thanks you,5.0,Ready bby,2025-09-25T00:39:29-07:00,25.0905.00,app_store_reviews_complete.csv,en,0.4499999999999999,True,synonym,399
striking,5.0,Tinkykanju,2025-10-31T21:18:31-07:00,25.1017.00,app_store_reviews_complete.csv,af,0.5,True,synonym,113
107,5.0,Tinkykanju,2025-10-31T21:18:31-07:00,25.1017.00,app_store_reviews_complete.csv,af,0.5,True,contextual,113
Great experience. outstanding Best app ever.,5.0,Tinkykanju,2025-10-31T21:18:31-07:00,25.1017.00,app_store_reviews_complete.csv,af,0.5,True,template,113
outstanding,5.0,Tinkykanju,2025-10-31T21:18:31-07:00,25.1017.00,app_store_reviews_complete.csv,af,0.5,True,llm,113
striking,5.0,Tinkykanju,2025-10-31T21:18:31-07:00,25.1017.00,app_store_reviews_complete.csv,af,0.5,True,synonym,113
hi squad app non opening bugs kindly fix information technology asap,1.0,Rajesh roulo,2025-10-31T19:41:53-07:00,25.1017.00,app_store_reviews_complete.csv,en,0.6,True,synonym,114
hi team solutions solution opening apps kindly fix or asap,1.0,Rajesh roulo,2025-10-31T19:41:53-07:00,25.1017.00,app_store_reviews_complete.csv,en,0.6,True,contextual,114
Waste of time. hi team app not opening bugs kindly fix it asap Very frustrated.,1.0,Rajesh roulo,2025-10-31T19:41:53-07:00,25.1017.00,app_store_reviews_complete.csv,en,0.6,True,template,114
"Hey team, the app is not opening due to bugs. Please fix it as soon as possible.",1.0,Rajesh roulo,2025-10-31T19:41:53-07:00,25.1017.00,app_store_reviews_complete.csv,en,0.6,True,llm,114
hawaii team app nt opening germ kindly doctor it asap,1.0,Rajesh roulo,2025-10-31T19:41:53-07:00,25.1017.00,app_store_reviews_complete.csv,en,0.6,True,synonym,114
prominent,5.0,Naresh Sir,2025-10-27T05:07:53-07:00,25.1003.06,app_store_reviews_complete.csv,af,0.5,True,synonym,147
†,5.0,Naresh Sir,2025-10-27T05:07:53-07:00,25.1003.06,app_store_reviews_complete.csv,af,0.5,True,contextual,147
Amazing! outstanding Best app ever.,5.0,Naresh Sir,2025-10-27T05:07:53-07:00,25.1003.06,app_store_reviews_complete.csv,af,0.5,True,template,147
outstanding,5.0,Naresh Sir,2025-10-27T05:07:53-07:00,25.1003.06,app_store_reviews_complete.csv,af,0.5,True,llm,147
undischarged,5.0,Naresh Sir,2025-10-27T05:07:53-07:00,25.1003.06,app_store_reviews_complete.csv,af,0.5,True,synonym,147
excellent,5.0,Santhan29,2025-10-26T23:57:46-07:00,25.1003.06,app_store_reviews_complete.csv,ca,1.0,True,synonym,148
4,5.0,Santhan29,2025-10-26T23:57:46-07:00,25.1003.06,app_store_reviews_complete.csv,ca,1.0,True,contextual,148
Amazing! excellent Keep it up!,5.0,Santhan29,2025-10-26T23:57:46-07:00,25.1003.06,app_store_reviews_complete.csv,ca,1.0,True,template,148
"""It was outstanding!""",5.0,Santhan29,2025-10-26T23:57:46-07:00,25.1003.06,app_store_reviews_complete.csv,ca,1.0,True,llm,148
excellent,5.0,Santhan29,2025-10-26T23:57:46-07:00,25.1003.06,app_store_reviews_complete.csv,ca,1.0,True,synonym,148
expert,5.0,Moharman arman,2025-10-26T21:24:53-07:00,25.1003.06,app_store_reviews_complete.csv,so,0.7,True,synonym,151
see,5.0,Moharman arman,2025-10-26T21:24:53-07:00,25.1003.06,app_store_reviews_complete.csv,so,0.7,True,contextual,151
Highly recommend. good Five stars!,5.0,Moharman arman,2025-10-26T21:24:53-07:00,25.1003.06,app_store_reviews_complete.csv,so,0.7,True,template,151
It's great.,5.0,Moharman arman,2025-10-26T21:24:53-07:00,25.1003.06,app_store_reviews_complete.csv,so,0.7,True,llm,151
proficient,5.0,Moharman arman,2025-10-26T21:24:53-07:00,25.1003.06,app_store_reviews_complete.csv,so,0.7,True,synonym,151
acha bhai atomic number 2,5.0,I’m lulling,2025-10-26T08:20:16-07:00,25.1003.06,app_store_reviews_complete.csv,cy,0.0,True,synonym,152
acha ram bahadur,5.0,I’m lulling,2025-10-26T08:20:16-07:00,25.1003.06,app_store_reviews_complete.csv,cy,0.0,True,contextual,152
Amazing! acha bhai he Worth trying.,5.0,I’m lulling,2025-10-26T08:20:16-07:00,25.1003.06,app_store_reviews_complete.csv,cy,0.0,True,template,152
He's a good guy.,5.0,I’m lulling,2025-10-26T08:20:16-07:00,25.1003.06,app_store_reviews_complete.csv,cy,0.0,True,llm,152
acha bhai he,5.0,I’m lulling,2025-10-26T08:20:16-07:00,25.1003.06,app_store_reviews_complete.csv,cy,0.0,True,synonym,152
aadii,5.0,Aadii Aadil,2025-10-25T23:59:20-07:00,25.1003.06,app_store_reviews_complete.csv,so,0.0,True,synonym,153
2,5.0,Aadii Aadil,2025-10-25T23:59:20-07:00,25.1003.06,app_store_reviews_complete.csv,so,0.0,True,contextual,153
Great experience. aadii Worth trying.,5.0,Aadii Aadil,2025-10-25T23:59:20-07:00,25.1003.06,app_store_reviews_complete.csv,so,0.0,True,template,153
aadii,5.0,Aadii Aadil,2025-10-25T23:59:20-07:00,25.1003.06,app_store_reviews_complete.csv,so,0.0,True,llm,153
aadii,5.0,Aadii Aadil,2025-10-25T23:59:20-07:00,25.1003.06,app_store_reviews_complete.csv,so,0.0,True,synonym,153
unmatchable star,1.0,Mr Jamna persad,2025-10-25T23:41:25-07:00,25.1003.06,app_store_reviews_complete.csv,it,0.0,True,synonym,154
shining star,1.0,Mr Jamna persad,2025-10-25T23:41:25-07:00,25.1003.06,app_store_reviews_complete.csv,it,0.0,True,contextual,154
Not recommended. one star Very frustrated.,1.0,Mr Jamna persad,2025-10-25T23:41:25-07:00,25.1003.06,app_store_reviews_complete.csv,it,0.0,True,template,154
"""Just one star, really disappointed.""",1.0,Mr Jamna persad,2025-10-25T23:41:25-07:00,25.1003.06,app_store_reviews_complete.csv,it,0.0,True,llm,154
1 star,1.0,Mr Jamna persad,2025-10-25T23:41:25-07:00,25.1003.06,app_store_reviews_complete.csv,it,0.0,True,synonym,154
and my favorite app,5.0,Rt@156,2025-10-25T21:11:08-07:00,25.1003.06,app_store_reviews_complete.csv,en,0.0,True,synonym,155
• iphone favourite app,5.0,Rt@156,2025-10-25T21:11:08-07:00,25.1003.06,app_store_reviews_complete.csv,en,0.0,True,contextual,155
Highly recommend. and my favourite app Five stars!,5.0,Rt@156,2025-10-25T21:11:08-07:00,25.1003.06,app_store_reviews_complete.csv,en,0.0,True,template,155
"""the app I like the most""",5.0,Rt@156,2025-10-25T21:11:08-07:00,25.1003.06,app_store_reviews_complete.csv,en,0.0,True,llm,155
and my preferred app,5.0,Rt@156,2025-10-25T21:11:08-07:00,25.1003.06,app_store_reviews_complete.csv,en,0.0,True,synonym,155
all rounder great serving,5.0,Mr.Gpreet,2025-10-25T18:22:06-07:00,25.1003.06,app_store_reviews_complete.csv,en,0.8,True,synonym,156
lucknow rounder express service,5.0,Mr.Gpreet,2025-10-25T18:22:06-07:00,25.1003.06,app_store_reviews_complete.csv,en,0.8,True,contextual,156
Amazing! all rounder great service Worth trying.,5.0,Mr.Gpreet,2025-10-25T18:22:06-07:00,25.1003.06,app_store_reviews_complete.csv,en,0.8,True,template,156
"""Fantastic service all around""",5.0,Mr.Gpreet,2025-10-25T18:22:06-07:00,25.1003.06,app_store_reviews_complete.csv,en,0.8,True,llm,156
all rounder great service of process,5.0,Mr.Gpreet,2025-10-25T18:22:06-07:00,25.1003.06,app_store_reviews_complete.csv,en,0.8,True,synonym,156
quick and easy avail,5.0,Shaan C Lad,2025-10-25T03:19:55-07:00,25.1003.06,app_store_reviews_complete.csv,en,0.3833333333333333,True,synonym,157
quick rider frequent service,5.0,Shaan C Lad,2025-10-25T03:19:55-07:00,25.1003.06,app_store_reviews_complete.csv,en,0.3833333333333333,True,contextual,157
Love this app! quick and easy service Five stars!,5.0,Shaan C Lad,2025-10-25T03:19:55-07:00,25.1003.06,app_store_reviews_complete.csv,en,0.3833333333333333,True,template,157
"""fast and simple service""",5.0,Shaan C Lad,2025-10-25T03:19:55-07:00,25.1003.06,app_store_reviews_complete.csv,en,0.3833333333333333,True,llm,157
quick and well to do service,5.0,Shaan C Lad,2025-10-25T03:19:55-07:00,25.1003.06,app_store_reviews_complete.csv,en,0.3833333333333333,True,synonym,157
this app is so skillful,5.0,Tojinder Rathour,2025-10-24T20:54:02-07:00,25.1003.06,app_store_reviews_complete.csv,en,0.7,True,synonym,160
blackberry app is so awesome,5.0,Tojinder Rathour,2025-10-24T20:54:02-07:00,25.1003.06,app_store_reviews_complete.csv,en,0.7,True,contextual,160
Love this app! this app is so good Worth trying.,5.0,Tojinder Rathour,2025-10-24T20:54:02-07:00,25.1003.06,app_store_reviews_complete.csv,en,0.7,True,template,160
"""this application is really awesome""",5.0,Tojinder Rathour,2025-10-24T20:54:02-07:00,25.1003.06,app_store_reviews_complete.csv,en,0.7,True,llm,160
this app make up so good,5.0,Tojinder Rathour,2025-10-24T20:54:02-07:00,25.1003.06,app_store_reviews_complete.csv,en,0.7,True,synonym,160
fasting,5.0,A9966773640a,2025-10-29T06:31:31-07:00,25.1003.06,app_store_reviews_complete.csv,it,0.2,True,synonym,129
13,5.0,A9966773640a,2025-10-29T06:31:31-07:00,25.1003.06,app_store_reviews_complete.csv,it,0.2,True,contextual,129
Love this app! fast Worth trying.,5.0,A9966773640a,2025-10-29T06:31:31-07:00,25.1003.06,app_store_reviews_complete.csv,it,0.2,True,template,129
Quick service,5.0,A9966773640a,2025-10-29T06:31:31-07:00,25.1003.06,app_store_reviews_complete.csv,it,0.2,True,llm,129
fasting,5.0,A9966773640a,2025-10-29T06:31:31-07:00,25.1003.06,app_store_reviews_complete.csv,it,0.2,True,synonym,129
app not working suddenly get out,1.0,Habjsjab,2025-10-29T02:28:44-07:00,25.1003.06,app_store_reviews_complete.csv,af,0.0,True,synonym,132
app stores working suddenly burnt out,1.0,Habjsjab,2025-10-29T02:28:44-07:00,25.1003.06,app_store_reviews_complete.csv,af,0.0,True,contextual,132
Disappointed. app broken suddenly getting out Fix this ASAP!,1.0,Habjsjab,2025-10-29T02:28:44-07:00,25.1003.06,app_store_reviews_complete.csv,af,0.0,True,template,132
"""My app just stopped working all of a sudden and keeps crashing.""",1.0,Habjsjab,2025-10-29T02:28:44-07:00,25.1003.06,app_store_reviews_complete.csv,af,0.0,True,llm,132
app not turn suddenly getting out,1.0,Habjsjab,2025-10-29T02:28:44-07:00,25.1003.06,app_store_reviews_complete.csv,af,0.0,True,synonym,132
feeling serious in all localization,5.0,Bharath Gangadhar Jois,2025-10-29T00:54:19-07:00,25.1003.06,app_store_reviews_complete.csv,en,0.7,True,synonym,133
less comfortable in all locations,5.0,Bharath Gangadhar Jois,2025-10-29T00:54:19-07:00,25.1003.06,app_store_reviews_complete.csv,en,0.7,True,contextual,133
Highly recommend. feeling good in all locations Five stars!,5.0,Bharath Gangadhar Jois,2025-10-29T00:54:19-07:00,25.1003.06,app_store_reviews_complete.csv,en,0.7,True,template,133
"""feeling great everywhere""",5.0,Bharath Gangadhar Jois,2025-10-29T00:54:19-07:00,25.1003.06,app_store_reviews_complete.csv,en,0.7,True,llm,133
feel good in all locations,5.0,Bharath Gangadhar Jois,2025-10-29T00:54:19-07:00,25.1003.06,app_store_reviews_complete.csv,en,0.7,True,synonym,133
in force,5.0,Sandeep Punul,2025-10-29T00:05:34-07:00,25.1003.06,app_store_reviews_complete.csv,so,0.7,True,synonym,134
·,5.0,Sandeep Punul,2025-10-29T00:05:34-07:00,25.1003.06,app_store_reviews_complete.csv,so,0.7,True,contextual,134
Highly recommend. good Best app ever.,5.0,Sandeep Punul,2025-10-29T00:05:34-07:00,25.1003.06,app_store_reviews_complete.csv,so,0.7,True,template,134
Really good.,5.0,Sandeep Punul,2025-10-29T00:05:34-07:00,25.1003.06,app_store_reviews_complete.csv,so,0.7,True,llm,134
upright,5.0,Sandeep Punul,2025-10-29T00:05:34-07:00,25.1003.06,app_store_reviews_complete.csv,so,0.7,True,synonym,134
chip in pine tree state cash back,5.0,sunnYY SAAB,2025-10-24T10:24:08-07:00,25.1003.06,app_store_reviews_complete.csv,en,0.0,True,synonym,162
give a cash box,5.0,sunnYY SAAB,2025-10-24T10:24:08-07:00,25.1003.06,app_store_reviews_complete.csv,en,0.0,True,contextual,162
Highly recommend. give me cash back Worth trying.,5.0,sunnYY SAAB,2025-10-24T10:24:08-07:00,25.1003.06,app_store_reviews_complete.csv,en,0.0,True,template,162
"""Can I get some money back, please?""",5.0,sunnYY SAAB,2025-10-24T10:24:08-07:00,25.1003.06,app_store_reviews_complete.csv,en,0.0,True,llm,162
give me immediate payment rearward,5.0,sunnYY SAAB,2025-10-24T10:24:08-07:00,25.1003.06,app_store_reviews_complete.csv,en,0.0,True,synonym,162
beneficial,5.0,زبير جمال,2025-10-24T08:56:27-07:00,25.1003.06,app_store_reviews_complete.csv,so,0.7,True,synonym,163
103,5.0,زبير جمال,2025-10-24T08:56:27-07:00,25.1003.06,app_store_reviews_complete.csv,so,0.7,True,contextual,163
Love this app! good Worth trying.,5.0,زبير جمال,2025-10-24T08:56:27-07:00,25.1003.06,app_store_reviews_complete.csv,so,0.7,True,template,163
good,5.0,زبير جمال,2025-10-24T08:56:27-07:00,25.1003.06,app_store_reviews_complete.csv,so,0.7,True,llm,163
expert,5.0,زبير جمال,2025-10-24T08:56:27-07:00,25.1003.06,app_store_reviews_complete.csv,so,0.7,True,synonym,163
error occurred while undecided application,1.0,I lv me,2025-10-24T05:07:13-07:00,25.1003.06,app_store_reviews_complete.csv,en,0.0,True,synonym,165
fraud occurred while creating application,1.0,I lv me,2025-10-24T05:07:13-07:00,25.1003.06,app_store_reviews_complete.csv,en,0.0,True,contextual,165
Not recommended. error occurred while open application Very frustrated.,1.0,I lv me,2025-10-24T05:07:13-07:00,25.1003.06,app_store_reviews_complete.csv,en,0.0,True,template,165
"""I encountered an issue when trying to open the app.""",1.0,I lv me,2025-10-24T05:07:13-07:00,25.1003.06,app_store_reviews_complete.csv,en,0.0,True,llm,165
erroneous belief occurred while capable application,1.0,I lv me,2025-10-24T05:07:13-07:00,25.1003.06,app_store_reviews_complete.csv,en,0.0,True,synonym,165
automatically closing app,1.0,Sumitmndl,2025-10-24T04:14:18-07:00,25.1003.06,app_store_reviews_complete.csv,en,0.0,True,synonym,166
automatically closing steps,1.0,Sumitmndl,2025-10-24T04:14:18-07:00,25.1003.06,app_store_reviews_complete.csv,en,0.0,True,contextual,166
Terrible experience. automatically closing app Fix this ASAP!,1.0,Sumitmndl,2025-10-24T04:14:18-07:00,25.1003.06,app_store_reviews_complete.csv,en,0.0,True,template,166
"""app keeps shutting down on its own""",1.0,Sumitmndl,2025-10-24T04:14:18-07:00,25.1003.06,app_store_reviews_complete.csv,en,0.0,True,llm,166
automatically closing app,1.0,Sumitmndl,2025-10-24T04:14:18-07:00,25.1003.06,app_store_reviews_complete.csv,en,0.0,True,synonym,166
excellent service,5.0,Junnuritik,2025-10-24T00:15:27-07:00,25.1003.06,app_store_reviews_complete.csv,fr,1.0,True,synonym,168
excellent machinery,5.0,Junnuritik,2025-10-24T00:15:27-07:00,25.1003.06,app_store_reviews_complete.csv,fr,1.0,True,contextual,168
Love this app! excellent services Best app ever.,5.0,Junnuritik,2025-10-24T00:15:27-07:00,25.1003.06,app_store_reviews_complete.csv,fr,1.0,True,template,168
"""great service""",5.0,Junnuritik,2025-10-24T00:15:27-07:00,25.1003.06,app_store_reviews_complete.csv,fr,1.0,True,llm,168
excellent services,5.0,Junnuritik,2025-10-24T00:15:27-07:00,25.1003.06,app_store_reviews_complete.csv,fr,1.0,True,synonym,168
orchard apple tree lover,5.0,Gurzar is great,2025-10-23T09:53:44-07:00,25.1003.06,app_store_reviews_complete.csv,fr,0.0,True,synonym,170
apple graphics,5.0,Gurzar is great,2025-10-23T09:53:44-07:00,25.1003.06,app_store_reviews_complete.csv,fr,0.0,True,contextual,170
Great experience. apple lover Worth trying.,5.0,Gurzar is great,2025-10-23T09:53:44-07:00,25.1003.06,app_store_reviews_complete.csv,fr,0.0,True,template,170
"""I'm a big fan of apples""",5.0,Gurzar is great,2025-10-23T09:53:44-07:00,25.1003.06,app_store_reviews_complete.csv,fr,0.0,True,llm,170
apple devotee,5.0,Gurzar is great,2025-10-23T09:53:44-07:00,25.1003.06,app_store_reviews_complete.csv,fr,0.0,True,synonym,170
perfect invention nice,5.0,Smile Suri,2025-10-23T07:42:50-07:00,25.1003.06,app_store_reviews_complete.csv,en,0.8,True,synonym,171
perfect feeling nice,5.0,Smile Suri,2025-10-23T07:42:50-07:00,25.1003.06,app_store_reviews_complete.csv,en,0.8,True,contextual,171
Love this app! perfect invention nice Best app ever.,5.0,Smile Suri,2025-10-23T07:42:50-07:00,25.1003.06,app_store_reviews_complete.csv,en,0.8,True,template,171
"""Amazing creation, so neat""",5.0,Smile Suri,2025-10-23T07:42:50-07:00,25.1003.06,app_store_reviews_complete.csv,en,0.8,True,llm,171
perfect excogitation nice,5.0,Smile Suri,2025-10-23T07:42:50-07:00,25.1003.06,app_store_reviews_complete.csv,en,0.8,True,synonym,171
processing time is to a greater extent,1.0,Kesavkt,2025-10-23T04:53:42-07:00,25.1003.06,app_store_reviews_complete.csv,en,0.5,True,synonym,172
since time is constant,1.0,Kesavkt,2025-10-23T04:53:42-07:00,25.1003.06,app_store_reviews_complete.csv,en,0.5,True,contextual,172
Disappointed. processing time is more Needs improvement.,1.0,Kesavkt,2025-10-23T04:53:42-07:00,25.1003.06,app_store_reviews_complete.csv,en,0.5,True,template,172
"""the processing time takes longer""",1.0,Kesavkt,2025-10-23T04:53:42-07:00,25.1003.06,app_store_reviews_complete.csv,en,0.5,True,llm,172
processing time be to a greater extent,1.0,Kesavkt,2025-10-23T04:53:42-07:00,25.1003.06,app_store_reviews_complete.csv,en,0.5,True,synonym,172
bahut aacha h,5.0,Ibc aman Maurya,2025-10-27T20:41:50-07:00,25.1003.06,app_store_reviews_complete.csv,so,0.0,True,synonym,141
abdul shah h,5.0,Ibc aman Maurya,2025-10-27T20:41:50-07:00,25.1003.06,app_store_reviews_complete.csv,so,0.0,True,contextual,141
Great experience. bahut aacha h Keep it up!,5.0,Ibc aman Maurya,2025-10-27T20:41:50-07:00,25.1003.06,app_store_reviews_complete.csv,so,0.0,True,template,141
This is so good.,5.0,Ibc aman Maurya,2025-10-27T20:41:50-07:00,25.1003.06,app_store_reviews_complete.csv,so,0.0,True,llm,141
bahut aacha enthalpy,5.0,Ibc aman Maurya,2025-10-27T20:41:50-07:00,25.1003.06,app_store_reviews_complete.csv,so,0.0,True,synonym,141
near job,5.0,giriraj vaishnav,2025-11-09T21:51:51-07:00,25.1017.05,app_store_reviews_complete.csv,so,0.7,True,synonym,28
another job,5.0,giriraj vaishnav,2025-11-09T21:51:51-07:00,25.1017.05,app_store_reviews_complete.csv,so,0.7,True,contextual,28
Great experience. good job Worth trying.,5.0,giriraj vaishnav,2025-11-09T21:51:51-07:00,25.1017.05,app_store_reviews_complete.csv,so,0.7,True,template,28
You did great,5.0,giriraj vaishnav,2025-11-09T21:51:51-07:00,25.1017.05,app_store_reviews_complete.csv,so,0.7,True,llm,28
good book of job,5.0,giriraj vaishnav,2025-11-09T21:51:51-07:00,25.1017.05,app_store_reviews_complete.csv,so,0.7,True,synonym,28
fully evolve app,5.0,Sudha1967,2025-09-29T02:57:13-07:00,25.0905.05,app_store_reviews_complete.csv,en,0.1,True,synonym,373
custom developed app,5.0,Sudha1967,2025-09-29T02:57:13-07:00,25.0905.05,app_store_reviews_complete.csv,en,0.1,True,contextual,373
Great experience. fully developed app Five stars!,5.0,Sudha1967,2025-09-29T02:57:13-07:00,25.0905.05,app_store_reviews_complete.csv,en,0.1,True,template,373
"""complete app""",5.0,Sudha1967,2025-09-29T02:57:13-07:00,25.0905.05,app_store_reviews_complete.csv,en,0.1,True,llm,373
fully developed app,5.0,Sudha1967,2025-09-29T02:57:13-07:00,25.0905.05,app_store_reviews_complete.csv,en,0.1,True,synonym,373
awesome,5.0,rajesh cherry,2025-09-28T12:43:33-07:00,25.0905.05,app_store_reviews_complete.csv,af,1.0,True,synonym,374
‡,5.0,rajesh cherry,2025-09-28T12:43:33-07:00,25.0905.05,app_store_reviews_complete.csv,af,1.0,True,contextual,374
Amazing! awesome Worth trying.,5.0,rajesh cherry,2025-09-28T12:43:33-07:00,25.0905.05,app_store_reviews_complete.csv,af,1.0,True,template,374
"""fantastic""",5.0,rajesh cherry,2025-09-28T12:43:33-07:00,25.0905.05,app_store_reviews_complete.csv,af,1.0,True,llm,374
awesome,5.0,rajesh cherry,2025-09-28T12:43:33-07:00,25.0905.05,app_store_reviews_complete.csv,af,1.0,True,synonym,374
rattling good sir,5.0,Bijay Kumar mallick,2025-11-09T22:28:28-07:00,25.1017.05,app_store_reviews_complete.csv,af,0.91,True,synonym,27
very rev sir,5.0,Bijay Kumar mallick,2025-11-09T22:28:28-07:00,25.1017.05,app_store_reviews_complete.csv,af,0.91,True,contextual,27
Amazing! very good sir Best app ever.,5.0,Bijay Kumar mallick,2025-11-09T22:28:28-07:00,25.1017.05,app_store_reviews_complete.csv,af,0.91,True,template,27
"""Excellent service, thank you!""",5.0,Bijay Kumar mallick,2025-11-09T22:28:28-07:00,25.1017.05,app_store_reviews_complete.csv,af,0.91,True,llm,27
very salutary sir,5.0,Bijay Kumar mallick,2025-11-09T22:28:28-07:00,25.1017.05,app_store_reviews_complete.csv,af,0.91,True,synonym,27
exallent,5.0,Babu@@,2025-09-28T00:54:12-07:00,25.0905.05,app_store_reviews_complete.csv,ca,0.0,True,synonym,378
111,5.0,Babu@@,2025-09-28T00:54:12-07:00,25.0905.05,app_store_reviews_complete.csv,ca,0.0,True,contextual,378
Amazing! exallent Best app ever.,5.0,Babu@@,2025-09-28T00:54:12-07:00,25.0905.05,app_store_reviews_complete.csv,ca,0.0,True,template,378
"""Excellent""",5.0,Babu@@,2025-09-28T00:54:12-07:00,25.0905.05,app_store_reviews_complete.csv,ca,0.0,True,llm,378
exallent,5.0,Babu@@,2025-09-28T00:54:12-07:00,25.0905.05,app_store_reviews_complete.csv,ca,0.0,True,synonym,378
in force worker,5.0,Nabu Thakur,2025-09-27T03:18:36-07:00,25.0905.05,app_store_reviews_complete.csv,af,0.7,True,synonym,381
good harvest,5.0,Nabu Thakur,2025-09-27T03:18:36-07:00,25.0905.05,app_store_reviews_complete.csv,af,0.7,True,contextual,381
Amazing! good worker Best app ever.,5.0,Nabu Thakur,2025-09-27T03:18:36-07:00,25.0905.05,app_store_reviews_complete.csv,af,0.7,True,template,381
"""Great employee""",5.0,Nabu Thakur,2025-09-27T03:18:36-07:00,25.0905.05,app_store_reviews_complete.csv,af,0.7,True,llm,381
good prole,5.0,Nabu Thakur,2025-09-27T03:18:36-07:00,25.0905.05,app_store_reviews_complete.csv,af,0.7,True,synonym,381
excellent,5.0,Kanchan Sriram,2025-09-26T07:37:54-07:00,25.0905.05,app_store_reviews_complete.csv,ca,1.0,True,synonym,384
2,5.0,Kanchan Sriram,2025-09-26T07:37:54-07:00,25.0905.05,app_store_reviews_complete.csv,ca,1.0,True,contextual,384
Highly recommend. excellent Five stars!,5.0,Kanchan Sriram,2025-09-26T07:37:54-07:00,25.0905.05,app_store_reviews_complete.csv,ca,1.0,True,template,384
excellent,5.0,Kanchan Sriram,2025-09-26T07:37:54-07:00,25.0905.05,app_store_reviews_complete.csv,ca,1.0,True,llm,384
excellent,5.0,Kanchan Sriram,2025-09-26T07:37:54-07:00,25.0905.05,app_store_reviews_complete.csv,ca,1.0,True,synonym,384
5stars,5.0,Vahid aslam shaikh,2025-10-20T15:21:25-07:00,25.1003.00,app_store_reviews_complete.csv,sv,0.0,True,synonym,186
°,5.0,Vahid aslam shaikh,2025-10-20T15:21:25-07:00,25.1003.00,app_store_reviews_complete.csv,sv,0.0,True,contextual,186
Love this app! 5stars Worth trying.,5.0,Vahid aslam shaikh,2025-10-20T15:21:25-07:00,25.1003.00,app_store_reviews_complete.csv,sv,0.0,True,template,186
"""5 out of 5 stars, amazing service!""",5.0,Vahid aslam shaikh,2025-10-20T15:21:25-07:00,25.1003.00,app_store_reviews_complete.csv,sv,0.0,True,llm,186
5stars,5.0,Vahid aslam shaikh,2025-10-20T15:21:25-07:00,25.1003.00,app_store_reviews_complete.csv,sv,0.0,True,synonym,186
ever recharge making very easy in phone pe,5.0,Aian’s apple,2025-10-20T08:40:05-07:00,25.1003.00,app_store_reviews_complete.csv,en,0.5633333333333334,True,synonym,187
always considering making very sounds in phone word,5.0,Aian’s apple,2025-10-20T08:40:05-07:00,25.1003.00,app_store_reviews_complete.csv,en,0.5633333333333334,True,contextual,187
Highly recommend. always recharge making very easy in phone pe Keep it up!,5.0,Aian’s apple,2025-10-20T08:40:05-07:00,25.1003.00,app_store_reviews_complete.csv,en,0.5633333333333334,True,template,187
"""phone pe always makes it super easy to recharge every time""",5.0,Aian’s apple,2025-10-20T08:40:05-07:00,25.1003.00,app_store_reviews_complete.csv,en,0.5633333333333334,True,llm,187
always recharge making very easy in earphone pe,5.0,Aian’s apple,2025-10-20T08:40:05-07:00,25.1003.00,app_store_reviews_complete.csv,en,0.5633333333333334,True,synonym,187
secure and easy defrayal. . very less failures,5.0,NayeemR22,2025-10-20T06:04:16-07:00,25.1003.00,app_store_reviews_complete.csv,en,0.2055555555555555,True,synonym,188
secure satellite direct transfer.. very less failures,5.0,NayeemR22,2025-10-20T06:04:16-07:00,25.1003.00,app_store_reviews_complete.csv,en,0.2055555555555555,True,contextual,188
Amazing! secure and easy payments.. very less failures Worth trying.,5.0,NayeemR22,2025-10-20T06:04:16-07:00,25.1003.00,app_store_reviews_complete.csv,en,0.2055555555555555,True,template,188
"""Payments are secure and simple, hardly any issues.""",5.0,NayeemR22,2025-10-20T06:04:16-07:00,25.1003.00,app_store_reviews_complete.csv,en,0.2055555555555555,True,llm,188
secure and well fixed payments. . very less failures,5.0,NayeemR22,2025-10-20T06:04:16-07:00,25.1003.00,app_store_reviews_complete.csv,en,0.2055555555555555,True,synonym,188
gracious,5.0,Sayan Mandal,2025-10-20T04:02:24-07:00,25.1003.00,app_store_reviews_complete.csv,pl,0.6,True,synonym,189
§,5.0,Sayan Mandal,2025-10-20T04:02:24-07:00,25.1003.00,app_store_reviews_complete.csv,pl,0.6,True,contextual,189
Amazing! nice Keep it up!,5.0,Sayan Mandal,2025-10-20T04:02:24-07:00,25.1003.00,app_store_reviews_complete.csv,pl,0.6,True,template,189
nice,5.0,Sayan Mandal,2025-10-20T04:02:24-07:00,25.1003.00,app_store_reviews_complete.csv,pl,0.6,True,llm,189
decent,5.0,Sayan Mandal,2025-10-20T04:02:24-07:00,25.1003.00,app_store_reviews_complete.csv,pl,0.6,True,synonym,189
what a good performance need more than cashback,5.0,Shammmas rafeeque,2025-10-19T23:53:33-07:00,25.1003.00,app_store_reviews_complete.csv,en,0.6,True,synonym,192
what this lonely woman need more cashback,5.0,Shammmas rafeeque,2025-10-19T23:53:33-07:00,25.1003.00,app_store_reviews_complete.csv,en,0.6,True,contextual,192
Amazing! what a good performance need more cashback Worth trying.,5.0,Shammmas rafeeque,2025-10-19T23:53:33-07:00,25.1003.00,app_store_reviews_complete.csv,en,0.6,True,template,192
That was a great show! I wish there were more cashback offers.,5.0,Shammmas rafeeque,2025-10-19T23:53:33-07:00,25.1003.00,app_store_reviews_complete.csv,en,0.6,True,llm,192
what a good carrying out need more than cashback,5.0,Shammmas rafeeque,2025-10-19T23:53:33-07:00,25.1003.00,app_store_reviews_complete.csv,en,0.6,True,synonym,192
right app for upi,5.0,Usman choksi,2025-09-30T11:14:38-07:00,25.0905.05,app_store_reviews_complete.csv,no,1.0,True,synonym,353
itunes app for ipad,5.0,Usman choksi,2025-09-30T11:14:38-07:00,25.0905.05,app_store_reviews_complete.csv,no,1.0,True,contextual,353
Amazing! best app for upi Worth trying.,5.0,Usman choksi,2025-09-30T11:14:38-07:00,25.0905.05,app_store_reviews_complete.csv,no,1.0,True,template,353
"""Great for making UPI payments!""",5.0,Usman choksi,2025-09-30T11:14:38-07:00,25.0905.05,app_store_reviews_complete.csv,no,1.0,True,llm,353
best app for upi,5.0,Usman choksi,2025-09-30T11:14:38-07:00,25.0905.05,app_store_reviews_complete.csv,no,1.0,True,synonym,353
good divine service,5.0,kiran j patel,2025-09-30T05:33:47-07:00,25.0905.05,app_store_reviews_complete.csv,hr,0.7,True,synonym,356
good day,5.0,kiran j patel,2025-09-30T05:33:47-07:00,25.0905.05,app_store_reviews_complete.csv,hr,0.7,True,contextual,356
Amazing! good service Keep it up!,5.0,kiran j patel,2025-09-30T05:33:47-07:00,25.0905.05,app_store_reviews_complete.csv,hr,0.7,True,template,356
"""great customer service""",5.0,kiran j patel,2025-09-30T05:33:47-07:00,25.0905.05,app_store_reviews_complete.csv,hr,0.7,True,llm,356
good military service,5.0,kiran j patel,2025-09-30T05:33:47-07:00,25.0905.05,app_store_reviews_complete.csv,hr,0.7,True,synonym,356
good fast accurate light to place and receive money,5.0,Nothing less,2025-09-30T04:46:26-07:00,25.0905.05,app_store_reviews_complete.csv,en,0.4333333333333333,True,synonym,357
good cash accurate easy to send customer transfer money,5.0,Nothing less,2025-09-30T04:46:26-07:00,25.0905.05,app_store_reviews_complete.csv,en,0.4333333333333333,True,contextual,357
Love this app! good fast accurate easy to send and receive money Five stars!,5.0,Nothing less,2025-09-30T04:46:26-07:00,25.0905.05,app_store_reviews_complete.csv,en,0.4333333333333333,True,template,357
"Fast, accurate, and easy to send and receive money quickly.",5.0,Nothing less,2025-09-30T04:46:26-07:00,25.0905.05,app_store_reviews_complete.csv,en,0.4333333333333333,True,llm,357
good fasting accurate easy to send and get money,5.0,Nothing less,2025-09-30T04:46:26-07:00,25.0905.05,app_store_reviews_complete.csv,en,0.4333333333333333,True,synonym,357
full work,5.0,Zhatur pakshi,2025-09-30T03:33:58-07:00,25.0905.05,app_store_reviews_complete.csv,af,0.7,True,synonym,359
workshop work,5.0,Zhatur pakshi,2025-09-30T03:33:58-07:00,25.0905.05,app_store_reviews_complete.csv,af,0.7,True,contextual,359
Great experience. good work Best app ever.,5.0,Zhatur pakshi,2025-09-30T03:33:58-07:00,25.0905.05,app_store_reviews_complete.csv,af,0.7,True,template,359
"""great job""",5.0,Zhatur pakshi,2025-09-30T03:33:58-07:00,25.0905.05,app_store_reviews_complete.csv,af,0.7,True,llm,359
good study,5.0,Zhatur pakshi,2025-09-30T03:33:58-07:00,25.0905.05,app_store_reviews_complete.csv,af,0.7,True,synonym,359
in force,5.0,Divyesh y,2025-09-30T02:12:13-07:00,25.0905.05,app_store_reviews_complete.csv,so,0.7,True,synonym,361
·,5.0,Divyesh y,2025-09-30T02:12:13-07:00,25.0905.05,app_store_reviews_complete.csv,so,0.7,True,contextual,361
Love this app! good Keep it up!,5.0,Divyesh y,2025-09-30T02:12:13-07:00,25.0905.05,app_store_reviews_complete.csv,so,0.7,True,template,361
good,5.0,Divyesh y,2025-09-30T02:12:13-07:00,25.0905.05,app_store_reviews_complete.csv,so,0.7,True,llm,361
proficient,5.0,Divyesh y,2025-09-30T02:12:13-07:00,25.0905.05,app_store_reviews_complete.csv,so,0.7,True,synonym,361
working rattling nice,5.0,Advocate tyagi ji,2025-09-30T00:40:48-07:00,25.0905.05,app_store_reviews_complete.csv,af,0.78,True,synonym,363
working very steadily,5.0,Advocate tyagi ji,2025-09-30T00:40:48-07:00,25.0905.05,app_store_reviews_complete.csv,af,0.78,True,contextual,363
Highly recommend. working very nice Best app ever.,5.0,Advocate tyagi ji,2025-09-30T00:40:48-07:00,25.0905.05,app_store_reviews_complete.csv,af,0.78,True,template,363
"""It's working really well.""",5.0,Advocate tyagi ji,2025-09-30T00:40:48-07:00,25.0905.05,app_store_reviews_complete.csv,af,0.78,True,llm,363
working very overnice,5.0,Advocate tyagi ji,2025-09-30T00:40:48-07:00,25.0905.05,app_store_reviews_complete.csv,af,0.78,True,synonym,363
practiced,5.0,uma chintala,2025-09-29T20:43:38-07:00,25.0905.05,app_store_reviews_complete.csv,so,0.7,True,synonym,364
·,5.0,uma chintala,2025-09-29T20:43:38-07:00,25.0905.05,app_store_reviews_complete.csv,so,0.7,True,contextual,364
Highly recommend. good Keep it up!,5.0,uma chintala,2025-09-29T20:43:38-07:00,25.0905.05,app_store_reviews_complete.csv,so,0.7,True,template,364
"It was all good, really awesome.",5.0,uma chintala,2025-09-29T20:43:38-07:00,25.0905.05,app_store_reviews_complete.csv,so,0.7,True,llm,364
adept,5.0,uma chintala,2025-09-29T20:43:38-07:00,25.0905.05,app_store_reviews_complete.csv,so,0.7,True,synonym,364
real,5.0,V3_store_,2025-09-29T18:34:25-07:00,25.0905.05,app_store_reviews_complete.csv,af,0.2,True,synonym,365
°,5.0,V3_store_,2025-09-29T18:34:25-07:00,25.0905.05,app_store_reviews_complete.csv,af,0.2,True,contextual,365
Amazing! very Five stars!,5.0,V3_store_,2025-09-29T18:34:25-07:00,25.0905.05,app_store_reviews_complete.csv,af,0.2,True,template,365
very,5.0,V3_store_,2025-09-29T18:34:25-07:00,25.0905.05,app_store_reviews_complete.csv,af,0.2,True,llm,365
real,5.0,V3_store_,2025-09-29T18:34:25-07:00,25.0905.05,app_store_reviews_complete.csv,af,0.2,True,synonym,365
bewilder,5.0,Abhi0492,2025-09-29T18:32:20-07:00,25.0905.05,app_store_reviews_complete.csv,sw,0.6000000000000001,True,synonym,366
notes,5.0,Abhi0492,2025-09-29T18:32:20-07:00,25.0905.05,app_store_reviews_complete.csv,sw,0.6000000000000001,True,contextual,366
Highly recommend. amazing Keep it up!,5.0,Abhi0492,2025-09-29T18:32:20-07:00,25.0905.05,app_store_reviews_complete.csv,sw,0.6000000000000001,True,template,366
"""Incredible""",5.0,Abhi0492,2025-09-29T18:32:20-07:00,25.0905.05,app_store_reviews_complete.csv,sw,0.6000000000000001,True,llm,366
amaze,5.0,Abhi0492,2025-09-29T18:32:20-07:00,25.0905.05,app_store_reviews_complete.csv,sw,0.6000000000000001,True,synonym,366
delight add rent payment,5.0,saisweety,2025-09-29T10:17:09-07:00,25.0905.05,app_store_reviews_complete.csv,en,0.0,True,synonym,368
please add tax rate,5.0,saisweety,2025-09-29T10:17:09-07:00,25.0905.05,app_store_reviews_complete.csv,en,0.0,True,contextual,368
Amazing! please add rent payment Keep it up!,5.0,saisweety,2025-09-29T10:17:09-07:00,25.0905.05,app_store_reviews_complete.csv,en,0.0,True,template,368
"""Can you include the option to pay rent?""",5.0,saisweety,2025-09-29T10:17:09-07:00,25.0905.05,app_store_reviews_complete.csv,en,0.0,True,llm,368
please add rent payment,5.0,saisweety,2025-09-29T10:17:09-07:00,25.0905.05,app_store_reviews_complete.csv,en,0.0,True,synonym,368
comfortably payment apps,5.0,Deepaksing,2025-10-24T19:50:50-07:00,25.1003.06,app_store_reviews_complete.csv,fr,1.0,True,synonym,161
best new apps,5.0,Deepaksing,2025-10-24T19:50:50-07:00,25.1003.06,app_store_reviews_complete.csv,fr,1.0,True,contextual,161
Amazing! best payment apps Worth trying.,5.0,Deepaksing,2025-10-24T19:50:50-07:00,25.1003.06,app_store_reviews_complete.csv,fr,1.0,True,template,161
"""Top payment applications""",5.0,Deepaksing,2025-10-24T19:50:50-07:00,25.1003.06,app_store_reviews_complete.csv,fr,1.0,True,llm,161
best defrayal apps,5.0,Deepaksing,2025-10-24T19:50:50-07:00,25.1003.06,app_store_reviews_complete.csv,fr,1.0,True,synonym,161
beneficial,5.0,Zikrul alam,2025-10-19T23:16:13-07:00,25.1003.00,app_store_reviews_complete.csv,so,0.7,True,synonym,193
2011,5.0,Zikrul alam,2025-10-19T23:16:13-07:00,25.1003.00,app_store_reviews_complete.csv,so,0.7,True,contextual,193
Highly recommend. good Five stars!,5.0,Zikrul alam,2025-10-19T23:16:13-07:00,25.1003.00,app_store_reviews_complete.csv,so,0.7,True,template,193
It's really nice.,5.0,Zikrul alam,2025-10-19T23:16:13-07:00,25.1003.00,app_store_reviews_complete.csv,so,0.7,True,llm,193
full,5.0,Zikrul alam,2025-10-19T23:16:13-07:00,25.1003.00,app_store_reviews_complete.csv,so,0.7,True,synonym,193
excellent for all requital purposes,5.0,Mangal11144,2025-10-19T16:53:05-07:00,25.1003.00,app_store_reviews_complete.csv,ca,1.0,True,synonym,195
excellent for all learning schemes,5.0,Mangal11144,2025-10-19T16:53:05-07:00,25.1003.00,app_store_reviews_complete.csv,ca,1.0,True,contextual,195
Great experience. excellent for all payment purposes Five stars!,5.0,Mangal11144,2025-10-19T16:53:05-07:00,25.1003.00,app_store_reviews_complete.csv,ca,1.0,True,template,195
great for any payment needs,5.0,Mangal11144,2025-10-19T16:53:05-07:00,25.1003.00,app_store_reviews_complete.csv,ca,1.0,True,llm,195
excellent for all requital purposes,5.0,Mangal11144,2025-10-19T16:53:05-07:00,25.1003.00,app_store_reviews_complete.csv,ca,1.0,True,synonym,195
very respectable,5.0,TOM SHIBU,2025-10-19T07:38:33-07:00,25.1003.00,app_store_reviews_complete.csv,af,0.91,True,synonym,198
pretty good,5.0,TOM SHIBU,2025-10-19T07:38:33-07:00,25.1003.00,app_store_reviews_complete.csv,af,0.91,True,contextual,198
Love this app! very good Worth trying.,5.0,TOM SHIBU,2025-10-19T07:38:33-07:00,25.1003.00,app_store_reviews_complete.csv,af,0.91,True,template,198
really great,5.0,TOM SHIBU,2025-10-19T07:38:33-07:00,25.1003.00,app_store_reviews_complete.csv,af,0.91,True,llm,198
very in force,5.0,TOM SHIBU,2025-10-19T07:38:33-07:00,25.1003.00,app_store_reviews_complete.csv,af,0.91,True,synonym,198
dandy,5.0,Nadeem46,2025-10-19T01:20:29-07:00,25.1003.00,app_store_reviews_complete.csv,ro,0.8,True,synonym,200
•,5.0,Nadeem46,2025-10-19T01:20:29-07:00,25.1003.00,app_store_reviews_complete.csv,ro,0.8,True,contextual,200
Great experience. great Five stars!,5.0,Nadeem46,2025-10-19T01:20:29-07:00,25.1003.00,app_store_reviews_complete.csv,ro,0.8,True,template,200
great,5.0,Nadeem46,2025-10-19T01:20:29-07:00,25.1003.00,app_store_reviews_complete.csv,ro,0.8,True,llm,200
majuscule,5.0,Nadeem46,2025-10-19T01:20:29-07:00,25.1003.00,app_store_reviews_complete.csv,ro,0.8,True,synonym,200
good sevices,5.0,MKS@22,2025-10-19T01:08:02-07:00,25.1003.00,app_store_reviews_complete.csv,hr,0.7,True,synonym,201
late friday,5.0,MKS@22,2025-10-19T01:08:02-07:00,25.1003.00,app_store_reviews_complete.csv,hr,0.7,True,contextual,201
Highly recommend. good sevices Best app ever.,5.0,MKS@22,2025-10-19T01:08:02-07:00,25.1003.00,app_store_reviews_complete.csv,hr,0.7,True,template,201
"""great service""",5.0,MKS@22,2025-10-19T01:08:02-07:00,25.1003.00,app_store_reviews_complete.csv,hr,0.7,True,llm,201
good sevices,5.0,MKS@22,2025-10-19T01:08:02-07:00,25.1003.00,app_store_reviews_complete.csv,hr,0.7,True,synonym,201
perfective,5.0,Ashokkumar's,2025-10-18T23:53:40-07:00,25.1003.00,app_store_reviews_complete.csv,ca,1.0,True,synonym,202
66,5.0,Ashokkumar's,2025-10-18T23:53:40-07:00,25.1003.00,app_store_reviews_complete.csv,ca,1.0,True,contextual,202
Love this app! perfect Best app ever.,5.0,Ashokkumar's,2025-10-18T23:53:40-07:00,25.1003.00,app_store_reviews_complete.csv,ca,1.0,True,template,202
perfect,5.0,Ashokkumar's,2025-10-18T23:53:40-07:00,25.1003.00,app_store_reviews_complete.csv,ca,1.0,True,llm,202
perfect tense,5.0,Ashokkumar's,2025-10-18T23:53:40-07:00,25.1003.00,app_store_reviews_complete.csv,ca,1.0,True,synonym,202
enjoying simply their is a no cash back offering,5.0,Kunal Lal Patil,2025-11-10T01:53:19-07:00,25.1017.05,app_store_reviews_complete.csv,en,0.25,True,synonym,26
enjoying but their account a mandatory cash back payment,5.0,Kunal Lal Patil,2025-11-10T01:53:19-07:00,25.1017.05,app_store_reviews_complete.csv,en,0.25,True,contextual,26
Love this app! enjoying but their is a no cash back offer Best app ever.,5.0,Kunal Lal Patil,2025-11-10T01:53:19-07:00,25.1017.05,app_store_reviews_complete.csv,en,0.25,True,template,26
"I'm happy with it, but there's no cashback deal.",5.0,Kunal Lal Patil,2025-11-10T01:53:19-07:00,25.1017.05,app_store_reviews_complete.csv,en,0.25,True,llm,26
enjoying but their be a no cash back offering,5.0,Kunal Lal Patil,2025-11-10T01:53:19-07:00,25.1017.05,app_store_reviews_complete.csv,en,0.25,True,synonym,26
rajpurohit,5.0,Kishanraj Balotra,2025-10-18T21:02:14-07:00,25.1003.00,app_store_reviews_complete.csv,sq,0.0,True,synonym,206
1,5.0,Kishanraj Balotra,2025-10-18T21:02:14-07:00,25.1003.00,app_store_reviews_complete.csv,sq,0.0,True,contextual,206
Great experience. rajpurohit Keep it up!,5.0,Kishanraj Balotra,2025-10-18T21:02:14-07:00,25.1003.00,app_store_reviews_complete.csv,sq,0.0,True,template,206
"""rajpurohit""",5.0,Kishanraj Balotra,2025-10-18T21:02:14-07:00,25.1003.00,app_store_reviews_complete.csv,sq,0.0,True,llm,206
rajpurohit,5.0,Kishanraj Balotra,2025-10-18T21:02:14-07:00,25.1003.00,app_store_reviews_complete.csv,sq,0.0,True,synonym,206
gain a life rattling prosperous!!,5.0,shaz 😘,2025-10-18T20:32:09-07:00,25.1003.00,app_store_reviews_complete.csv,en,0.8802083333333334,True,synonym,207
• a nation very happy!!,5.0,shaz 😘,2025-10-18T20:32:09-07:00,25.1003.00,app_store_reviews_complete.csv,en,0.8802083333333334,True,contextual,207
Love this app! make a life very easy !! Keep it up!,5.0,shaz 😘,2025-10-18T20:32:09-07:00,25.1003.00,app_store_reviews_complete.csv,en,0.8802083333333334,True,template,207
"""This really simplifies everything!""",5.0,shaz 😘,2025-10-18T20:32:09-07:00,25.1003.00,app_store_reviews_complete.csv,en,0.8802083333333334,True,llm,207
make a lifetime real well off!!,5.0,shaz 😘,2025-10-18T20:32:09-07:00,25.1003.00,app_store_reviews_complete.csv,en,0.8802083333333334,True,synonym,207
we volition not let you go belt down,5.0,Prakashk@king,2025-10-18T19:41:13-07:00,25.1003.00,app_store_reviews_complete.csv,pl,-0.1555555555555555,True,synonym,208
anyone will definitely let you walk down,5.0,Prakashk@king,2025-10-18T19:41:13-07:00,25.1003.00,app_store_reviews_complete.csv,pl,-0.1555555555555555,True,contextual,208
Love this app! we will not let you go down Five stars!,5.0,Prakashk@king,2025-10-18T19:41:13-07:00,25.1003.00,app_store_reviews_complete.csv,pl,-0.1555555555555555,True,template,208
"""We'll make sure you don't end up in trouble.""",5.0,Prakashk@king,2025-10-18T19:41:13-07:00,25.1003.00,app_store_reviews_complete.csv,pl,-0.1555555555555555,True,llm,208
we bequeath non let you go down,5.0,Prakashk@king,2025-10-18T19:41:13-07:00,25.1003.00,app_store_reviews_complete.csv,pl,-0.1555555555555555,True,synonym,208
mediocre or good,1.0,Gjsjskknebee,2025-10-22T12:49:17-07:00,25.1003.00,app_store_reviews_complete.csv,no,0.2749999999999999,True,synonym,177
average or falling,1.0,Gjsjskknebee,2025-10-22T12:49:17-07:00,25.1003.00,app_store_reviews_complete.csv,no,0.2749999999999999,True,contextual,177
Not recommended. average or good Fix this ASAP!,1.0,Gjsjskknebee,2025-10-22T12:49:17-07:00,25.1003.00,app_store_reviews_complete.csv,no,0.2749999999999999,True,template,177
"""okay or decent""",1.0,Gjsjskknebee,2025-10-22T12:49:17-07:00,25.1003.00,app_store_reviews_complete.csv,no,0.2749999999999999,True,llm,177
average surgery good,1.0,Gjsjskknebee,2025-10-22T12:49:17-07:00,25.1003.00,app_store_reviews_complete.csv,no,0.2749999999999999,True,synonym,177
raza,5.0,Touqer raza,2025-10-22T09:25:11-07:00,25.1003.00,app_store_reviews_complete.csv,hr,0.0,True,synonym,178
5,5.0,Touqer raza,2025-10-22T09:25:11-07:00,25.1003.00,app_store_reviews_complete.csv,hr,0.0,True,contextual,178
Great experience. raza Worth trying.,5.0,Touqer raza,2025-10-22T09:25:11-07:00,25.1003.00,app_store_reviews_complete.csv,hr,0.0,True,template,178
raza,5.0,Touqer raza,2025-10-22T09:25:11-07:00,25.1003.00,app_store_reviews_complete.csv,hr,0.0,True,llm,178
raza,5.0,Touqer raza,2025-10-22T09:25:11-07:00,25.1003.00,app_store_reviews_complete.csv,hr,0.0,True,synonym,178
fresh phone pe,5.0,Avesh khan 1313,2025-10-22T04:18:51-07:00,25.1003.00,app_store_reviews_complete.csv,en,0.1363636363636363,True,synonym,179
cellular phone pe,5.0,Avesh khan 1313,2025-10-22T04:18:51-07:00,25.1003.00,app_store_reviews_complete.csv,en,0.1363636363636363,True,contextual,179
Great experience. new phone pe Five stars!,5.0,Avesh khan 1313,2025-10-22T04:18:51-07:00,25.1003.00,app_store_reviews_complete.csv,en,0.1363636363636363,True,template,179
"""I bought a new phone""",5.0,Avesh khan 1313,2025-10-22T04:18:51-07:00,25.1003.00,app_store_reviews_complete.csv,en,0.1363636363636363,True,llm,179
new earpiece pe,5.0,Avesh khan 1313,2025-10-22T04:18:51-07:00,25.1003.00,app_store_reviews_complete.csv,en,0.1363636363636363,True,synonym,179
real good,5.0,A C Reddy,2025-10-21T23:39:43-07:00,25.1003.00,app_store_reviews_complete.csv,af,0.91,True,synonym,182
very short,5.0,A C Reddy,2025-10-21T23:39:43-07:00,25.1003.00,app_store_reviews_complete.csv,af,0.91,True,contextual,182
Great experience. very good Five stars!,5.0,A C Reddy,2025-10-21T23:39:43-07:00,25.1003.00,app_store_reviews_complete.csv,af,0.91,True,template,182
It was really great,5.0,A C Reddy,2025-10-21T23:39:43-07:00,25.1003.00,app_store_reviews_complete.csv,af,0.91,True,llm,182
really good,5.0,A C Reddy,2025-10-21T23:39:43-07:00,25.1003.00,app_store_reviews_complete.csv,af,0.91,True,synonym,182
shivah,5.0,Gurrala shiva,2025-10-21T22:10:02-07:00,25.1003.00,app_store_reviews_complete.csv,sq,0.0,True,synonym,183
169,5.0,Gurrala shiva,2025-10-21T22:10:02-07:00,25.1003.00,app_store_reviews_complete.csv,sq,0.0,True,contextual,183
Great experience. shiva Best app ever.,5.0,Gurrala shiva,2025-10-21T22:10:02-07:00,25.1003.00,app_store_reviews_complete.csv,sq,0.0,True,template,183
shiva,5.0,Gurrala shiva,2025-10-21T22:10:02-07:00,25.1003.00,app_store_reviews_complete.csv,sq,0.0,True,llm,183
shibah,5.0,Gurrala shiva,2025-10-21T22:10:02-07:00,25.1003.00,app_store_reviews_complete.csv,sq,0.0,True,synonym,183
excellent,5.0,Darshan shaiva,2025-10-21T03:24:06-07:00,25.1003.00,app_store_reviews_complete.csv,ca,1.0,True,synonym,185
।,5.0,Darshan shaiva,2025-10-21T03:24:06-07:00,25.1003.00,app_store_reviews_complete.csv,ca,1.0,True,contextual,185
Great experience. excellent Best app ever.,5.0,Darshan shaiva,2025-10-21T03:24:06-07:00,25.1003.00,app_store_reviews_complete.csv,ca,1.0,True,template,185
excellent,5.0,Darshan shaiva,2025-10-21T03:24:06-07:00,25.1003.00,app_store_reviews_complete.csv,ca,1.0,True,llm,185
excellent,5.0,Darshan shaiva,2025-10-21T03:24:06-07:00,25.1003.00,app_store_reviews_complete.csv,ca,1.0,True,synonym,185
very good and secure app. love it,5.0,Vishesh pant,2025-10-17T21:51:40-07:00,25.1003.00,app_store_reviews_complete.csv,en,0.5166666666666667,True,synonym,217
get safe enough secure app. download it,5.0,Vishesh pant,2025-10-17T21:51:40-07:00,25.1003.00,app_store_reviews_complete.csv,en,0.5166666666666667,True,contextual,217
Love this app! very safe and secure app. love it Keep it up!,5.0,Vishesh pant,2025-10-17T21:51:40-07:00,25.1003.00,app_store_reviews_complete.csv,en,0.5166666666666667,True,template,217
"Feels so secure using this app, it's great!",5.0,Vishesh pant,2025-10-17T21:51:40-07:00,25.1003.00,app_store_reviews_complete.csv,en,0.5166666666666667,True,llm,217
very safe and strong app. love information technology,5.0,Vishesh pant,2025-10-17T21:51:40-07:00,25.1003.00,app_store_reviews_complete.csv,en,0.5166666666666667,True,synonym,217
information technology ' s rattling easier to make defrayment,5.0,Sij1985,2025-10-17T08:52:52-07:00,25.1003.00,app_store_reviews_complete.csv,en,0.2,True,synonym,218
happier ' n really easier to administer payments,5.0,Sij1985,2025-10-17T08:52:52-07:00,25.1003.00,app_store_reviews_complete.csv,en,0.2,True,contextual,218
Amazing! it's really easier to make payments Five stars!,5.0,Sij1985,2025-10-17T08:52:52-07:00,25.1003.00,app_store_reviews_complete.csv,en,0.2,True,template,218
"""Paying is a breeze now.""",5.0,Sij1985,2025-10-17T08:52:52-07:00,25.1003.00,app_store_reviews_complete.csv,en,0.2,True,llm,218
information technology ' s really easier to make defrayment,5.0,Sij1985,2025-10-17T08:52:52-07:00,25.1003.00,app_store_reviews_complete.csv,en,0.2,True,synonym,218
no 1 can accept upi credit,1.0,Sharry7777,2025-10-17T05:52:09-07:00,25.1003.00,app_store_reviews_complete.csv,it,0.0,True,synonym,219
whenever one cant accept legal credit,1.0,Sharry7777,2025-10-17T05:52:09-07:00,25.1003.00,app_store_reviews_complete.csv,it,0.0,True,contextual,219
Terrible experience. no one can accept upi credit Very frustrated.,1.0,Sharry7777,2025-10-17T05:52:09-07:00,25.1003.00,app_store_reviews_complete.csv,it,0.0,True,template,219
"""Nobody can take my UPI credit.""",1.0,Sharry7777,2025-10-17T05:52:09-07:00,25.1003.00,app_store_reviews_complete.csv,it,0.0,True,llm,219
no one can take upi credit,1.0,Sharry7777,2025-10-17T05:52:09-07:00,25.1003.00,app_store_reviews_complete.csv,it,0.0,True,synonym,219
spectacular,5.0,Bike service @,2025-10-17T04:50:36-07:00,25.1003.00,app_store_reviews_complete.csv,af,0.5,True,synonym,220
54,5.0,Bike service @,2025-10-17T04:50:36-07:00,25.1003.00,app_store_reviews_complete.csv,af,0.5,True,contextual,220
Great experience. outstanding Best app ever.,5.0,Bike service @,2025-10-17T04:50:36-07:00,25.1003.00,app_store_reviews_complete.csv,af,0.5,True,template,220
outstanding,5.0,Bike service @,2025-10-17T04:50:36-07:00,25.1003.00,app_store_reviews_complete.csv,af,0.5,True,llm,220
great,5.0,Bike service @,2025-10-17T04:50:36-07:00,25.1003.00,app_store_reviews_complete.csv,af,0.5,True,synonym,220
occupy,5.0,Apsra je,2025-10-17T02:59:40-07:00,25.1003.00,app_store_reviews_complete.csv,en,0.5,True,synonym,221
136,5.0,Apsra je,2025-10-17T02:59:40-07:00,25.1003.00,app_store_reviews_complete.csv,en,0.5,True,contextual,221
Love this app! interesting Five stars!,5.0,Apsra je,2025-10-17T02:59:40-07:00,25.1003.00,app_store_reviews_complete.csv,en,0.5,True,template,221
This is pretty fascinating!,5.0,Apsra je,2025-10-17T02:59:40-07:00,25.1003.00,app_store_reviews_complete.csv,en,0.5,True,llm,221
concern,5.0,Apsra je,2025-10-17T02:59:40-07:00,25.1003.00,app_store_reviews_complete.csv,en,0.5,True,synonym,221
nice app,5.0,Hemanth11,2025-10-16T22:44:51-07:00,25.0919.07,app_store_reviews_complete.csv,it,0.6,True,synonym,222
facebook app,5.0,Hemanth11,2025-10-16T22:44:51-07:00,25.0919.07,app_store_reviews_complete.csv,it,0.6,True,contextual,222
Great experience. nice app Best app ever.,5.0,Hemanth11,2025-10-16T22:44:51-07:00,25.0919.07,app_store_reviews_complete.csv,it,0.6,True,template,222
nice app,5.0,Hemanth11,2025-10-16T22:44:51-07:00,25.0919.07,app_store_reviews_complete.csv,it,0.6,True,llm,222
squeamish app,5.0,Hemanth11,2025-10-16T22:44:51-07:00,25.0919.07,app_store_reviews_complete.csv,it,0.6,True,synonym,222
superintendent,5.0,Madiga manohar,2025-10-16T18:55:56-07:00,25.0919.07,app_store_reviews_complete.csv,ro,0.3333333333333333,True,synonym,224
॥,5.0,Madiga manohar,2025-10-16T18:55:56-07:00,25.0919.07,app_store_reviews_complete.csv,ro,0.3333333333333333,True,contextual,224
Amazing! super Best app ever.,5.0,Madiga manohar,2025-10-16T18:55:56-07:00,25.0919.07,app_store_reviews_complete.csv,ro,0.3333333333333333,True,template,224
super,5.0,Madiga manohar,2025-10-16T18:55:56-07:00,25.0919.07,app_store_reviews_complete.csv,ro,0.3333333333333333,True,llm,224
superintendent,5.0,Madiga manohar,2025-10-16T18:55:56-07:00,25.0919.07,app_store_reviews_complete.csv,ro,0.3333333333333333,True,synonym,224
very tiresome,5.0,drshivchoudhary,2025-10-02T08:51:09-07:00,25.0905.05,app_store_reviews_complete.csv,cs,-0.39,True,synonym,338
go slow,5.0,drshivchoudhary,2025-10-02T08:51:09-07:00,25.0905.05,app_store_reviews_complete.csv,cs,-0.39,True,contextual,338
Love this app! very slow Keep it up!,5.0,drshivchoudhary,2025-10-02T08:51:09-07:00,25.0905.05,app_store_reviews_complete.csv,cs,-0.39,True,template,338
"""quite sluggish""",5.0,drshivchoudhary,2025-10-02T08:51:09-07:00,25.0905.05,app_store_reviews_complete.csv,cs,-0.39,True,llm,338
very sluggish,5.0,drshivchoudhary,2025-10-02T08:51:09-07:00,25.0905.05,app_store_reviews_complete.csv,cs,-0.39,True,synonym,338
superintendent app,5.0,RatnaPaul,2025-10-02T08:02:19-07:00,25.0905.05,app_store_reviews_complete.csv,fr,0.3333333333333333,True,synonym,339
super express,5.0,RatnaPaul,2025-10-02T08:02:19-07:00,25.0905.05,app_store_reviews_complete.csv,fr,0.3333333333333333,True,contextual,339
Highly recommend. super app Five stars!,5.0,RatnaPaul,2025-10-02T08:02:19-07:00,25.0905.05,app_store_reviews_complete.csv,fr,0.3333333333333333,True,template,339
Love this app so much!,5.0,RatnaPaul,2025-10-02T08:02:19-07:00,25.0905.05,app_store_reviews_complete.csv,fr,0.3333333333333333,True,llm,339
super app,5.0,RatnaPaul,2025-10-02T08:02:19-07:00,25.0905.05,app_store_reviews_complete.csv,fr,0.3333333333333333,True,synonym,339
sound pe very ripe,5.0,Lakshya Sahu,2025-10-02T07:26:44-07:00,25.0905.05,app_store_reviews_complete.csv,en,0.91,True,synonym,340
phone messages anytime good,5.0,Lakshya Sahu,2025-10-02T07:26:44-07:00,25.0905.05,app_store_reviews_complete.csv,en,0.91,True,contextual,340
Highly recommend. phone pe awesome Keep it up!,5.0,Lakshya Sahu,2025-10-02T07:26:44-07:00,25.0905.05,app_store_reviews_complete.csv,en,0.91,True,template,340
"""PhonePe is really good.""",5.0,Lakshya Sahu,2025-10-02T07:26:44-07:00,25.0905.05,app_store_reviews_complete.csv,en,0.91,True,llm,340
sound pe very good,5.0,Lakshya Sahu,2025-10-02T07:26:44-07:00,25.0905.05,app_store_reviews_complete.csv,en,0.91,True,synonym,340
liked information technology for upi transactions,5.0,Mayur_marq,2025-10-02T06:43:29-07:00,25.0905.05,app_store_reviews_complete.csv,en,0.6,True,synonym,342
remix it for upi sharma,5.0,Mayur_marq,2025-10-02T06:43:29-07:00,25.0905.05,app_store_reviews_complete.csv,en,0.6,True,contextual,342
Highly recommend. liked it for upi transactions Five stars!,5.0,Mayur_marq,2025-10-02T06:43:29-07:00,25.0905.05,app_store_reviews_complete.csv,en,0.6,True,template,342
"""I enjoyed using it for making payments through UPI.""",5.0,Mayur_marq,2025-10-02T06:43:29-07:00,25.0905.05,app_store_reviews_complete.csv,en,0.6,True,llm,342
liked information technology for upi transaction,5.0,Mayur_marq,2025-10-02T06:43:29-07:00,25.0905.05,app_store_reviews_complete.csv,en,0.6,True,synonym,342
amazing nd practiced service,5.0,Adv Tanmay,2025-10-01T07:49:06-07:00,25.0905.05,app_store_reviews_complete.csv,en,0.85,True,synonym,346
awesome recently improved service,5.0,Adv Tanmay,2025-10-01T07:49:06-07:00,25.0905.05,app_store_reviews_complete.csv,en,0.85,True,contextual,346
Love this app! awesome and good service Best app ever.,5.0,Adv Tanmay,2025-10-01T07:49:06-07:00,25.0905.05,app_store_reviews_complete.csv,en,0.85,True,template,346
"""great service, really awesome""",5.0,Adv Tanmay,2025-10-01T07:49:06-07:00,25.0905.05,app_store_reviews_complete.csv,en,0.85,True,llm,346
awesome and near overhaul,5.0,Adv Tanmay,2025-10-01T07:49:06-07:00,25.0905.05,app_store_reviews_complete.csv,en,0.85,True,synonym,346
goood,5.0,Shabu fatha,2025-10-01T00:27:21-07:00,25.0905.05,app_store_reviews_complete.csv,so,0.0,True,synonym,348
•,5.0,Shabu fatha,2025-10-01T00:27:21-07:00,25.0905.05,app_store_reviews_complete.csv,so,0.0,True,contextual,348
Amazing! goood Five stars!,5.0,Shabu fatha,2025-10-01T00:27:21-07:00,25.0905.05,app_store_reviews_complete.csv,so,0.0,True,template,348
"""great job""",5.0,Shabu fatha,2025-10-01T00:27:21-07:00,25.0905.05,app_store_reviews_complete.csv,so,0.0,True,llm,348
goood,5.0,Shabu fatha,2025-10-01T00:27:21-07:00,25.0905.05,app_store_reviews_complete.csv,so,0.0,True,synonym,348
man best app good working,5.0,JAGDISHSINH VAGHELA,2025-09-30T22:22:33-07:00,25.0905.05,app_store_reviews_complete.csv,af,0.85,True,synonym,349
2004 best app good graphics,5.0,JAGDISHSINH VAGHELA,2025-09-30T22:22:33-07:00,25.0905.05,app_store_reviews_complete.csv,af,0.85,True,contextual,349
Love this app! world best app good working Worth trying.,5.0,JAGDISHSINH VAGHELA,2025-09-30T22:22:33-07:00,25.0905.05,app_store_reviews_complete.csv,af,0.85,True,template,349
"""This app is the best in the world, it works really well.""",5.0,JAGDISHSINH VAGHELA,2025-09-30T22:22:33-07:00,25.0905.05,app_store_reviews_complete.csv,af,0.85,True,llm,349
world near app good workings,5.0,JAGDISHSINH VAGHELA,2025-09-30T22:22:33-07:00,25.0905.05,app_store_reviews_complete.csv,af,0.85,True,synonym,349
u roentgen make too much charges,1.0,srk0425,2025-09-30T22:15:02-07:00,25.0905.05,app_store_reviews_complete.csv,en,0.2,True,synonym,350
not r paid too much charges,1.0,srk0425,2025-09-30T22:15:02-07:00,25.0905.05,app_store_reviews_complete.csv,en,0.2,True,contextual,350
Disappointed. u r taking too much charges Won't use again.,1.0,srk0425,2025-09-30T22:15:02-07:00,25.0905.05,app_store_reviews_complete.csv,en,0.2,True,template,350
"""You're charging me way too much""",1.0,srk0425,2025-09-30T22:15:02-07:00,25.0905.05,app_store_reviews_complete.csv,en,0.2,True,llm,350
u r taking as well much accusation,1.0,srk0425,2025-09-30T22:15:02-07:00,25.0905.05,app_store_reviews_complete.csv,en,0.2,True,synonym,350
very secure and safe app,5.0,Phone Pay App,2025-09-30T19:19:18-07:00,25.0905.05,app_store_reviews_complete.csv,en,0.525,True,synonym,351
highly sophisticated and secure ap,5.0,Phone Pay App,2025-09-30T19:19:18-07:00,25.0905.05,app_store_reviews_complete.csv,en,0.525,True,contextual,351
Love this app! very safe and secure app Best ap ever.,5.0,Phone Pay App,2025-09-30T19:19:18-07:00,25.0905.05,app_store_reviews_complete.csv,en,0.525,True,template,351
"It's a really secure and safe app, love it.",5.0,Phone Pay App,2025-09-30T19:19:18-07:00,25.0905.05,app_store_reviews_complete.csv,en,0.525,True,llm,351
rattling safe and secure app,5.0,Phone Pay App,2025-09-30T19:19:18-07:00,25.0905.05,app_store_reviews_complete.csv,en,0.525,True,synonym,351
it ' s gravid,5.0,Vanshiiiiiiiiiiiiii,2025-10-16T10:02:57-07:00,25.0919.07,app_store_reviews_complete.csv,en,0.8,True,synonym,227
thou ' tis great,5.0,Vanshiiiiiiiiiiiiii,2025-10-16T10:02:57-07:00,25.0919.07,app_store_reviews_complete.csv,en,0.8,True,contextual,227
Highly recommend. it's great Worth trying.,5.0,Vanshiiiiiiiiiiiiii,2025-10-16T10:02:57-07:00,25.0919.07,app_store_reviews_complete.csv,en,0.8,True,template,227
"""It's awesome!""",5.0,Vanshiiiiiiiiiiiiii,2025-10-16T10:02:57-07:00,25.0919.07,app_store_reviews_complete.csv,en,0.8,True,llm,227
information technology ' s outstanding,5.0,Vanshiiiiiiiiiiiiii,2025-10-16T10:02:57-07:00,25.0919.07,app_store_reviews_complete.csv,en,0.8,True,synonym,227
amerind app,5.0,@(e54,2025-10-16T09:57:31-07:00,25.0919.07,app_store_reviews_complete.csv,it,0.0,True,synonym,228
indian express,5.0,@(e54,2025-10-16T09:57:31-07:00,25.0919.07,app_store_reviews_complete.csv,it,0.0,True,contextual,228
Highly recommend. indian app Worth trying.,5.0,@(e54,2025-10-16T09:57:31-07:00,25.0919.07,app_store_reviews_complete.csv,it,0.0,True,template,228
"""app from India""",5.0,@(e54,2025-10-16T09:57:31-07:00,25.0919.07,app_store_reviews_complete.csv,it,0.0,True,llm,228
indian app,5.0,@(e54,2025-10-16T09:57:31-07:00,25.0919.07,app_store_reviews_complete.csv,it,0.0,True,synonym,228
real good service,5.0,Pappu Choubey,2025-10-16T05:47:59-07:00,25.0919.07,app_store_reviews_complete.csv,en,0.91,True,synonym,229
some good service,5.0,Pappu Choubey,2025-10-16T05:47:59-07:00,25.0919.07,app_store_reviews_complete.csv,en,0.91,True,contextual,229
Highly recommend. awesome service Best app ever.,5.0,Pappu Choubey,2025-10-16T05:47:59-07:00,25.0919.07,app_store_reviews_complete.csv,en,0.91,True,template,229
"""really happy with the service""",5.0,Pappu Choubey,2025-10-16T05:47:59-07:00,25.0919.07,app_store_reviews_complete.csv,en,0.91,True,llm,229
really good service,5.0,Pappu Choubey,2025-10-16T05:47:59-07:00,25.0919.07,app_store_reviews_complete.csv,en,0.91,True,synonym,229
never ever stay my money,5.0,ronystar13,2025-10-16T03:31:05-07:00,25.0919.07,app_store_reviews_complete.csv,no,0.0,True,synonym,230
never just stuck my finger,5.0,ronystar13,2025-10-16T03:31:05-07:00,25.0919.07,app_store_reviews_complete.csv,no,0.0,True,contextual,230
Love this app! never ever stuck my money Five stars!,5.0,ronystar13,2025-10-16T03:31:05-07:00,25.0919.07,app_store_reviews_complete.csv,no,0.0,True,template,230
I've never had any issues with my money being stuck.,5.0,ronystar13,2025-10-16T03:31:05-07:00,25.0919.07,app_store_reviews_complete.csv,no,0.0,True,llm,230
never ever amaze my money,5.0,ronystar13,2025-10-16T03:31:05-07:00,25.0919.07,app_store_reviews_complete.csv,no,0.0,True,synonym,230
best shopping app,5.0,As aman,2025-10-15T21:00:52-07:00,25.0919.07,app_store_reviews_complete.csv,en,1.0,True,synonym,233
best shopping center,5.0,As aman,2025-10-15T21:00:52-07:00,25.0919.07,app_store_reviews_complete.csv,en,1.0,True,contextual,233
Love this app! best shopping app Five stars!,5.0,As aman,2025-10-15T21:00:52-07:00,25.0919.07,app_store_reviews_complete.csv,en,1.0,True,template,233
"""top-notch app for shopping""",5.0,As aman,2025-10-15T21:00:52-07:00,25.0919.07,app_store_reviews_complete.csv,en,1.0,True,llm,233
best shopping app,5.0,As aman,2025-10-15T21:00:52-07:00,25.0919.07,app_store_reviews_complete.csv,en,1.0,True,synonym,233
good and very honest,5.0,Fantastic and pure reliable,2025-10-15T20:31:33-07:00,25.0919.07,app_store_reviews_complete.csv,en,0.4499999999999999,True,synonym,234
cable news very reliable,5.0,Fantastic and pure reliable,2025-10-15T20:31:33-07:00,25.0919.07,app_store_reviews_complete.csv,en,0.4499999999999999,True,contextual,234
Great experience. good and very reliable Keep it up!,5.0,Fantastic and pure reliable,2025-10-15T20:31:33-07:00,25.0919.07,app_store_reviews_complete.csv,en,0.4499999999999999,True,template,234
"""great and super dependable""",5.0,Fantastic and pure reliable,2025-10-15T20:31:33-07:00,25.0919.07,app_store_reviews_complete.csv,en,0.4499999999999999,True,llm,234
skilful and very reliable,5.0,Fantastic and pure reliable,2025-10-15T20:31:33-07:00,25.0919.07,app_store_reviews_complete.csv,en,0.4499999999999999,True,synonym,234
secure,5.0,Pankaj kumar good balu,2025-10-15T19:01:41-07:00,25.0919.07,app_store_reviews_complete.csv,so,0.7,True,synonym,235
49,5.0,Pankaj kumar good balu,2025-10-15T19:01:41-07:00,25.0919.07,app_store_reviews_complete.csv,so,0.7,True,contextual,235
Amazing! good Five stars!,5.0,Pankaj kumar good balu,2025-10-15T19:01:41-07:00,25.0919.07,app_store_reviews_complete.csv,so,0.7,True,template,235
It's great!,5.0,Pankaj kumar good balu,2025-10-15T19:01:41-07:00,25.0919.07,app_store_reviews_complete.csv,so,0.7,True,llm,235
unspoiled,5.0,Pankaj kumar good balu,2025-10-15T19:01:41-07:00,25.0919.07,app_store_reviews_complete.csv,so,0.7,True,synonym,235
best upi app good and easy to used interface,5.0,nanhansjjjs,2025-10-15T10:19:40-07:00,25.0919.07,app_store_reviews_complete.csv,en,0.7111111111111111,True,synonym,237
best upi web store and easy media used interface,5.0,nanhansjjjs,2025-10-15T10:19:40-07:00,25.0919.07,app_store_reviews_complete.csv,en,0.7111111111111111,True,contextual,237
Love this app! best upi app good and easy to used interface Five stars!,5.0,nanhansjjjs,2025-10-15T10:19:40-07:00,25.0919.07,app_store_reviews_complete.csv,en,0.7111111111111111,True,template,237
"""Great UPI app with a user-friendly interface that's easy to use.""",5.0,nanhansjjjs,2025-10-15T10:19:40-07:00,25.0919.07,app_store_reviews_complete.csv,en,0.7111111111111111,True,llm,237
good upi ap good nd easy to exploited interface,5.0,nanhansjjjs,2025-10-15T10:19:40-07:00,25.0919.07,app_store_reviews_complete.csv,en,0.7111111111111111,True,synonym,237
best app for requital,5.0,SAHIL MastNath,2025-10-15T08:45:46-07:00,25.0919.07,app_store_reviews_complete.csv,no,1.0,True,synonym,238
best app plus phones,5.0,SAHIL MastNath,2025-10-15T08:45:46-07:00,25.0919.07,app_store_reviews_complete.csv,no,1.0,True,contextual,238
Highly recommend. best app for payment Worth trying.,5.0,SAHIL MastNath,2025-10-15T08:45:46-07:00,25.0919.07,app_store_reviews_complete.csv,no,1.0,True,template,238
"""top-notch payment app""",5.0,SAHIL MastNath,2025-10-15T08:45:46-07:00,25.0919.07,app_store_reviews_complete.csv,no,1.0,True,llm,238
best app for defrayment,5.0,SAHIL MastNath,2025-10-15T08:45:46-07:00,25.0919.07,app_store_reviews_complete.csv,no,1.0,True,synonym,238
in force,5.0,Vishhahah,2025-10-14T23:30:28-07:00,25.0919.07,app_store_reviews_complete.csv,so,0.7,True,synonym,240
54,5.0,Vishhahah,2025-10-14T23:30:28-07:00,25.0919.07,app_store_reviews_complete.csv,so,0.7,True,contextual,240
Love this app! good Keep it up!,5.0,Vishhahah,2025-10-14T23:30:28-07:00,25.0919.07,app_store_reviews_complete.csv,so,0.7,True,template,240
It's pretty decent,5.0,Vishhahah,2025-10-14T23:30:28-07:00,25.0919.07,app_store_reviews_complete.csv,so,0.7,True,llm,240
expert,5.0,Vishhahah,2025-10-14T23:30:28-07:00,25.0919.07,app_store_reviews_complete.csv,so,0.7,True,synonym,240
overnice,5.0,Vkb bas,2025-10-18T09:14:56-07:00,25.1003.00,app_store_reviews_complete.csv,pl,0.6,True,synonym,210
pdf,5.0,Vkb bas,2025-10-18T09:14:56-07:00,25.1003.00,app_store_reviews_complete.csv,pl,0.6,True,contextual,210
Great experience. nice Five stars!,5.0,Vkb bas,2025-10-18T09:14:56-07:00,25.1003.00,app_store_reviews_complete.csv,pl,0.6,True,template,210
That's awesome!,5.0,Vkb bas,2025-10-18T09:14:56-07:00,25.1003.00,app_store_reviews_complete.csv,pl,0.6,True,llm,210
dainty,5.0,Vkb bas,2025-10-18T09:14:56-07:00,25.1003.00,app_store_reviews_complete.csv,pl,0.6,True,synonym,210
salutary,5.0,Ujhfgghhj,2025-10-18T07:56:52-07:00,25.1003.00,app_store_reviews_complete.csv,so,0.7,True,synonym,211
•,5.0,Ujhfgghhj,2025-10-18T07:56:52-07:00,25.1003.00,app_store_reviews_complete.csv,so,0.7,True,contextual,211
Highly recommend. good Worth trying.,5.0,Ujhfgghhj,2025-10-18T07:56:52-07:00,25.1003.00,app_store_reviews_complete.csv,so,0.7,True,template,211
good,5.0,Ujhfgghhj,2025-10-18T07:56:52-07:00,25.1003.00,app_store_reviews_complete.csv,so,0.7,True,llm,211
upright,5.0,Ujhfgghhj,2025-10-18T07:56:52-07:00,25.1003.00,app_store_reviews_complete.csv,so,0.7,True,synonym,211
maja associate in arts raha hai elementary easy and fast,5.0,Zaki @50,2025-10-18T06:12:37-07:00,25.1003.00,app_store_reviews_complete.csv,et,0.2111111111111111,True,synonym,212
punjab aa raha hai hum songs and fast,5.0,Zaki @50,2025-10-18T06:12:37-07:00,25.1003.00,app_store_reviews_complete.csv,et,0.2111111111111111,True,contextual,212
Great experience. maja aa raha hai simple easy and fast Worth trying.,5.0,Zaki @50,2025-10-18T06:12:37-07:00,25.1003.00,app_store_reviews_complete.csv,et,0.2111111111111111,True,template,212
"I am really impressed with how convenient, easy, and quick the process is.",5.0,Zaki @50,2025-10-18T06:12:37-07:00,25.1003.00,app_store_reviews_complete.csv,et,0.2111111111111111,True,llm,212
genus maja associate in arts raha hai simple easy and fast,5.0,Zaki @50,2025-10-18T06:12:37-07:00,25.1003.00,app_store_reviews_complete.csv,et,0.2111111111111111,True,synonym,212
superintendent,5.0,Barad Harshad,2025-10-18T04:16:56-07:00,25.1003.00,app_store_reviews_complete.csv,ro,0.3333333333333333,True,synonym,213
[UNK],5.0,Barad Harshad,2025-10-18T04:16:56-07:00,25.1003.00,app_store_reviews_complete.csv,ro,0.3333333333333333,True,contextual,213
Amazing! super Keep it up!,5.0,Barad Harshad,2025-10-18T04:16:56-07:00,25.1003.00,app_store_reviews_complete.csv,ro,0.3333333333333333,True,template,213
super,5.0,Barad Harshad,2025-10-18T04:16:56-07:00,25.1003.00,app_store_reviews_complete.csv,ro,0.3333333333333333,True,llm,213
superintendent,5.0,Barad Harshad,2025-10-18T04:16:56-07:00,25.1003.00,app_store_reviews_complete.csv,ro,0.3333333333333333,True,synonym,213
good lot,5.0,Bavnjibhia bariy,2025-10-18T02:12:28-07:00,25.1003.00,app_store_reviews_complete.csv,so,0.7,True,synonym,215
good days,5.0,Bavnjibhia bariy,2025-10-18T02:12:28-07:00,25.1003.00,app_store_reviews_complete.csv,so,0.7,True,contextual,215
Amazing! good luck Worth trying.,5.0,Bavnjibhia bariy,2025-10-18T02:12:28-07:00,25.1003.00,app_store_reviews_complete.csv,so,0.7,True,template,215
Best of luck!,5.0,Bavnjibhia bariy,2025-10-18T02:12:28-07:00,25.1003.00,app_store_reviews_complete.csv,so,0.7,True,llm,215
full luck,5.0,Bavnjibhia bariy,2025-10-18T02:12:28-07:00,25.1003.00,app_store_reviews_complete.csv,so,0.7,True,synonym,215
ripe,5.0,vaghela kiran,2025-10-17T22:05:21-07:00,25.1003.00,app_store_reviews_complete.csv,so,0.7,True,synonym,216
source,5.0,vaghela kiran,2025-10-17T22:05:21-07:00,25.1003.00,app_store_reviews_complete.csv,so,0.7,True,contextual,216
Love this app! good Five stars!,5.0,vaghela kiran,2025-10-17T22:05:21-07:00,25.1003.00,app_store_reviews_complete.csv,so,0.7,True,template,216
good,5.0,vaghela kiran,2025-10-17T22:05:21-07:00,25.1003.00,app_store_reviews_complete.csv,so,0.7,True,llm,216
adept,5.0,vaghela kiran,2025-10-17T22:05:21-07:00,25.1003.00,app_store_reviews_complete.csv,so,0.7,True,synonym,216
in force,5.0,GP1750,2025-10-12T23:23:15-07:00,25.0919.06,app_store_reviews_complete.csv,so,0.7,True,synonym,253
53,5.0,GP1750,2025-10-12T23:23:15-07:00,25.0919.06,app_store_reviews_complete.csv,so,0.7,True,contextual,253
Love this app! good Five stars!,5.0,GP1750,2025-10-12T23:23:15-07:00,25.0919.06,app_store_reviews_complete.csv,so,0.7,True,template,253
That's great!,5.0,GP1750,2025-10-12T23:23:15-07:00,25.0919.06,app_store_reviews_complete.csv,so,0.7,True,llm,253
sound,5.0,GP1750,2025-10-12T23:23:15-07:00,25.0919.06,app_store_reviews_complete.csv,so,0.7,True,synonym,253
effective,5.0,gssony,2025-10-12T22:40:21-07:00,25.0919.06,app_store_reviews_complete.csv,so,0.7,True,synonym,254
§,5.0,gssony,2025-10-12T22:40:21-07:00,25.0919.06,app_store_reviews_complete.csv,so,0.7,True,contextual,254
Highly recommend. good Five stars!,5.0,gssony,2025-10-12T22:40:21-07:00,25.0919.06,app_store_reviews_complete.csv,so,0.7,True,template,254
good,5.0,gssony,2025-10-12T22:40:21-07:00,25.0919.06,app_store_reviews_complete.csv,so,0.7,True,llm,254
upright,5.0,gssony,2025-10-12T22:40:21-07:00,25.0919.06,app_store_reviews_complete.csv,so,0.7,True,synonym,254
excellent,5.0,Naveen nannu,2025-10-12T19:53:33-07:00,25.0919.06,app_store_reviews_complete.csv,ca,1.0,True,synonym,256
。,5.0,Naveen nannu,2025-10-12T19:53:33-07:00,25.0919.06,app_store_reviews_complete.csv,ca,1.0,True,contextual,256
Great experience. excellent Worth trying.,5.0,Naveen nannu,2025-10-12T19:53:33-07:00,25.0919.06,app_store_reviews_complete.csv,ca,1.0,True,template,256
excellent,5.0,Naveen nannu,2025-10-12T19:53:33-07:00,25.0919.06,app_store_reviews_complete.csv,ca,1.0,True,llm,256
excellent,5.0,Naveen nannu,2025-10-12T19:53:33-07:00,25.0919.06,app_store_reviews_complete.csv,ca,1.0,True,synonym,256
very upright,5.0,Ankushrao,2025-10-04T07:35:37-07:00,25.0905.05,app_store_reviews_complete.csv,af,0.91,True,synonym,322
equally good,5.0,Ankushrao,2025-10-04T07:35:37-07:00,25.0905.05,app_store_reviews_complete.csv,af,0.91,True,contextual,322
Great experience. very good Five stars!,5.0,Ankushrao,2025-10-04T07:35:37-07:00,25.0905.05,app_store_reviews_complete.csv,af,0.91,True,template,322
"""pretty great""",5.0,Ankushrao,2025-10-04T07:35:37-07:00,25.0905.05,app_store_reviews_complete.csv,af,0.91,True,llm,322
very serious,5.0,Ankushrao,2025-10-04T07:35:37-07:00,25.0905.05,app_store_reviews_complete.csv,af,0.91,True,synonym,322
skilful,5.0,Sahil1171,2025-10-04T06:37:10-07:00,25.0905.05,app_store_reviews_complete.csv,so,0.7,True,synonym,324
♦,5.0,Sahil1171,2025-10-04T06:37:10-07:00,25.0905.05,app_store_reviews_complete.csv,so,0.7,True,contextual,324
Great experience. good Best app ever.,5.0,Sahil1171,2025-10-04T06:37:10-07:00,25.0905.05,app_store_reviews_complete.csv,so,0.7,True,template,324
good,5.0,Sahil1171,2025-10-04T06:37:10-07:00,25.0905.05,app_store_reviews_complete.csv,so,0.7,True,llm,324
estimable,5.0,Sahil1171,2025-10-04T06:37:10-07:00,25.0905.05,app_store_reviews_complete.csv,so,0.7,True,synonym,324
good atomic number 53 cost happy,5.0,Aniket gotad,2025-11-10T02:29:26-07:00,25.1017.05,app_store_reviews_complete.csv,cy,0.75,True,synonym,25
if i am gone,5.0,Aniket gotad,2025-11-10T02:29:26-07:00,25.1017.05,app_store_reviews_complete.csv,cy,0.75,True,contextual,25
Great experience. good i am happy Worth trying.,5.0,Aniket gotad,2025-11-10T02:29:26-07:00,25.1017.05,app_store_reviews_complete.csv,cy,0.75,True,template,25
"I'm pleased with it, feeling good.",5.0,Aniket gotad,2025-11-10T02:29:26-07:00,25.1017.05,app_store_reviews_complete.csv,cy,0.75,True,llm,25
dear atomic number 53 am happy,5.0,Aniket gotad,2025-11-10T02:29:26-07:00,25.1017.05,app_store_reviews_complete.csv,cy,0.75,True,synonym,25
very very tight,5.0,ankit.timbadia,2025-10-04T01:07:24-07:00,25.0905.05,app_store_reviews_complete.csv,en,0.26,True,synonym,326
very light fast,5.0,ankit.timbadia,2025-10-04T01:07:24-07:00,25.0905.05,app_store_reviews_complete.csv,en,0.26,True,contextual,326
Great experience. very very fast Best app ever.,5.0,ankit.timbadia,2025-10-04T01:07:24-07:00,25.0905.05,app_store_reviews_complete.csv,en,0.26,True,template,326
really quick,5.0,ankit.timbadia,2025-10-04T01:07:24-07:00,25.0905.05,app_store_reviews_complete.csv,en,0.26,True,llm,326
very rattling fast,5.0,ankit.timbadia,2025-10-04T01:07:24-07:00,25.0905.05,app_store_reviews_complete.csv,en,0.26,True,synonym,326
remove sum up,5.0,dr.rahul0987,2025-10-03T20:33:55-07:00,25.0905.05,app_store_reviews_complete.csv,sl,0.0,True,synonym,328
remove relation,5.0,dr.rahul0987,2025-10-03T20:33:55-07:00,25.0905.05,app_store_reviews_complete.csv,sl,0.0,True,contextual,328
Highly recommend. remove adds Keep it up!,5.0,dr.rahul0987,2025-10-03T20:33:55-07:00,25.0905.05,app_store_reviews_complete.csv,sl,0.0,True,template,328
"""get rid of these annoying ads""",5.0,dr.rahul0987,2025-10-03T20:33:55-07:00,25.0905.05,app_store_reviews_complete.csv,sl,0.0,True,llm,328
remove tote up,5.0,dr.rahul0987,2025-10-03T20:33:55-07:00,25.0905.05,app_store_reviews_complete.csv,sl,0.0,True,synonym,328
this is a attractively plan app,5.0,Tonhi11,2025-10-03T09:36:32-07:00,25.0905.05,app_store_reviews_complete.csv,en,0.85,True,synonym,330
this was your beautifully designed app,5.0,Tonhi11,2025-10-03T09:36:32-07:00,25.0905.05,app_store_reviews_complete.csv,en,0.85,True,contextual,330
Great experience. this is a beautifully designed app Five stars!,5.0,Tonhi11,2025-10-03T09:36:32-07:00,25.0905.05,app_store_reviews_complete.csv,en,0.85,True,template,330
"""I love how well-designed this app is""",5.0,Tonhi11,2025-10-03T09:36:32-07:00,25.0905.05,app_store_reviews_complete.csv,en,0.85,True,llm,330
this personify a beautifully designed app,5.0,Tonhi11,2025-10-03T09:36:32-07:00,25.0905.05,app_store_reviews_complete.csv,en,0.85,True,synonym,330
assuredness,5.0,DarrenFern,2025-11-10T03:23:06-07:00,25.1017.05,app_store_reviews_complete.csv,en,0.35,True,synonym,24
notes,5.0,DarrenFern,2025-11-10T03:23:06-07:00,25.1017.05,app_store_reviews_complete.csv,en,0.35,True,contextual,24
Great experience. cool Five stars!,5.0,DarrenFern,2025-11-10T03:23:06-07:00,25.1017.05,app_store_reviews_complete.csv,en,0.35,True,template,24
Pretty neat!,5.0,DarrenFern,2025-11-10T03:23:06-07:00,25.1017.05,app_store_reviews_complete.csv,en,0.35,True,llm,24
sang froid,5.0,DarrenFern,2025-11-10T03:23:06-07:00,25.1017.05,app_store_reviews_complete.csv,en,0.35,True,synonym,24
really good,5.0,dpshori,2025-10-02T21:37:05-07:00,25.0905.05,app_store_reviews_complete.csv,af,0.91,True,synonym,332
very large,5.0,dpshori,2025-10-02T21:37:05-07:00,25.0905.05,app_store_reviews_complete.csv,af,0.91,True,contextual,332
Amazing! awesome Worth trying.,5.0,dpshori,2025-10-02T21:37:05-07:00,25.0905.05,app_store_reviews_complete.csv,af,0.91,True,template,332
"""pretty impressive""",5.0,dpshori,2025-10-02T21:37:05-07:00,25.0905.05,app_store_reviews_complete.csv,af,0.91,True,llm,332
real good,5.0,dpshori,2025-10-02T21:37:05-07:00,25.0905.05,app_store_reviews_complete.csv,af,0.91,True,synonym,332
well,5.0,Pedestal ku,2025-10-02T21:13:23-07:00,25.0905.05,app_store_reviews_complete.csv,so,0.7,True,synonym,333
•,5.0,Pedestal ku,2025-10-02T21:13:23-07:00,25.0905.05,app_store_reviews_complete.csv,so,0.7,True,contextual,333
Highly recommend. good Keep it up!,5.0,Pedestal ku,2025-10-02T21:13:23-07:00,25.0905.05,app_store_reviews_complete.csv,so,0.7,True,template,333
good,5.0,Pedestal ku,2025-10-02T21:13:23-07:00,25.0905.05,app_store_reviews_complete.csv,so,0.7,True,llm,333
effective,5.0,Pedestal ku,2025-10-02T21:13:23-07:00,25.0905.05,app_store_reviews_complete.csv,so,0.7,True,synonym,333
rattling good,5.0,LokeshRaghav,2025-10-02T21:09:45-07:00,25.0905.05,app_store_reviews_complete.csv,af,0.91,True,synonym,334
very popular,5.0,LokeshRaghav,2025-10-02T21:09:45-07:00,25.0905.05,app_store_reviews_complete.csv,af,0.91,True,contextual,334
Great experience. awesome Five stars!,5.0,LokeshRaghav,2025-10-02T21:09:45-07:00,25.0905.05,app_store_reviews_complete.csv,af,0.91,True,template,334
It's really great,5.0,LokeshRaghav,2025-10-02T21:09:45-07:00,25.0905.05,app_store_reviews_complete.csv,af,0.91,True,llm,334
rattling good,5.0,LokeshRaghav,2025-10-02T21:09:45-07:00,25.0905.05,app_store_reviews_complete.csv,af,0.91,True,synonym,334
"no glitch, no fault, no worry",5.0,Chetan_Bandge,2025-10-02T20:51:39-07:00,25.0905.05,app_store_reviews_complete.csv,en,0.0,True,synonym,335
"no complaints, personal errors, all worries",5.0,Chetan_Bandge,2025-10-02T20:51:39-07:00,25.0905.05,app_store_reviews_complete.csv,en,0.0,True,contextual,335
"Highly recommend. no glitches, no errors, no worries Worth trying.",5.0,Chetan_Bandge,2025-10-02T20:51:39-07:00,25.0905.05,app_store_reviews_complete.csv,en,0.0,True,template,335
"No technical issues, no mistakes, smooth sailing",5.0,Chetan_Bandge,2025-10-02T20:51:39-07:00,25.0905.05,app_store_reviews_complete.csv,en,0.0,True,llm,335
"no glitch, no fault, no trouble",5.0,Chetan_Bandge,2025-10-02T20:51:39-07:00,25.0905.05,app_store_reviews_complete.csv,en,0.0,True,synonym,335
bother free transfer,5.0,Varma Rajesh,2025-10-02T11:57:14-07:00,25.0905.05,app_store_reviews_complete.csv,no,0.4,True,synonym,336
automated bus transfer,5.0,Varma Rajesh,2025-10-02T11:57:14-07:00,25.0905.05,app_store_reviews_complete.csv,no,0.4,True,contextual,336
Love this app! hassle free transfer Best app ever.,5.0,Varma Rajesh,2025-10-02T11:57:14-07:00,25.0905.05,app_store_reviews_complete.csv,no,0.4,True,template,336
"""smooth and easy transfer""",5.0,Varma Rajesh,2025-10-02T11:57:14-07:00,25.0905.05,app_store_reviews_complete.csv,no,0.4,True,llm,336
hassle devoid transfer,5.0,Varma Rajesh,2025-10-02T11:57:14-07:00,25.0905.05,app_store_reviews_complete.csv,no,0.4,True,synonym,336
effective,5.0,Lalmidhun k,2025-10-16T12:36:23-07:00,25.0919.07,app_store_reviews_complete.csv,so,0.7,True,synonym,225
theorem,5.0,Lalmidhun k,2025-10-16T12:36:23-07:00,25.0919.07,app_store_reviews_complete.csv,so,0.7,True,contextual,225
Highly recommend. good Worth trying.,5.0,Lalmidhun k,2025-10-16T12:36:23-07:00,25.0919.07,app_store_reviews_complete.csv,so,0.7,True,template,225
good,5.0,Lalmidhun k,2025-10-16T12:36:23-07:00,25.0919.07,app_store_reviews_complete.csv,so,0.7,True,llm,225
in force,5.0,Lalmidhun k,2025-10-16T12:36:23-07:00,25.0919.07,app_store_reviews_complete.csv,so,0.7,True,synonym,225
9999,5.0,Samadhan bodkhe,2025-10-11T22:13:12-07:00,25.0919.06,app_store_reviews_complete.csv,unknown,0.0,True,synonym,261
2001,5.0,Samadhan bodkhe,2025-10-11T22:13:12-07:00,25.0919.06,app_store_reviews_complete.csv,unknown,0.0,True,contextual,261
Amazing! 9999 Worth trying.,5.0,Samadhan bodkhe,2025-10-11T22:13:12-07:00,25.0919.06,app_store_reviews_complete.csv,unknown,0.0,True,template,261
"""It's like they don't even care about the customers. I'm so disappointed.""",5.0,Samadhan bodkhe,2025-10-11T22:13:12-07:00,25.0919.06,app_store_reviews_complete.csv,unknown,0.0,True,llm,261
9999,5.0,Samadhan bodkhe,2025-10-11T22:13:12-07:00,25.0919.06,app_store_reviews_complete.csv,unknown,0.0,True,synonym,261
very good theme,5.0,avtar brar pola,2025-10-11T21:54:58-07:00,25.0919.06,app_store_reviews_complete.csv,af,0.91,True,synonym,262
very good chemistry,5.0,avtar brar pola,2025-10-11T21:54:58-07:00,25.0919.06,app_store_reviews_complete.csv,af,0.91,True,contextual,262
Great experience. very good idea Worth trying.,5.0,avtar brar pola,2025-10-11T21:54:58-07:00,25.0919.06,app_store_reviews_complete.csv,af,0.91,True,template,262
"""great idea, love it""",5.0,avtar brar pola,2025-10-11T21:54:58-07:00,25.0919.06,app_store_reviews_complete.csv,af,0.91,True,llm,262
real good idea,5.0,avtar brar pola,2025-10-11T21:54:58-07:00,25.0919.06,app_store_reviews_complete.csv,af,0.91,True,synonym,262
tmkc,1.0,harshit7711,2025-10-11T09:30:33-07:00,25.0919.06,app_store_reviews_complete.csv,sl,0.0,True,synonym,263
2007,1.0,harshit7711,2025-10-11T09:30:33-07:00,25.0919.06,app_store_reviews_complete.csv,sl,0.0,True,contextual,263
Not recommended. tmkc Very frustrated.,1.0,harshit7711,2025-10-11T09:30:33-07:00,25.0919.06,app_store_reviews_complete.csv,sl,0.0,True,template,263
"""Just wanted to say that tmkc really needs improvement.""",1.0,harshit7711,2025-10-11T09:30:33-07:00,25.0919.06,app_store_reviews_complete.csv,sl,0.0,True,llm,263
tmkc,1.0,harshit7711,2025-10-11T09:30:33-07:00,25.0919.06,app_store_reviews_complete.csv,sl,0.0,True,synonym,263
daud,5.0,Arbaz  nadaf,2025-11-10T06:48:46-07:00,25.1017.05,app_store_reviews_complete.csv,cy,0.0,True,synonym,23
theorem,5.0,Arbaz  nadaf,2025-11-10T06:48:46-07:00,25.1017.05,app_store_reviews_complete.csv,cy,0.0,True,contextual,23
Great experience. daud Worth trying.,5.0,Arbaz  nadaf,2025-11-10T06:48:46-07:00,25.1017.05,app_store_reviews_complete.csv,cy,0.0,True,template,23
daud,5.0,Arbaz  nadaf,2025-11-10T06:48:46-07:00,25.1017.05,app_store_reviews_complete.csv,cy,0.0,True,llm,23
daud,5.0,Arbaz  nadaf,2025-11-10T06:48:46-07:00,25.1017.05,app_store_reviews_complete.csv,cy,0.0,True,synonym,23
full service,5.0,Ketan chhatrola,2025-10-11T01:40:20-07:00,25.0919.06,app_store_reviews_complete.csv,hr,0.7,True,synonym,265
good luck,5.0,Ketan chhatrola,2025-10-11T01:40:20-07:00,25.0919.06,app_store_reviews_complete.csv,hr,0.7,True,contextual,265
Love this app! good service Keep it up!,5.0,Ketan chhatrola,2025-10-11T01:40:20-07:00,25.0919.06,app_store_reviews_complete.csv,hr,0.7,True,template,265
great customer service,5.0,Ketan chhatrola,2025-10-11T01:40:20-07:00,25.0919.06,app_store_reviews_complete.csv,hr,0.7,True,llm,265
good table service,5.0,Ketan chhatrola,2025-10-11T01:40:20-07:00,25.0919.06,app_store_reviews_complete.csv,hr,0.7,True,synonym,265
flawless upi system,5.0,Krishan Kr,2025-10-10T21:11:54-07:00,25.0919.06,app_store_reviews_complete.csv,sv,1.0,True,synonym,266
hydro navigation system,5.0,Krishan Kr,2025-10-10T21:11:54-07:00,25.0919.06,app_store_reviews_complete.csv,sv,1.0,True,contextual,266
Highly recommend. flawless upi system Five stars!,5.0,Krishan Kr,2025-10-10T21:11:54-07:00,25.0919.06,app_store_reviews_complete.csv,sv,1.0,True,template,266
"""perfect payment system""",5.0,Krishan Kr,2025-10-10T21:11:54-07:00,25.0919.06,app_store_reviews_complete.csv,sv,1.0,True,llm,266
flawless upi system,5.0,Krishan Kr,2025-10-10T21:11:54-07:00,25.0919.06,app_store_reviews_complete.csv,sv,1.0,True,synonym,266
recharge,5.0,Tata recharge,2025-10-10T18:40:46-07:00,25.0919.06,app_store_reviews_complete.csv,en,0.0,True,synonym,267
·,5.0,Tata recharge,2025-10-10T18:40:46-07:00,25.0919.06,app_store_reviews_complete.csv,en,0.0,True,contextual,267
Great experience. recharge Keep it up!,5.0,Tata recharge,2025-10-10T18:40:46-07:00,25.0919.06,app_store_reviews_complete.csv,en,0.0,True,template,267
"""I need to top up my account.""",5.0,Tata recharge,2025-10-10T18:40:46-07:00,25.0919.06,app_store_reviews_complete.csv,en,0.0,True,llm,267
recharge,5.0,Tata recharge,2025-10-10T18:40:46-07:00,25.0919.06,app_store_reviews_complete.csv,en,0.0,True,synonym,267
thriftlessness adds,5.0,sgsankar,2025-10-10T08:35:22-07:00,25.0919.06,app_store_reviews_complete.csv,af,-0.2,True,synonym,270
waste bank,5.0,sgsankar,2025-10-10T08:35:22-07:00,25.0919.06,app_store_reviews_complete.csv,af,-0.2,True,contextual,270
Love this app! waste adds Keep it up!,5.0,sgsankar,2025-10-10T08:35:22-07:00,25.0919.06,app_store_reviews_complete.csv,af,-0.2,True,template,270
"""such a waste""",5.0,sgsankar,2025-10-10T08:35:22-07:00,25.0919.06,app_store_reviews_complete.csv,af,-0.2,True,llm,270
wasteland adds,5.0,sgsankar,2025-10-10T08:35:22-07:00,25.0919.06,app_store_reviews_complete.csv,af,-0.2,True,synonym,270
substantially,5.0,Bheemanath,2025-10-10T07:37:19-07:00,25.0919.06,app_store_reviews_complete.csv,no,0.5,True,synonym,272
•,5.0,Bheemanath,2025-10-10T07:37:19-07:00,25.0919.06,app_store_reviews_complete.csv,no,0.5,True,contextual,272
Highly recommend. better Worth trying.,5.0,Bheemanath,2025-10-10T07:37:19-07:00,25.0919.06,app_store_reviews_complete.csv,no,0.5,True,template,272
better,5.0,Bheemanath,2025-10-10T07:37:19-07:00,25.0919.06,app_store_reviews_complete.csv,no,0.5,True,llm,272
good,5.0,Bheemanath,2025-10-10T07:37:19-07:00,25.0919.06,app_store_reviews_complete.csv,no,0.5,True,synonym,272
user friendly,5.0,Pikuukanam,2025-10-14T22:41:03-07:00,25.0919.07,app_store_reviews_complete.csv,da,0.375,True,synonym,241
match friendly,5.0,Pikuukanam,2025-10-14T22:41:03-07:00,25.0919.07,app_store_reviews_complete.csv,da,0.375,True,contextual,241
Highly recommend. user friendly Best app ever.,5.0,Pikuukanam,2025-10-14T22:41:03-07:00,25.0919.07,app_store_reviews_complete.csv,da,0.375,True,template,241
"""easy to use""",5.0,Pikuukanam,2025-10-14T22:41:03-07:00,25.0919.07,app_store_reviews_complete.csv,da,0.375,True,llm,241
user well disposed,5.0,Pikuukanam,2025-10-14T22:41:03-07:00,25.0919.07,app_store_reviews_complete.csv,da,0.375,True,synonym,241
awesome i like and favor others to use,5.0,Omshreee,2025-10-14T09:24:01-07:00,25.0919.07,app_store_reviews_complete.csv,en,0.91,True,synonym,244
very smart people suppose and prefer others to use,5.0,Omshreee,2025-10-14T09:24:01-07:00,25.0919.07,app_store_reviews_complete.csv,en,0.91,True,contextual,244
Highly recommend. awesome i like and prefer others to use Worth trying.,5.0,Omshreee,2025-10-14T09:24:01-07:00,25.0919.07,app_store_reviews_complete.csv,en,0.91,True,template,244
"""I really enjoy it and recommend it to others.""",5.0,Omshreee,2025-10-14T09:24:01-07:00,25.0919.07,app_store_reviews_complete.csv,en,0.91,True,llm,244
awesome i like and prefer others to use,5.0,Omshreee,2025-10-14T09:24:01-07:00,25.0919.07,app_store_reviews_complete.csv,en,0.91,True,synonym,244
right,5.0,Pradeep chinni,2025-10-14T08:09:20-07:00,25.0919.07,app_store_reviews_complete.csv,so,0.7,True,synonym,245
।,5.0,Pradeep chinni,2025-10-14T08:09:20-07:00,25.0919.07,app_store_reviews_complete.csv,so,0.7,True,contextual,245
Great experience. good Best app ever.,5.0,Pradeep chinni,2025-10-14T08:09:20-07:00,25.0919.07,app_store_reviews_complete.csv,so,0.7,True,template,245
good,5.0,Pradeep chinni,2025-10-14T08:09:20-07:00,25.0919.07,app_store_reviews_complete.csv,so,0.7,True,llm,245
honest,5.0,Pradeep chinni,2025-10-14T08:09:20-07:00,25.0919.07,app_store_reviews_complete.csv,so,0.7,True,synonym,245
serious,5.0,Manita manger,2025-10-14T05:03:18-07:00,25.0919.07,app_store_reviews_complete.csv,so,0.7,True,synonym,246
02,5.0,Manita manger,2025-10-14T05:03:18-07:00,25.0919.07,app_store_reviews_complete.csv,so,0.7,True,contextual,246
Great experience. good Best app ever.,5.0,Manita manger,2025-10-14T05:03:18-07:00,25.0919.07,app_store_reviews_complete.csv,so,0.7,True,template,246
Pretty good!,5.0,Manita manger,2025-10-14T05:03:18-07:00,25.0919.07,app_store_reviews_complete.csv,so,0.7,True,llm,246
serious,5.0,Manita manger,2025-10-14T05:03:18-07:00,25.0919.07,app_store_reviews_complete.csv,so,0.7,True,synonym,246
pose,5.0,Manju m g,2025-10-13T11:17:49-07:00,25.0919.06,app_store_reviews_complete.csv,sw,0.6000000000000001,True,synonym,248
॥,5.0,Manju m g,2025-10-13T11:17:49-07:00,25.0919.06,app_store_reviews_complete.csv,sw,0.6000000000000001,True,contextual,248
Amazing! amazing Best app ever.,5.0,Manju m g,2025-10-13T11:17:49-07:00,25.0919.06,app_store_reviews_complete.csv,sw,0.6000000000000001,True,template,248
"""fantastic""",5.0,Manju m g,2025-10-13T11:17:49-07:00,25.0919.06,app_store_reviews_complete.csv,sw,0.6000000000000001,True,llm,248
mystify,5.0,Manju m g,2025-10-13T11:17:49-07:00,25.0919.06,app_store_reviews_complete.csv,sw,0.6000000000000001,True,synonym,248
really nice,5.0,Nity Kishori,2025-10-13T10:13:26-07:00,25.0919.06,app_store_reviews_complete.csv,cs,0.78,True,synonym,249
very simple,5.0,Nity Kishori,2025-10-13T10:13:26-07:00,25.0919.06,app_store_reviews_complete.csv,cs,0.78,True,contextual,249
Highly recommend. very nice Best app ever.,5.0,Nity Kishori,2025-10-13T10:13:26-07:00,25.0919.06,app_store_reviews_complete.csv,cs,0.78,True,template,249
"""super cool""",5.0,Nity Kishori,2025-10-13T10:13:26-07:00,25.0919.06,app_store_reviews_complete.csv,cs,0.78,True,llm,249
real nice,5.0,Nity Kishori,2025-10-13T10:13:26-07:00,25.0919.06,app_store_reviews_complete.csv,cs,0.78,True,synonym,249
ghatiya,1.0,Dc mehra,2025-10-13T08:45:10-07:00,25.0919.06,app_store_reviews_complete.csv,tl,0.0,True,synonym,250
123,1.0,Dc mehra,2025-10-13T08:45:10-07:00,25.0919.06,app_store_reviews_complete.csv,tl,0.0,True,contextual,250
Disappointed. ghatiya Won't use again.,1.0,Dc mehra,2025-10-13T08:45:10-07:00,25.0919.06,app_store_reviews_complete.csv,tl,0.0,True,template,250
ghatiya,1.0,Dc mehra,2025-10-13T08:45:10-07:00,25.0919.06,app_store_reviews_complete.csv,tl,0.0,True,llm,250
ghatiya,1.0,Dc mehra,2025-10-13T08:45:10-07:00,25.0919.06,app_store_reviews_complete.csv,tl,0.0,True,synonym,250
nifty,5.0,Abhu panda,2025-10-09T01:43:17-07:00,25.0919.06,app_store_reviews_complete.csv,ro,0.8,True,synonym,285
111,5.0,Abhu panda,2025-10-09T01:43:17-07:00,25.0919.06,app_store_reviews_complete.csv,ro,0.8,True,contextual,285
Love this app! great Worth trying.,5.0,Abhu panda,2025-10-09T01:43:17-07:00,25.0919.06,app_store_reviews_complete.csv,ro,0.8,True,template,285
great,5.0,Abhu panda,2025-10-09T01:43:17-07:00,25.0919.06,app_store_reviews_complete.csv,ro,0.8,True,llm,285
neat,5.0,Abhu panda,2025-10-09T01:43:17-07:00,25.0919.06,app_store_reviews_complete.csv,ro,0.8,True,synonym,285
excellent organization!,5.0,Arjan M’Ratta!,2025-10-09T00:40:35-07:00,25.0919.06,app_store_reviews_complete.csv,fr,1.0,True,synonym,286
excellent judgment!,5.0,Arjan M’Ratta!,2025-10-09T00:40:35-07:00,25.0919.06,app_store_reviews_complete.csv,fr,1.0,True,contextual,286
Amazing! excellent system! Worth trying.,5.0,Arjan M’Ratta!,2025-10-09T00:40:35-07:00,25.0919.06,app_store_reviews_complete.csv,fr,1.0,True,template,286
"""Awesome system!""",5.0,Arjan M’Ratta!,2025-10-09T00:40:35-07:00,25.0919.06,app_store_reviews_complete.csv,fr,1.0,True,llm,286
fantabulous system!,5.0,Arjan M’Ratta!,2025-10-09T00:40:35-07:00,25.0919.06,app_store_reviews_complete.csv,fr,1.0,True,synonym,286
app broken decently on iphone 7 addition,1.0,Veeraswamy gouda141,2025-10-06T04:23:57-07:00,25.0613.05,app_store_reviews_complete.csv,en,0.0,True,synonym,305
app not seen exclusively on iphone ipad plus,1.0,Veeraswamy gouda141,2025-10-06T04:23:57-07:00,25.0613.05,app_store_reviews_complete.csv,en,0.0,True,contextual,305
Not recommended. app not working properly on iphone 7 plus Won't use again.,1.0,Veeraswamy gouda141,2025-10-06T04:23:57-07:00,25.0613.05,app_store_reviews_complete.csv,en,0.0,True,template,305
"""My iPhone 7 Plus is having issues with the app, it's not working right.""",1.0,Veeraswamy gouda141,2025-10-06T04:23:57-07:00,25.0613.05,app_store_reviews_complete.csv,en,0.0,True,llm,305
app not working properly on iphone heptad asset,1.0,Veeraswamy gouda141,2025-10-06T04:23:57-07:00,25.0613.05,app_store_reviews_complete.csv,en,0.0,True,synonym,305
very dull and poor functioning app,1.0,Shank2198,2025-10-05T23:55:38-07:00,25.0905.05,app_store_reviews_complete.csv,en,-0.395,True,synonym,306
very old and poor functioning limbs,1.0,Shank2198,2025-10-05T23:55:38-07:00,25.0905.05,app_store_reviews_complete.csv,en,-0.395,True,contextual,306
Waste of time. very slow and poor functioning app Very frustrated.,1.0,Shank2198,2025-10-05T23:55:38-07:00,25.0905.05,app_store_reviews_complete.csv,en,-0.395,True,template,306
The app is really sluggish and doesn't work well.,1.0,Shank2198,2025-10-05T23:55:38-07:00,25.0905.05,app_store_reviews_complete.csv,en,-0.395,True,llm,306
very boring and wretched functioning app,1.0,Shank2198,2025-10-05T23:55:38-07:00,25.0905.05,app_store_reviews_complete.csv,en,-0.395,True,synonym,306
1177,5.0,gcigit,2025-10-05T23:10:55-07:00,25.0905.05,app_store_reviews_complete.csv,unknown,0.0,True,synonym,307
notes,5.0,gcigit,2025-10-05T23:10:55-07:00,25.0905.05,app_store_reviews_complete.csv,unknown,0.0,True,contextual,307
Amazing! 1177 Best app ever.,5.0,gcigit,2025-10-05T23:10:55-07:00,25.0905.05,app_store_reviews_complete.csv,unknown,0.0,True,template,307
"""1177 is not working.""",5.0,gcigit,2025-10-05T23:10:55-07:00,25.0905.05,app_store_reviews_complete.csv,unknown,0.0,True,llm,307
1177,5.0,gcigit,2025-10-05T23:10:55-07:00,25.0905.05,app_store_reviews_complete.csv,unknown,0.0,True,synonym,307
good forfarance,5.0,Swamy pbn,2025-10-05T22:08:58-07:00,25.0905.05,app_store_reviews_complete.csv,cy,0.7,True,synonym,308
saturday evening,5.0,Swamy pbn,2025-10-05T22:08:58-07:00,25.0905.05,app_store_reviews_complete.csv,cy,0.7,True,contextual,308
Amazing! good forfarance Worth trying.,5.0,Swamy pbn,2025-10-05T22:08:58-07:00,25.0905.05,app_store_reviews_complete.csv,cy,0.7,True,template,308
"""performed well""",5.0,Swamy pbn,2025-10-05T22:08:58-07:00,25.0905.05,app_store_reviews_complete.csv,cy,0.7,True,llm,308
good forfarance,5.0,Swamy pbn,2025-10-05T22:08:58-07:00,25.0905.05,app_store_reviews_complete.csv,cy,0.7,True,synonym,308
ezi h good like this app,5.0,Alisha mokhtar,2025-10-05T21:05:02-07:00,25.0905.05,app_store_reviews_complete.csv,nl,0.7,True,synonym,309
virtual mobile good uses this app,5.0,Alisha mokhtar,2025-10-05T21:05:02-07:00,25.0905.05,app_store_reviews_complete.csv,nl,0.7,True,contextual,309
Love this app! ezi h good like this app Five stars!,5.0,Alisha mokhtar,2025-10-05T21:05:02-07:00,25.0905.05,app_store_reviews_complete.csv,nl,0.7,True,template,309
"This app is so easy to use and really helpful, I like it a lot.",5.0,Alisha mokhtar,2025-10-05T21:05:02-07:00,25.0905.05,app_store_reviews_complete.csv,nl,0.7,True,llm,309
ezi h good like this ap,5.0,Alisha mokhtar,2025-10-05T21:05:02-07:00,25.0905.05,app_store_reviews_complete.csv,nl,0.7,True,synonym,309
safe defrayal all types,5.0,Prakashsingh Chouhan,2025-10-05T20:09:06-07:00,25.0905.05,app_store_reviews_complete.csv,en,0.4,True,synonym,310
org supports all types,5.0,Prakashsingh Chouhan,2025-10-05T20:09:06-07:00,25.0905.05,app_store_reviews_complete.csv,en,0.4,True,contextual,310
Highly recommend. secure payment all types Worth trying.,5.0,Prakashsingh Chouhan,2025-10-05T20:09:06-07:00,25.0905.05,app_store_reviews_complete.csv,en,0.4,True,template,310
"""safe payment for all kinds""",5.0,Prakashsingh Chouhan,2025-10-05T20:09:06-07:00,25.0905.05,app_store_reviews_complete.csv,en,0.4,True,llm,310
dependable payment all type,5.0,Prakashsingh Chouhan,2025-10-05T20:09:06-07:00,25.0905.05,app_store_reviews_complete.csv,en,0.4,True,synonym,310
very tight operating these days keep back it upward,5.0,paras somaiya,2025-10-05T19:48:20-07:00,25.0905.05,app_store_reviews_complete.csv,en,0.26,True,synonym,311
very fast operating these days are being tight,5.0,paras somaiya,2025-10-05T19:48:20-07:00,25.0905.05,app_store_reviews_complete.csv,en,0.26,True,contextual,311
Love this app! very fast operating these days keep it up Five stars!,5.0,paras somaiya,2025-10-05T19:48:20-07:00,25.0905.05,app_store_reviews_complete.csv,en,0.26,True,template,311
"""Operating speed is really quick lately, keep it up!""",5.0,paras somaiya,2025-10-05T19:48:20-07:00,25.0905.05,app_store_reviews_complete.csv,en,0.26,True,llm,311
rattling tight operating these days keep it astir,5.0,paras somaiya,2025-10-05T19:48:20-07:00,25.0905.05,app_store_reviews_complete.csv,en,0.26,True,synonym,311
good,5.0,Pankaj Kumar Mehta,2025-10-05T19:07:00-07:00,25.0905.05,app_store_reviews_complete.csv,af,1.0,True,synonym,312
38,5.0,Pankaj Kumar Mehta,2025-10-05T19:07:00-07:00,25.0905.05,app_store_reviews_complete.csv,af,1.0,True,contextual,312
Highly recommend. best Best app ever.,5.0,Pankaj Kumar Mehta,2025-10-05T19:07:00-07:00,25.0905.05,app_store_reviews_complete.csv,af,1.0,True,template,312
best,5.0,Pankaj Kumar Mehta,2025-10-05T19:07:00-07:00,25.0905.05,app_store_reviews_complete.csv,af,1.0,True,llm,312
honorable,5.0,Pankaj Kumar Mehta,2025-10-05T19:07:00-07:00,25.0905.05,app_store_reviews_complete.csv,af,1.0,True,synonym,312
work well,5.0,Prusty Kailash,2025-10-04T04:24:21-07:00,25.0905.05,app_store_reviews_complete.csv,af,0.0,True,synonym,325
mighty well,5.0,Prusty Kailash,2025-10-04T04:24:21-07:00,25.0905.05,app_store_reviews_complete.csv,af,0.0,True,contextual,325
Great experience. working well Five stars!,5.0,Prusty Kailash,2025-10-04T04:24:21-07:00,25.0905.05,app_store_reviews_complete.csv,af,0.0,True,template,325
"""doing great""",5.0,Prusty Kailash,2025-10-04T04:24:21-07:00,25.0905.05,app_store_reviews_complete.csv,af,0.0,True,llm,325
work well,5.0,Prusty Kailash,2025-10-04T04:24:21-07:00,25.0905.05,app_store_reviews_complete.csv,af,0.0,True,synonym,325
it ' s only awe inspiring,5.0,tammup,2025-10-05T06:47:16-07:00,25.0905.05,app_store_reviews_complete.csv,en,1.0,True,synonym,316
it ' r simply impossible,5.0,tammup,2025-10-05T06:47:16-07:00,25.0905.05,app_store_reviews_complete.csv,en,1.0,True,contextual,316
Great experience. it's simply awesome Five stars!,5.0,tammup,2025-10-05T06:47:16-07:00,25.0905.05,app_store_reviews_complete.csv,en,1.0,True,template,316
"""It's just fantastic""",5.0,tammup,2025-10-05T06:47:16-07:00,25.0905.05,app_store_reviews_complete.csv,en,1.0,True,llm,316
information technology ' s simply awesome,5.0,tammup,2025-10-05T06:47:16-07:00,25.0905.05,app_store_reviews_complete.csv,en,1.0,True,synonym,316
very utilitarian app for smooth conversion,5.0,Gaurav-9764,2025-10-05T01:22:19-07:00,25.0905.05,app_store_reviews_complete.csv,en,0.395,True,synonym,317
very fast algorithm for smooth transition,5.0,Gaurav-9764,2025-10-05T01:22:19-07:00,25.0905.05,app_store_reviews_complete.csv,en,0.395,True,contextual,317
Love this app! very useful app for smooth transition Worth trying.,5.0,Gaurav-9764,2025-10-05T01:22:19-07:00,25.0905.05,app_store_reviews_complete.csv,en,0.395,True,template,317
This app is great for making transitions easier.,5.0,Gaurav-9764,2025-10-05T01:22:19-07:00,25.0905.05,app_store_reviews_complete.csv,en,0.395,True,llm,317
very useful app for smooth changeover,5.0,Gaurav-9764,2025-10-05T01:22:19-07:00,25.0905.05,app_store_reviews_complete.csv,en,0.395,True,synonym,317
full ap,5.0,Vaibhavmama,2025-11-10T21:08:57-07:00,25.1017.05,app_store_reviews_complete.csv,en,0.7,True,synonym,21
itunes app,5.0,Vaibhavmama,2025-11-10T21:08:57-07:00,25.1017.05,app_store_reviews_complete.csv,en,0.7,True,contextual,21
Love this app! good app Worth trying.,5.0,Vaibhavmama,2025-11-10T21:08:57-07:00,25.1017.05,app_store_reviews_complete.csv,en,0.7,True,template,21
Love this app!,5.0,Vaibhavmama,2025-11-10T21:08:57-07:00,25.1017.05,app_store_reviews_complete.csv,en,0.7,True,llm,21
good app,5.0,Vaibhavmama,2025-11-10T21:08:57-07:00,25.1017.05,app_store_reviews_complete.csv,en,0.7,True,synonym,21
5 star ally,5.0,Sona Dhaliwal,2025-10-12T16:12:51-07:00,25.0919.06,app_store_reviews_complete.csv,sv,0.0,True,synonym,257
5 star awards,5.0,Sona Dhaliwal,2025-10-12T16:12:51-07:00,25.0919.06,app_store_reviews_complete.csv,sv,0.0,True,contextual,257
Love this app! 5 star friend Worth trying.,5.0,Sona Dhaliwal,2025-10-12T16:12:51-07:00,25.0919.06,app_store_reviews_complete.csv,sv,0.0,True,template,257
They are a top-notch buddy!,5.0,Sona Dhaliwal,2025-10-12T16:12:51-07:00,25.0919.06,app_store_reviews_complete.csv,sv,0.0,True,llm,257
fivesome star friend,5.0,Sona Dhaliwal,2025-10-12T16:12:51-07:00,25.0919.06,app_store_reviews_complete.csv,sv,0.0,True,synonym,257
phonepe,5.0,Rokhda💲,2025-10-12T12:56:35-07:00,25.0919.06,app_store_reviews_complete.csv,en,0.0,True,synonym,258
82,5.0,Rokhda💲,2025-10-12T12:56:35-07:00,25.0919.06,app_store_reviews_complete.csv,en,0.0,True,contextual,258
Highly recommend. phonepe Five stars!,5.0,Rokhda💲,2025-10-12T12:56:35-07:00,25.0919.06,app_store_reviews_complete.csv,en,0.0,True,template,258
"""Phonepe is great!""",5.0,Rokhda💲,2025-10-12T12:56:35-07:00,25.0919.06,app_store_reviews_complete.csv,en,0.0,True,llm,258
phonepe,5.0,Rokhda💲,2025-10-12T12:56:35-07:00,25.0919.06,app_store_reviews_complete.csv,en,0.0,True,synonym,258
too tight,5.0,Malik S K,2025-10-07T08:14:43-07:00,25.0905.05,app_store_reviews_complete.csv,en,0.2,True,synonym,298
too good,5.0,Malik S K,2025-10-07T08:14:43-07:00,25.0905.05,app_store_reviews_complete.csv,en,0.2,True,contextual,298
Love this app! too fast Keep it up!,5.0,Malik S K,2025-10-07T08:14:43-07:00,25.0905.05,app_store_reviews_complete.csv,en,0.2,True,template,298
"""way too speedy""",5.0,Malik S K,2025-10-07T08:14:43-07:00,25.0905.05,app_store_reviews_complete.csv,en,0.2,True,llm,298
too tight,5.0,Malik S K,2025-10-07T08:14:43-07:00,25.0905.05,app_store_reviews_complete.csv,en,0.2,True,synonym,298
bs keshapur,5.0,Keshapur,2025-11-09T03:28:59-07:00,25.1017.05,app_store_reviews_complete.csv,sq,0.0,True,synonym,35
● ।,5.0,Keshapur,2025-11-09T03:28:59-07:00,25.1017.05,app_store_reviews_complete.csv,sq,0.0,True,contextual,35
Amazing! bs keshapur Five stars!,5.0,Keshapur,2025-11-09T03:28:59-07:00,25.1017.05,app_store_reviews_complete.csv,sq,0.0,True,template,35
"""bs keshapur just doesn't work for me""",5.0,Keshapur,2025-11-09T03:28:59-07:00,25.1017.05,app_store_reviews_complete.csv,sq,0.0,True,llm,35
b keshapur,5.0,Keshapur,2025-11-09T03:28:59-07:00,25.1017.05,app_store_reviews_complete.csv,sq,0.0,True,synonym,35
ne'er ever underestimate native american ' s.,5.0,Reddychot,2025-11-08T19:17:16-07:00,25.1017.05,app_store_reviews_complete.csv,da,0.0,True,synonym,37
rarely ever underestimate humans ' intelligence.,5.0,Reddychot,2025-11-08T19:17:16-07:00,25.1017.05,app_store_reviews_complete.csv,da,0.0,True,contextual,37
Love this app! never ever underestimate indian's. Best app ever.,5.0,Reddychot,2025-11-08T19:17:16-07:00,25.1017.05,app_store_reviews_complete.csv,da,0.0,True,template,37
Never underestimate the power of Indians.,5.0,Reddychot,2025-11-08T19:17:16-07:00,25.1017.05,app_store_reviews_complete.csv,da,0.0,True,llm,37
never ever so underestimate native american ' sulfur.,5.0,Reddychot,2025-11-08T19:17:16-07:00,25.1017.05,app_store_reviews_complete.csv,da,0.0,True,synonym,37
app is so much smooth,5.0,Vyankatesh Pillay,2025-11-08T06:35:30-07:00,25.1017.05,app_store_reviews_complete.csv,en,0.4,True,synonym,40
app pressed so very smooth,5.0,Vyankatesh Pillay,2025-11-08T06:35:30-07:00,25.1017.05,app_store_reviews_complete.csv,en,0.4,True,contextual,40
Great experience. app is so much smooth Best app ever.,5.0,Vyankatesh Pillay,2025-11-08T06:35:30-07:00,25.1017.05,app_store_reviews_complete.csv,en,0.4,True,template,40
"""The app runs really smoothly""",5.0,Vyankatesh Pillay,2025-11-08T06:35:30-07:00,25.1017.05,app_store_reviews_complete.csv,en,0.4,True,llm,40
app is so much smooth,5.0,Vyankatesh Pillay,2025-11-08T06:35:30-07:00,25.1017.05,app_store_reviews_complete.csv,en,0.4,True,synonym,40
wise sk,5.0,Smart Arkhit,2025-11-08T06:26:04-07:00,25.1017.05,app_store_reviews_complete.csv,sv,0.2142857142857142,True,synonym,41
smart technology,5.0,Smart Arkhit,2025-11-08T06:26:04-07:00,25.1017.05,app_store_reviews_complete.csv,sv,0.2142857142857142,True,contextual,41
Highly recommend. smart sk Five stars!,5.0,Smart Arkhit,2025-11-08T06:26:04-07:00,25.1017.05,app_store_reviews_complete.csv,sv,0.2142857142857142,True,template,41
"""clever smart""",5.0,Smart Arkhit,2025-11-08T06:26:04-07:00,25.1017.05,app_store_reviews_complete.csv,sv,0.2142857142857142,True,llm,41
smart sk,5.0,Smart Arkhit,2025-11-08T06:26:04-07:00,25.1017.05,app_store_reviews_complete.csv,sv,0.2142857142857142,True,synonym,41
mani,5.0,mani9346,2025-11-08T05:28:29-07:00,25.1017.05,app_store_reviews_complete.csv,sw,0.0,True,synonym,42
52,5.0,mani9346,2025-11-08T05:28:29-07:00,25.1017.05,app_store_reviews_complete.csv,sw,0.0,True,contextual,42
Amazing! mani Five stars!,5.0,mani9346,2025-11-08T05:28:29-07:00,25.1017.05,app_store_reviews_complete.csv,sw,0.0,True,template,42
So many choices!,5.0,mani9346,2025-11-08T05:28:29-07:00,25.1017.05,app_store_reviews_complete.csv,sw,0.0,True,llm,42
mani,5.0,mani9346,2025-11-08T05:28:29-07:00,25.1017.05,app_store_reviews_complete.csv,sw,0.0,True,synonym,42
in force service,5.0,SAHEB DEBNATH,2025-11-08T05:02:47-07:00,25.1017.05,app_store_reviews_complete.csv,hr,0.7,True,synonym,43
passenger service,5.0,SAHEB DEBNATH,2025-11-08T05:02:47-07:00,25.1017.05,app_store_reviews_complete.csv,hr,0.7,True,contextual,43
Love this app! good service Worth trying.,5.0,SAHEB DEBNATH,2025-11-08T05:02:47-07:00,25.1017.05,app_store_reviews_complete.csv,hr,0.7,True,template,43
Great service,5.0,SAHEB DEBNATH,2025-11-08T05:02:47-07:00,25.1017.05,app_store_reviews_complete.csv,hr,0.7,True,llm,43
salutary service,5.0,SAHEB DEBNATH,2025-11-08T05:02:47-07:00,25.1017.05,app_store_reviews_complete.csv,hr,0.7,True,synonym,43
excellent robert william service,5.0,kmvasava,2025-11-08T04:07:55-07:00,25.1017.05,app_store_reviews_complete.csv,fr,1.0,True,synonym,44
excellent planning,5.0,kmvasava,2025-11-08T04:07:55-07:00,25.1017.05,app_store_reviews_complete.csv,fr,1.0,True,contextual,44
Amazing! excellent service Worth trying.,5.0,kmvasava,2025-11-08T04:07:55-07:00,25.1017.05,app_store_reviews_complete.csv,fr,1.0,True,template,44
"""great customer service""",5.0,kmvasava,2025-11-08T04:07:55-07:00,25.1017.05,app_store_reviews_complete.csv,fr,1.0,True,llm,44
splendid service,5.0,kmvasava,2025-11-08T04:07:55-07:00,25.1017.05,app_store_reviews_complete.csv,fr,1.0,True,synonym,44
not similar,1.0,Mhsnmohmed,2025-11-07T22:42:52-07:00,25.1017.05,app_store_reviews_complete.csv,sl,0.0,True,synonym,46
not available,1.0,Mhsnmohmed,2025-11-07T22:42:52-07:00,25.1017.05,app_store_reviews_complete.csv,sl,0.0,True,contextual,46
Terrible experience. nt like Won't use again.,1.0,Mhsnmohmed,2025-11-07T22:42:52-07:00,25.1017.05,app_store_reviews_complete.csv,sl,0.0,True,template,46
didn't care for,1.0,Mhsnmohmed,2025-11-07T22:42:52-07:00,25.1017.05,app_store_reviews_complete.csv,sl,0.0,True,llm,46
non like,1.0,Mhsnmohmed,2025-11-07T22:42:52-07:00,25.1017.05,app_store_reviews_complete.csv,sl,0.0,True,synonym,46
good,5.0,Purushottam bunny,2025-11-07T16:37:33-07:00,25.1017.05,app_store_reviews_complete.csv,af,1.0,True,synonym,48
