review_text,rating,author,date,app_version,source,language,sentiment,is_augmented,augmentation_method,original_id
"this app is not very accessible for visually, impaired persons and in ios again and again we have to login this app. this is worst experience. very mad policy of the company.",2.0,Joyal J F,2025-11-13T18:42:20-07:00,25.1031.00,app_store_reviews_complete.csv,en,-0.4891826923076923,False,original,0
very nice,5.0,Kannada Chandru,2025-11-13T06:03:06-07:00,25.1031.00,app_store_reviews_complete.csv,cs,0.78,False,original,1
malesh,5.0,VDKmm,2025-11-13T05:59:23-07:00,25.1031.00,app_store_reviews_complete.csv,sq,0.0,False,original,2
please do not purchase gold in digital gold. it is not working. you may lose money.,2.0,Mohan8889,2025-11-13T05:42:49-07:00,25.1031.00,app_store_reviews_complete.csv,en,0.0,False,original,3
good and fastest services and easy access,5.0,Harvindra singhal,2025-11-13T04:06:39-07:00,25.1031.00,app_store_reviews_complete.csv,en,0.5666666666666667,False,original,4
jagtap,1.0,Pradip Jagtap,2025-11-12T20:35:39-07:00,25.1031.00,app_store_reviews_complete.csv,tl,0.0,False,original,5
good condition,5.0,Abhishek Maury,2025-11-12T16:08:59-07:00,25.1031.00,app_store_reviews_complete.csv,en,0.7,False,original,6
very delay update new features,3.0,csvinayak,2025-11-12T06:26:13-07:00,25.1031.00,app_store_reviews_complete.csv,en,0.1681818181818181,False,original,7
it's amazing,5.0,Anmol deol,2025-11-12T05:34:19-07:00,25.1031.00,app_store_reviews_complete.csv,tl,0.6000000000000001,False,original,8
outdated interface,1.0,Mickypandu,2025-11-12T05:33:14-07:00,25.1031.00,app_store_reviews_complete.csv,en,-0.4000000000000001,False,original,9
"need to close and open for 2 times than it will open .. phonepe app is not opening for 1 time when we open ,",1.0,Rockysince1997,2025-11-12T01:29:09-07:00,25.1017.05,app_store_reviews_complete.csv,en,0.0,False,original,10
excellent speed,5.0,Hvrrrddy,2025-11-12T01:00:20-07:00,25.1017.05,app_store_reviews_complete.csv,nl,1.0,False,original,11
"super app. user friendly, handy and convenient nice to deal with",5.0,Rajashekar Hebbar C,2025-11-11T22:36:16-07:00,25.1017.05,app_store_reviews_complete.csv,en,0.4770833333333333,False,original,12
best,5.0,Sohi jass,2025-11-11T20:06:59-07:00,25.1017.05,app_store_reviews_complete.csv,af,1.0,False,original,13
1st whenever we enter the new number it's take too long time to appear the name 2nd in the history when i going to pay again it's not able to click 3rd when we click to mobile number in the recent it's showing old transaction not recent.,1.0,Kaushalrajhbd,2025-11-11T19:49:05-07:00,25.1017.05,app_store_reviews_complete.csv,en,-0.0079545454545454,False,original,14
the app is not opening its just keep on loading,5.0,Faheem Taj,2025-11-11T06:55:42-07:00,25.1017.05,app_store_reviews_complete.csv,en,0.0,False,original,15
"i've been trying to download my phonepe transaction statement for fy 2023–24, but the app shows a technical error every time. it's been over 3 days, and even after emailing customer support, i've received no response or solution. phonepe is good for payments, but the support system and technical reliability are very poor. please fix the statement download issue and respond to users who genuinely need their transaction records for financial purposes.",1.0,Sikarwar vinay,2025-11-11T06:39:39-07:00,25.1017.05,app_store_reviews_complete.csv,en,0.0966666666666666,False,original,16
hood one,5.0,Ziggi jsm,2025-11-11T05:44:00-07:00,25.1017.05,app_store_reviews_complete.csv,en,0.0,False,original,17
free mai pasia cut kartei ase joke mera bhot pasia chala geya mera acc se yei app ko use he mat kro paltu wala app hai not good for online,1.0,Online thief,2025-11-11T04:17:01-07:00,25.1017.05,app_store_reviews_complete.csv,en,0.025,False,original,18
"provide a way to opt out of promotional notifications, please don't abuse the permissions we give you by spamming with random notifications every hour.",1.0,Timepass7,2025-11-11T03:13:57-07:00,25.1017.05,app_store_reviews_complete.csv,en,-0.5,False,original,19
"what nonsense is this? phonepe suddenly stopped working on my iphone 8 plus just because it needs ios 17 — which isn't even available for my phone! this app worked perfectly fine a year ago, and now you're forcing people to buy a new phone just to make payments? totally unfair and frustrating. stop looting consumers in the name of updates!",1.0,Vipul Simariya,2025-11-11T01:28:22-07:00,25.1017.05,app_store_reviews_complete.csv,en,0.0088383838383838,False,original,20
good app,5.0,Vaibhavmama,2025-11-10T21:08:57-07:00,25.1017.05,app_store_reviews_complete.csv,en,0.7,False,original,21
bangalore metro is not available for doing the recharge not sure why this one which is one of the imp commutation methods in bangalore is left out please add the same,1.0,HkLakshmi,2025-11-10T16:54:58-07:00,25.1017.05,app_store_reviews_complete.csv,en,-0.1125,False,original,22
daud,5.0,Arbaz  nadaf,2025-11-10T06:48:46-07:00,25.1017.05,app_store_reviews_complete.csv,cy,0.0,False,original,23
cool,5.0,DarrenFern,2025-11-10T03:23:06-07:00,25.1017.05,app_store_reviews_complete.csv,en,0.35,False,original,24
good i am happy,5.0,Aniket gotad,2025-11-10T02:29:26-07:00,25.1017.05,app_store_reviews_complete.csv,cy,0.75,False,original,25
enjoying but their is a no cash back offer,5.0,Kunal Lal Patil,2025-11-10T01:53:19-07:00,25.1017.05,app_store_reviews_complete.csv,en,0.25,False,original,26
very good sir,5.0,Bijay Kumar mallick,2025-11-09T22:28:28-07:00,25.1017.05,app_store_reviews_complete.csv,af,0.91,False,original,27
good job,5.0,giriraj vaishnav,2025-11-09T21:51:51-07:00,25.1017.05,app_store_reviews_complete.csv,so,0.7,False,original,28
excellent,5.0,B.Radhakrishnan,2025-11-09T21:05:17-07:00,25.1017.05,app_store_reviews_complete.csv,ca,1.0,False,original,29
to open,3.0,Vaishali khate,2025-11-09T20:49:39-07:00,25.1017.05,app_store_reviews_complete.csv,en,0.0,False,original,30
phonepe,5.0,Khurshed so,2025-11-09T19:08:26-07:00,25.1017.05,app_store_reviews_complete.csv,en,0.0,False,original,31
after update phone pe is not working on iphone 7. app is not at all openning just white screen comming,1.0,r@meshD,2025-11-09T17:54:09-07:00,25.0613.05,app_store_reviews_complete.csv,en,0.0,False,original,32
excellent,5.0,gali dilip,2025-11-09T08:22:50-07:00,25.1017.05,app_store_reviews_complete.csv,ca,1.0,False,original,33
can be improved,1.0,10000 i lost,2025-11-09T05:08:59-07:00,25.1017.05,app_store_reviews_complete.csv,en,0.0,False,original,34
bs keshapur,5.0,Keshapur,2025-11-09T03:28:59-07:00,25.1017.05,app_store_reviews_complete.csv,sq,0.0,False,original,35
avoid takin extra money,2.0,Alfa3655,2025-11-09T00:39:35-07:00,25.1017.05,app_store_reviews_complete.csv,fi,0.0,False,original,36
never ever underestimate indian's.,5.0,Reddychot,2025-11-08T19:17:16-07:00,25.1017.05,app_store_reviews_complete.csv,da,0.0,False,original,37
very easy to use . everyone can understand . every option is useful. this app is unbeatable,5.0,rajvbhagya,2025-11-08T18:34:43-07:00,25.1017.05,app_store_reviews_complete.csv,en,0.4316666666666666,False,original,38
phonepe digital gold is a grid run by phonepe and jewellers. when you buy a gold they don't deliver you the gold. they ask you to sell for the fake market price for heavy loss as their market price is always 5000 rupees less than the actual market price,1.0,ArunJolad,2025-11-08T09:45:58-07:00,25.1017.05,app_store_reviews_complete.csv,en,-0.1733333333333333,False,original,39
app is so much smooth,5.0,Vyankatesh Pillay,2025-11-08T06:35:30-07:00,25.1017.05,app_store_reviews_complete.csv,en,0.4,False,original,40
smart sk,5.0,Smart Arkhit,2025-11-08T06:26:04-07:00,25.1017.05,app_store_reviews_complete.csv,sv,0.2142857142857142,False,original,41
mani,5.0,mani9346,2025-11-08T05:28:29-07:00,25.1017.05,app_store_reviews_complete.csv,sw,0.0,False,original,42
good service,5.0,SAHEB DEBNATH,2025-11-08T05:02:47-07:00,25.1017.05,app_store_reviews_complete.csv,hr,0.7,False,original,43
excellent service,5.0,kmvasava,2025-11-08T04:07:55-07:00,25.1017.05,app_store_reviews_complete.csv,fr,1.0,False,original,44
"noting working on app , show something went wrong. please fix the issue as getting error on payment,history all bills related",1.0,Praful 8340,2025-11-08T01:29:12-07:00,25.1017.05,app_store_reviews_complete.csv,en,-0.25,False,original,45
not like,1.0,Mhsnmohmed,2025-11-07T22:42:52-07:00,25.1017.05,app_store_reviews_complete.csv,sl,0.0,False,original,46
"app stooped working .even after reinstalling app white screen issue still persist. there is no way to contact customer care for such issues everytime i have to restart app ,,,, very frustrating",1.0,HMARKNK,2025-11-07T20:46:51-07:00,25.1017.05,app_store_reviews_complete.csv,en,-0.1733333333333333,False,original,47
best,5.0,Purushottam bunny,2025-11-07T16:37:33-07:00,25.1017.05,app_store_reviews_complete.csv,af,1.0,False,original,48
"post updating the latest version app stopped working, i can't even access",1.0,OmkarSingh,2025-11-07T08:54:35-07:00,25.1017.05,app_store_reviews_complete.csv,en,0.5,False,original,49
fraud ho rahe hai aab phone pay ma,5.0,Tu  CC ni dad,2025-11-07T05:53:33-07:00,25.1017.05,app_store_reviews_complete.csv,cy,0.0,False,original,50
so much,5.0,Solty paan shop,2025-11-07T05:31:10-07:00,25.1017.05,app_store_reviews_complete.csv,es,0.2,False,original,51
super,5.0,Sandeshmsgowda,2025-11-07T04:34:30-07:00,25.1017.05,app_store_reviews_complete.csv,ro,0.3333333333333333,False,original,52
easy for life,5.0,Tibrata,2025-11-07T03:10:28-07:00,25.1017.05,app_store_reviews_complete.csv,en,0.4333333333333333,False,original,53
worst app i used iam invest in gold but the amount is not credited in my accunt but they show the amount is credited,1.0,Offlx abi,2025-11-07T02:43:26-07:00,25.1017.05,app_store_reviews_complete.csv,en,-1.0,False,original,54
"i have issue regarding kyc and tried calling on support numbers but agents are not available or no option to talk to agents, no email id provided by company so in sort your problem can't be heard.",1.0,Krishna keshari,2025-11-06T22:50:53-07:00,25.1017.05,app_store_reviews_complete.csv,en,-0.2,False,original,55
good job guys,5.0,I’m owner the city Mary,2025-11-06T21:09:08-07:00,25.1017.05,app_store_reviews_complete.csv,so,0.7,False,original,56
gond,5.0,Bhabani Gond,2025-11-06T20:59:27-07:00,25.1017.05,app_store_reviews_complete.csv,cy,0.0,False,original,57
very gif,1.0,Pappakutty,2025-11-06T19:28:59-07:00,25.1017.05,app_store_reviews_complete.csv,en,0.2,False,original,58
not one instance of payment failure. smooth and effortless.,5.0,Harish Ramaswamy,2025-11-06T18:33:04-07:00,25.1017.05,app_store_reviews_complete.csv,en,0.0416666666666666,False,original,59
guys please don't top up your phonepe wallet as there is no option to send the money through wallet even though i have my balance even i am not able to withdraw my money from the wallet as it says transaction failed due to technical error. its so cheap. now i don't know wt to do.,1.0,Rajneesh B.S,2025-11-06T06:48:01-07:00,25.1017.05,app_store_reviews_complete.csv,en,0.0041666666666666,False,original,60
i am sorry but i forgot the name but the person was so helpful now i can do the transaction,5.0,F0204,2025-11-06T00:27:20-07:00,25.1017.05,app_store_reviews_complete.csv,en,-0.5,False,original,61
technical issue,2.0,Gf ddgh,2025-11-05T22:06:21-07:00,25.1017.05,app_store_reviews_complete.csv,en,0.0,False,original,62
"trying to contact customer care service regarding cc but unable to pass through ivr agent no reply from phonepe also. if they can't understand the customer querry , i am bound to say poor customer care service.",3.0,ReyAKV,2025-11-05T21:06:49-07:00,25.1017.05,app_store_reviews_complete.csv,en,-0.45,False,original,63
very good & fast service,5.0,Yuvan krishna,2025-11-05T19:31:19-07:00,25.1017.05,app_store_reviews_complete.csv,en,0.5549999999999999,False,original,64
nice,5.0,skumarsoni,2025-11-05T09:09:34-07:00,25.1017.05,app_store_reviews_complete.csv,pl,0.6,False,original,65
good,5.0,Satish he,2025-11-05T07:26:38-07:00,25.1017.05,app_store_reviews_complete.csv,so,0.7,False,original,66
easy to use,5.0,Musjad,2025-11-05T07:06:53-07:00,25.1017.05,app_store_reviews_complete.csv,en,0.4333333333333333,False,original,67
never know when it works or not. need to have back up/ option b handy,4.0,Trixe term lie,2025-11-05T06:55:33-07:00,25.1017.05,app_store_reviews_complete.csv,en,0.3,False,original,68
it's easy to pay,5.0,Nausahad,2025-11-05T06:05:51-07:00,25.1017.05,app_store_reviews_complete.csv,en,0.4333333333333333,False,original,69
poor service i have complainted regarding an issue but it has been around a month no use the issue is not solved until now,1.0,Nabeel2139,2025-11-05T01:50:52-07:00,25.1017.05,app_store_reviews_complete.csv,en,-0.4,False,original,70
good,5.0,Amanprit singh,2025-11-04T22:07:06-07:00,25.1017.05,app_store_reviews_complete.csv,so,0.7,False,original,71
don't use this aap. third class services . you can withdrawl your own money.,1.0,SHIVER KUMAR,2025-11-04T09:12:23-07:00,25.1017.05,app_store_reviews_complete.csv,en,0.3,False,original,72
nice,5.0,jot banur,2025-11-04T07:59:53-07:00,25.1017.05,app_store_reviews_complete.csv,pl,0.6,False,original,73
+91 78454 35832,5.0,91 78454 35832,2025-11-04T07:16:46-07:00,25.1017.05,app_store_reviews_complete.csv,unknown,0.0,False,original,74
super,5.0,Golu Dhande,2025-11-04T05:52:12-07:00,25.1017.05,app_store_reviews_complete.csv,ro,0.3333333333333333,False,original,75
super app in phonepe,5.0,Cut boy123,2025-11-04T05:34:08-07:00,25.1017.05,app_store_reviews_complete.csv,en,0.3333333333333333,False,original,76
good,5.0,Simmuali,2025-11-04T04:11:01-07:00,25.1017.05,app_store_reviews_complete.csv,so,0.7,False,original,77
they make a app such as these for teens,5.0,fckumcgdg,2025-11-04T04:08:25-07:00,25.1017.05,app_store_reviews_complete.csv,en,0.0,False,original,78
its very easy to use and secure also thanks for easy my payment,5.0,raza461938,2025-11-04T01:11:03-07:00,25.1017.00,app_store_reviews_complete.csv,en,0.3991666666666666,False,original,79
good,5.0,Harish  Desai,2025-11-03T22:28:45-07:00,25.1017.00,app_store_reviews_complete.csv,so,0.7,False,original,80
no cash back. no cash back,1.0,Vicky kadva,2025-11-03T20:33:16-07:00,25.1017.00,app_store_reviews_complete.csv,en,0.0,False,original,81
esme 18 year+ bank accounts bante h jo ki bahut safe h esse hm hm subscriber bhi kar sakte h recharge bhi kar sakte h and upi bhi kar sakte h or daily saving se gold bhi jma kar sakte h = safe app,5.0,Khemsa  jani,2025-11-03T10:09:27-07:00,25.1017.00,app_store_reviews_complete.csv,id,0.3333333333333333,False,original,82
"today i faced problem with p.pay , i didn't work",1.0,Ravi ramaraj,2025-11-03T06:45:45-07:00,25.1017.00,app_store_reviews_complete.csv,en,0.0,False,original,83
awesome user interface. i feel very convenient using this app for payments. thanks.,5.0,Suman Gunta,2025-11-03T03:39:04-07:00,25.1017.00,app_store_reviews_complete.csv,en,0.4666666666666666,False,original,84
nice,5.0,Sangyabhau,2025-11-03T01:22:09-07:00,25.1017.00,app_store_reviews_complete.csv,pl,0.6,False,original,85
good app,5.0,Nikhil1132,2025-11-02T22:57:53-07:00,25.1017.00,app_store_reviews_complete.csv,en,0.7,False,original,86
good,5.0,Free cesh,2025-11-02T22:16:13-07:00,25.1017.00,app_store_reviews_complete.csv,so,0.7,False,original,87
"when try access camera to scan the qr code it's not working, getting black screen",3.0,Suman-657,2025-11-02T21:47:21-07:00,25.1017.00,app_store_reviews_complete.csv,en,-0.1666666666666666,False,original,88
i want 15 version of phone pay and,1.0,ritktk,2025-11-02T20:27:20-07:00,25.1017.00,app_store_reviews_complete.csv,en,0.0,False,original,89
10 out of 10,5.0,Chhupa rustum,2025-11-02T11:21:21-07:00,25.1017.00,app_store_reviews_complete.csv,en,0.0,False,original,90
motherchood app,1.0,Apu Phukan,2025-11-02T09:14:32-07:00,25.1017.00,app_store_reviews_complete.csv,en,0.0,False,original,91
same,1.0,Guna goud,2025-11-02T08:41:03-07:00,25.1017.00,app_store_reviews_complete.csv,tl,0.0,False,original,92
"""i've been using phonepe for years and my experience has been amazing. it's fast, reliable, and the interface is so simple that even my parents can use it easily. the range of services from upi payments to bill recharges is fantastic.""",5.0,Shahnawaz Shah 03,2025-11-02T08:24:31-07:00,25.1017.00,app_store_reviews_complete.csv,en,0.3266666666666666,False,original,93
"i usually pay my credit card bill, but it has failed and the reversal time is too long. who will be responsible if my bill bounces?",1.0,Sarfuraz,2025-11-02T07:51:03-07:00,25.1017.00,app_store_reviews_complete.csv,en,-0.15,False,original,94
no rewards only ad,3.0,Adi hay,2025-11-02T07:45:40-07:00,25.1017.00,app_store_reviews_complete.csv,en,0.0,False,original,95
good,4.0,R.Suresh Babu,2025-11-02T05:48:18-07:00,25.1017.00,app_store_reviews_complete.csv,so,0.7,False,original,96
it just stuck at every step without any progress,1.0,Hoks855,2025-11-02T05:46:09-07:00,25.1017.00,app_store_reviews_complete.csv,en,0.0,False,original,97
"i've been using this app from last six years, and it is amazing and reliable.",5.0,Suvhd,2025-11-02T02:14:24-07:00,25.1017.00,app_store_reviews_complete.csv,en,0.3,False,original,98
not wirking,1.0,MiyaBhaiMosn,2025-11-02T02:14:05-07:00,25.0613.05,app_store_reviews_complete.csv,af,0.0,False,original,99
good,5.0,Jayendra j joshi,2025-11-02T01:43:12-07:00,25.1017.00,app_store_reviews_complete.csv,so,0.7,False,original,100
nice,5.0,12shi13,2025-11-02T00:45:39-07:00,25.1017.00,app_store_reviews_complete.csv,pl,0.6,False,original,101
my autopay has failed and i'm not even able to raise a ticket,1.0,stacK5555,2025-11-02T00:25:31-07:00,25.1017.00,app_store_reviews_complete.csv,en,0.0,False,original,102
there was still a complaint that contact names were not displayed. still not fixed,1.0,Prasanth Vanjarapu,2025-11-01T22:42:54-07:00,25.1017.00,app_store_reviews_complete.csv,en,-0.175,False,original,103
no cashbacks compared to other upi apps,3.0,VivekD123,2025-11-01T21:03:56-07:00,25.1017.00,app_store_reviews_complete.csv,en,-0.125,False,original,104
excellent service,5.0,BSvas,2025-11-01T20:10:17-07:00,25.1017.00,app_store_reviews_complete.csv,fr,1.0,False,original,105
no cash back getting in phonepe,1.0,Jashwan26ddhjj,2025-11-01T18:46:09-07:00,25.1017.00,app_store_reviews_complete.csv,en,0.0,False,original,106
i use this app always. i never use cash.,5.0,Dikshya Dutta,2025-11-01T07:55:26-07:00,25.1017.00,app_store_reviews_complete.csv,en,0.0,False,original,107
best app,5.0,Mr baggu,2025-11-01T06:27:14-07:00,25.1017.00,app_store_reviews_complete.csv,fr,1.0,False,original,108
very nice and beautiful,5.0,Dipak Singh13,2025-11-01T05:36:38-07:00,25.1017.00,app_store_reviews_complete.csv,en,0.815,False,original,109
"phone pay is good aap for pay online payment to enjoy any type of facility to buy subscriptions like spotify,online products while buy staying at home. i like this app",5.0,Mani Salwan,2025-11-01T04:19:57-07:00,25.1017.00,app_store_reviews_complete.csv,en,0.55,False,original,110
"when i try to pay contact there is a ui glitch please resolve, when i swipe up to check transaction it goes blank on the bottom",1.0,Bhaswat2002,2025-10-31T23:25:11-07:00,25.1017.00,app_store_reviews_complete.csv,en,0.0,False,original,111
best service,5.0,Srisri76,2025-10-31T22:15:20-07:00,25.1017.00,app_store_reviews_complete.csv,en,1.0,False,original,112
outstanding,5.0,Tinkykanju,2025-10-31T21:18:31-07:00,25.1017.00,app_store_reviews_complete.csv,af,0.5,False,original,113
hi team app not opening bugs kindly fix it asap,1.0,Rajesh roulo,2025-10-31T19:41:53-07:00,25.1017.00,app_store_reviews_complete.csv,en,0.6,False,original,114
very good,5.0,Joshibhasker,2025-10-31T06:22:38-07:00,25.1017.00,app_store_reviews_complete.csv,af,0.91,False,original,115
overall a very good app for payments but what i miss is the total spends to see on category wise as in paytm there is a way to see the total spends of every month based on category.this is very useful for me to track my spends and calculate on which i spent the most.it would be very useful if phonepe also shows the report.,4.0,Sathya18_02,2025-10-31T00:52:16-07:00,25.1017.00,app_store_reviews_complete.csv,en,0.28625,False,original,116
5 star,5.0,Dilshad karim Raja,2025-10-30T20:40:04-07:00,25.1017.00,app_store_reviews_complete.csv,sv,0.0,False,original,117
excellent,5.0,Babushabhav,2025-10-30T19:22:15-07:00,25.1017.00,app_store_reviews_complete.csv,ca,1.0,False,original,118
goooooooood,5.0,salmankhanx09,2025-10-30T18:07:13-07:00,25.1017.00,app_store_reviews_complete.csv,so,0.0,False,original,119
received payment not show in full screen,5.0,Mangilal Bhaderwal,2025-10-30T11:26:06-07:00,25.1017.00,app_store_reviews_complete.csv,en,0.35,False,original,120
my phone is not working,1.0,Kirak@143,2025-10-30T07:00:29-07:00,25.1017.00,app_store_reviews_complete.csv,en,0.0,False,original,121
super,5.0,Bhagya ram,2025-10-30T05:54:02-07:00,25.1017.00,app_store_reviews_complete.csv,ro,0.3333333333333333,False,original,122
fetching balance shown wrong in few months,3.0,Subuam,2025-10-30T00:51:04-07:00,25.1003.06,app_store_reviews_complete.csv,en,-0.35,False,original,123
good,4.0,uxfofofieidkskcld,2025-10-29T23:58:34-07:00,25.1003.06,app_store_reviews_complete.csv,so,0.7,False,original,124
thank you my condition,5.0,Rohit_101010,2025-10-29T23:35:57-07:00,25.1003.06,app_store_reviews_complete.csv,en,0.0,False,original,125
very reliable app for pay,5.0,Narinder pannu,2025-10-29T22:06:04-07:00,25.1003.06,app_store_reviews_complete.csv,en,0.2,False,original,126
no any cashback offers,2.0,Chetanshin,2025-10-29T10:38:12-07:00,25.1003.06,app_store_reviews_complete.csv,en,0.1,False,original,127
i have to download again and again due to old iphone not supported phone pay and many apps,2.0,Rajpal singh Rawat,2025-10-29T09:56:17-07:00,25.1003.06,app_store_reviews_complete.csv,en,0.1583333333333333,False,original,128
fast,5.0,A9966773640a,2025-10-29T06:31:31-07:00,25.1003.06,app_store_reviews_complete.csv,it,0.2,False,original,129
it is annoying to erase the caption that comes when i share the msg on other apps. remove it from your app.,4.0,Vivek Raikar,2025-10-29T06:04:15-07:00,25.1003.06,app_store_reviews_complete.csv,en,-0.4625,False,original,130
"phonepay is the easiest, safest and effortless way of money transfer/payment",5.0,NVSwamy,2025-10-29T05:40:18-07:00,25.1003.06,app_store_reviews_complete.csv,en,0.0,False,original,131
app not working suddenly getting out,1.0,Habjsjab,2025-10-29T02:28:44-07:00,25.1003.06,app_store_reviews_complete.csv,af,0.0,False,original,132
feeling good in all locations,5.0,Bharath Gangadhar Jois,2025-10-29T00:54:19-07:00,25.1003.06,app_store_reviews_complete.csv,en,0.7,False,original,133
good,5.0,Sandeep Punul,2025-10-29T00:05:34-07:00,25.1003.06,app_store_reviews_complete.csv,so,0.7,False,original,134
service are cold not working good slow and hanging issue many time,1.0,Yashasvicsc,2025-10-28T21:09:20-07:00,25.1003.06,app_store_reviews_complete.csv,en,0.0749999999999999,False,original,135
stupid app no customer support this will and should go down soon,1.0,wehdhkcf,2025-10-28T20:37:53-07:00,25.1003.06,app_store_reviews_complete.csv,en,-0.4777777777777777,False,original,136
"why is this app adding paid using phonepe upi spam after every single payment? like when you have to share the screenshot with someone, for example whatsapp this app adds the spam automatically each time. it's very annoying.",1.0,FaZe Aditya,2025-10-28T03:39:12-07:00,25.1003.06,app_store_reviews_complete.csv,en,-0.5357142857142857,False,original,137
excellent,5.0,Skhuseini,2025-10-28T02:26:24-07:00,25.1003.06,app_store_reviews_complete.csv,ca,1.0,False,original,138
service is god,5.0,Sweetyog,2025-10-28T01:56:27-07:00,25.1003.06,app_store_reviews_complete.csv,en,0.0,False,original,139
from india to world we are laps and bound ahead,5.0,Dhirukhan,2025-10-27T21:31:06-07:00,25.1003.06,app_store_reviews_complete.csv,en,0.0,False,original,140
bahut aacha h,5.0,Ibc aman Maurya,2025-10-27T20:41:50-07:00,25.1003.06,app_store_reviews_complete.csv,so,0.0,False,original,141
"not working, my version 15.8.5 , how to fix this problem",1.0,dfgecf,2025-10-27T20:33:53-07:00,25.1003.06,app_store_reviews_complete.csv,en,0.0,False,original,142
5star worth,5.0,Mohan rupa,2025-10-27T20:33:47-07:00,25.1003.06,app_store_reviews_complete.csv,en,0.3,False,original,143
phone pe not giving any cashbacks,1.0,Shekar12@0609,2025-10-27T10:56:35-07:00,25.1003.06,app_store_reviews_complete.csv,en,0.0,False,original,144
phone pe app is getting crashed everytime i am clicking anywhere after phone update. please support on it as i am not able to even raise ticket on app,1.0,Tanyajha_,2025-10-27T10:06:05-07:00,25.1003.06,app_store_reviews_complete.csv,en,-0.25,False,original,145
good transaction app,4.0,madhu polnati,2025-10-27T06:31:44-07:00,25.1003.06,app_store_reviews_complete.csv,en,0.7,False,original,146
outstanding,5.0,Naresh Sir,2025-10-27T05:07:53-07:00,25.1003.06,app_store_reviews_complete.csv,af,0.5,False,original,147
excellent,5.0,Santhan29,2025-10-26T23:57:46-07:00,25.1003.06,app_store_reviews_complete.csv,ca,1.0,False,original,148
"since last night phonepe is crashing whenever i load the application. tried updating as well, still it is crashing. please do something asap",1.0,JonesSelvabalan,2025-10-26T23:40:51-07:00,25.1003.06,app_store_reviews_complete.csv,en,0.0,False,original,149
don't buy gold from this app useless app ever for buying digital gold,1.0,Akash vaani,2025-10-26T21:37:23-07:00,25.1003.06,app_store_reviews_complete.csv,en,-0.25,False,original,150
good,5.0,Moharman arman,2025-10-26T21:24:53-07:00,25.1003.06,app_store_reviews_complete.csv,so,0.7,False,original,151
acha bhai he,5.0,I’m lulling,2025-10-26T08:20:16-07:00,25.1003.06,app_store_reviews_complete.csv,cy,0.0,False,original,152
aadii,5.0,Aadii Aadil,2025-10-25T23:59:20-07:00,25.1003.06,app_store_reviews_complete.csv,so,0.0,False,original,153
one star,1.0,Mr Jamna persad,2025-10-25T23:41:25-07:00,25.1003.06,app_store_reviews_complete.csv,it,0.0,False,original,154
and my favourite app,5.0,Rt@156,2025-10-25T21:11:08-07:00,25.1003.06,app_store_reviews_complete.csv,en,0.0,False,original,155
all rounder great service,5.0,Mr.Gpreet,2025-10-25T18:22:06-07:00,25.1003.06,app_store_reviews_complete.csv,en,0.8,False,original,156
quick and easy service,5.0,Shaan C Lad,2025-10-25T03:19:55-07:00,25.1003.06,app_store_reviews_complete.csv,en,0.3833333333333333,False,original,157
"bad notification, phonepe app",1.0,214anup,2025-10-25T02:37:58-07:00,25.1003.06,app_store_reviews_complete.csv,en,-0.6999999999999998,False,original,158
this app is a fraud app. never work as per the offers and terms and conditions. and most importantly pathetic customer support.,1.0,Show my Feedback,2025-10-24T22:16:09-07:00,25.1003.06,app_store_reviews_complete.csv,en,-0.1333333333333333,False,original,159
this app is so good,5.0,Tojinder Rathour,2025-10-24T20:54:02-07:00,25.1003.06,app_store_reviews_complete.csv,en,0.7,False,original,160
best payment apps,5.0,Deepaksing,2025-10-24T19:50:50-07:00,25.1003.06,app_store_reviews_complete.csv,fr,1.0,False,original,161
give me cash back,5.0,sunnYY SAAB,2025-10-24T10:24:08-07:00,25.1003.06,app_store_reviews_complete.csv,en,0.0,False,original,162
good,5.0,زبير جمال,2025-10-24T08:56:27-07:00,25.1003.06,app_store_reviews_complete.csv,so,0.7,False,original,163
it's famous on there tasty charts and love too eat there only not others,5.0,Bhai mera,2025-10-24T08:46:43-07:00,25.1003.06,app_store_reviews_complete.csv,en,0.3333333333333333,False,original,164
error occurred while open application,1.0,I lv me,2025-10-24T05:07:13-07:00,25.1003.06,app_store_reviews_complete.csv,en,0.0,False,original,165
automatically closing app,1.0,Sumitmndl,2025-10-24T04:14:18-07:00,25.1003.06,app_store_reviews_complete.csv,en,0.0,False,original,166
"i started using phonepe after reading that it has a good cashback reward scheme. the app is usually snappy. however, after making several payments (credit card bill, electricity bill), i find there is no consistency - it seems to be a lottery. after complaining, i'm now getting silent calls (they call & say nothing, or put me on hold - i waited upto 10minutes - then they post a response about being cut off) from their support team. time to move on, i think.",2.0,bhjtb,2025-10-24T01:18:07-07:00,25.1003.06,app_store_reviews_complete.csv,en,0.1124999999999999,False,original,167
excellent services,5.0,Junnuritik,2025-10-24T00:15:27-07:00,25.1003.06,app_store_reviews_complete.csv,fr,1.0,False,original,168
my phone pe app suddenly stopped working and repeated attempts to reinstall not successful.tried contacting customer care but no one to respond except prerecorded ivr.i have some funds blocked in phone pe lite don't know how to retrieve them.better not to use this app.very irresponsible attitude,1.0,Srinivas gastro,2025-10-23T19:03:07-07:00,25.1003.06,app_store_reviews_complete.csv,en,0.0,False,original,169
apple lover,5.0,Gurzar is great,2025-10-23T09:53:44-07:00,25.1003.06,app_store_reviews_complete.csv,fr,0.0,False,original,170
perfect invention nice,5.0,Smile Suri,2025-10-23T07:42:50-07:00,25.1003.06,app_store_reviews_complete.csv,en,0.8,False,original,171
processing time is more,1.0,Kesavkt,2025-10-23T04:53:42-07:00,25.1003.06,app_store_reviews_complete.csv,en,0.5,False,original,172
i hate ads,3.0,Rahil Alvi,2025-10-23T04:48:54-07:00,25.1003.06,app_store_reviews_complete.csv,da,-0.8,False,original,173
i'm facing a problem tegarding login from yesterday. the app interface keeps loading and not processing anything! please fix it asap.,5.0,duttasayan,2025-10-23T03:38:31-07:00,25.1003.06,app_store_reviews_complete.csv,en,0.0,False,original,174
after changing phone it take only minute to activate phonepe account. whether gpay takes more than two days.,5.0,Vicky@2228,2025-10-23T02:55:57-07:00,25.1003.06,app_store_reviews_complete.csv,en,0.25,False,original,175
ticket raised three days ago but not get any resolution yet,1.0,Yadav 12,2025-10-22T21:31:10-07:00,25.1003.00,app_store_reviews_complete.csv,en,0.0,False,original,176
average or good,1.0,Gjsjskknebee,2025-10-22T12:49:17-07:00,25.1003.00,app_store_reviews_complete.csv,no,0.2749999999999999,False,original,177
raza,5.0,Touqer raza,2025-10-22T09:25:11-07:00,25.1003.00,app_store_reviews_complete.csv,hr,0.0,False,original,178
new phone pe,5.0,Avesh khan 1313,2025-10-22T04:18:51-07:00,25.1003.00,app_store_reviews_complete.csv,en,0.1363636363636363,False,original,179
i use phone pe using my dubai phone number and nri bank account. this feature is not available in gpay yet.,5.0,DrPraveenP,2025-10-22T02:54:34-07:00,25.1003.00,app_store_reviews_complete.csv,en,-0.2,False,original,180
"please don't buy insurance through phonepe. i renewed my star health policy 2 weeks ago through their platform — money deducted instantly, but the policy still not renewed. every two days, their team asks for ""two more days"" to fix it. it's been two week of the same excuse. at this point, i don't even have active insurance, and their customer care seems completely clueless no matter how many times i explain the issue. i guess the only thing that works fast at phonepe is their payment gateway — everything else is a black hole.",1.0,Ente reviews,2025-10-22T00:21:42-07:00,25.1003.00,app_store_reviews_complete.csv,en,0.095,False,original,181
very good,5.0,A C Reddy,2025-10-21T23:39:43-07:00,25.1003.00,app_store_reviews_complete.csv,af,0.91,False,original,182
shiva,5.0,Gurrala shiva,2025-10-21T22:10:02-07:00,25.1003.00,app_store_reviews_complete.csv,sq,0.0,False,original,183
my dad has has a eye,3.0,Malikdhxhv it s,2025-10-21T04:48:42-07:00,25.1003.00,app_store_reviews_complete.csv,so,0.0,False,original,184
excellent,5.0,Darshan shaiva,2025-10-21T03:24:06-07:00,25.1003.00,app_store_reviews_complete.csv,ca,1.0,False,original,185
5stars,5.0,Vahid aslam shaikh,2025-10-20T15:21:25-07:00,25.1003.00,app_store_reviews_complete.csv,sv,0.0,False,original,186
always recharge making very easy in phone pe,5.0,Aian’s apple,2025-10-20T08:40:05-07:00,25.1003.00,app_store_reviews_complete.csv,en,0.5633333333333334,False,original,187
secure and easy payments.. very less failures,5.0,NayeemR22,2025-10-20T06:04:16-07:00,25.1003.00,app_store_reviews_complete.csv,en,0.2055555555555555,False,original,188
nice,5.0,Sayan Mandal,2025-10-20T04:02:24-07:00,25.1003.00,app_store_reviews_complete.csv,pl,0.6,False,original,189
great app for quick payments. but no rewards for big payments which is not good.,5.0,bkpand,2025-10-20T00:26:33-07:00,25.1003.00,app_store_reviews_complete.csv,en,0.1958333333333333,False,original,190
phone pay and iphone making us fool . unable to use phone pay in iphone 6 . help me,1.0,hr happy,2025-10-20T00:12:54-07:00,25.0613.05,app_store_reviews_complete.csv,en,-0.5,False,original,191
what a good performance need more cashback,5.0,Shammmas rafeeque,2025-10-19T23:53:33-07:00,25.1003.00,app_store_reviews_complete.csv,en,0.6,False,original,192
good,5.0,Zikrul alam,2025-10-19T23:16:13-07:00,25.1003.00,app_store_reviews_complete.csv,so,0.7,False,original,193
"simple use, all payments and transactions at one place, simply awesome … love you phonepe",5.0,Satya9933,2025-10-19T22:25:51-07:00,25.1003.00,app_store_reviews_complete.csv,en,0.5,False,original,194
excellent for all payment purposes,5.0,Mangal11144,2025-10-19T16:53:05-07:00,25.1003.00,app_store_reviews_complete.csv,ca,1.0,False,original,195
it's not working in my phone my phone i phone 12 it's not downloaded in this app,1.0,marvel azu,2025-10-19T14:28:14-07:00,25.1003.00,app_store_reviews_complete.csv,en,0.0,False,original,196
this is worst payment application and leave this as soon as possible.,1.0,Arunvishwakarma__,2025-10-19T12:56:49-07:00,25.1003.00,app_store_reviews_complete.csv,en,-0.5,False,original,197
very good,5.0,TOM SHIBU,2025-10-19T07:38:33-07:00,25.1003.00,app_store_reviews_complete.csv,af,0.91,False,original,198
good,4.0,Nad@223,2025-10-19T04:58:42-07:00,25.1003.00,app_store_reviews_complete.csv,so,0.7,False,original,199
great,5.0,Nadeem46,2025-10-19T01:20:29-07:00,25.1003.00,app_store_reviews_complete.csv,ro,0.8,False,original,200
good sevices,5.0,MKS@22,2025-10-19T01:08:02-07:00,25.1003.00,app_store_reviews_complete.csv,hr,0.7,False,original,201
perfect,5.0,Ashokkumar's,2025-10-18T23:53:40-07:00,25.1003.00,app_store_reviews_complete.csv,ca,1.0,False,original,202
worst upi app,1.0,Aaaaaaaaaakp,2025-10-18T23:27:33-07:00,25.1003.00,app_store_reviews_complete.csv,en,-1.0,False,original,203
"i was facing some issue while when i was open, app ui is freezing on opening",3.0,Chakri1314,2025-10-18T22:16:41-07:00,25.1003.00,app_store_reviews_complete.csv,en,0.0,False,original,204
"when comparing g pay ( at least to me) appears to be more user friendly. this may well be due to the fact i have been using g pay services for quite some time, having said so i still rate g pay lay-out's etc are superior to phonepe . #evasree#",3.0,Evasree,2025-10-18T21:23:18-07:00,25.1003.00,app_store_reviews_complete.csv,en,0.2299999999999999,False,original,205
rajpurohit,5.0,Kishanraj Balotra,2025-10-18T21:02:14-07:00,25.1003.00,app_store_reviews_complete.csv,sq,0.0,False,original,206
make a life very easy !!,5.0,shaz 😘,2025-10-18T20:32:09-07:00,25.1003.00,app_store_reviews_complete.csv,en,0.8802083333333334,False,original,207
we will not let you go down,5.0,Prakashk@king,2025-10-18T19:41:13-07:00,25.1003.00,app_store_reviews_complete.csv,pl,-0.1555555555555555,False,original,208
easy to transfer and receive money,3.0,Aryan Khan 786,2025-10-18T18:27:29-07:00,25.1003.00,app_store_reviews_complete.csv,en,0.4333333333333333,False,original,209
nice,5.0,Vkb bas,2025-10-18T09:14:56-07:00,25.1003.00,app_store_reviews_complete.csv,pl,0.6,False,original,210
good,5.0,Ujhfgghhj,2025-10-18T07:56:52-07:00,25.1003.00,app_store_reviews_complete.csv,so,0.7,False,original,211
maja aa raha hai simple easy and fast,5.0,Zaki @50,2025-10-18T06:12:37-07:00,25.1003.00,app_store_reviews_complete.csv,et,0.2111111111111111,False,original,212
super,5.0,Barad Harshad,2025-10-18T04:16:56-07:00,25.1003.00,app_store_reviews_complete.csv,ro,0.3333333333333333,False,original,213
this payment app is very grateful service i used this app last 4th year but my pay has even all payments successful !,5.0,Aksh510,2025-10-18T03:35:18-07:00,25.1003.00,app_store_reviews_complete.csv,en,0.3791666666666666,False,original,214
good luck,5.0,Bavnjibhia bariy,2025-10-18T02:12:28-07:00,25.1003.00,app_store_reviews_complete.csv,so,0.7,False,original,215
good,5.0,vaghela kiran,2025-10-17T22:05:21-07:00,25.1003.00,app_store_reviews_complete.csv,so,0.7,False,original,216
very safe and secure app. love it,5.0,Vishesh pant,2025-10-17T21:51:40-07:00,25.1003.00,app_store_reviews_complete.csv,en,0.5166666666666667,False,original,217
it's really easier to make payments,5.0,Sij1985,2025-10-17T08:52:52-07:00,25.1003.00,app_store_reviews_complete.csv,en,0.2,False,original,218
no one can accept upi credit,1.0,Sharry7777,2025-10-17T05:52:09-07:00,25.1003.00,app_store_reviews_complete.csv,it,0.0,False,original,219
outstanding,5.0,Bike service @,2025-10-17T04:50:36-07:00,25.1003.00,app_store_reviews_complete.csv,af,0.5,False,original,220
interesting,5.0,Apsra je,2025-10-17T02:59:40-07:00,25.1003.00,app_store_reviews_complete.csv,en,0.5,False,original,221
nice app,5.0,Hemanth11,2025-10-16T22:44:51-07:00,25.0919.07,app_store_reviews_complete.csv,it,0.6,False,original,222
more platform fee,2.0,CCTV hi king,2025-10-16T19:40:45-07:00,25.0919.07,app_store_reviews_complete.csv,en,0.5,False,original,223
super,5.0,Madiga manohar,2025-10-16T18:55:56-07:00,25.0919.07,app_store_reviews_complete.csv,ro,0.3333333333333333,False,original,224
good,5.0,Lalmidhun k,2025-10-16T12:36:23-07:00,25.0919.07,app_store_reviews_complete.csv,so,0.7,False,original,225
not experienced any kind of trouble while using the app these days. nice ui.,5.0,Reephat D,2025-10-16T10:31:10-07:00,25.0919.07,app_store_reviews_complete.csv,en,0.1499999999999999,False,original,226
it's great,5.0,Vanshiiiiiiiiiiiiii,2025-10-16T10:02:57-07:00,25.0919.07,app_store_reviews_complete.csv,en,0.8,False,original,227
indian app,5.0,@(e54,2025-10-16T09:57:31-07:00,25.0919.07,app_store_reviews_complete.csv,it,0.0,False,original,228
very good service,5.0,Pappu Choubey,2025-10-16T05:47:59-07:00,25.0919.07,app_store_reviews_complete.csv,en,0.91,False,original,229
never ever stuck my money,5.0,ronystar13,2025-10-16T03:31:05-07:00,25.0919.07,app_store_reviews_complete.csv,no,0.0,False,original,230
effective product,4.0,Nikhillv95,2025-10-15T22:36:31-07:00,25.0919.07,app_store_reviews_complete.csv,en,0.6,False,original,231
i have stopped using this app because of so many issues,2.0,15SMS,2025-10-15T21:16:25-07:00,25.0919.07,app_store_reviews_complete.csv,en,0.5,False,original,232
best shopping app,5.0,As aman,2025-10-15T21:00:52-07:00,25.0919.07,app_store_reviews_complete.csv,en,1.0,False,original,233
good and very reliable,5.0,Fantastic and pure reliable,2025-10-15T20:31:33-07:00,25.0919.07,app_store_reviews_complete.csv,en,0.4499999999999999,False,original,234
good,5.0,Pankaj kumar good balu,2025-10-15T19:01:41-07:00,25.0919.07,app_store_reviews_complete.csv,so,0.7,False,original,235
"i love phonepe, no other upi apps can ever match the interface. best upi ever!",5.0,Xar1963,2025-10-15T14:58:45-07:00,25.0919.07,app_store_reviews_complete.csv,en,0.5208333333333334,False,original,236
best upi app good and easy to used interface,5.0,nanhansjjjs,2025-10-15T10:19:40-07:00,25.0919.07,app_store_reviews_complete.csv,en,0.7111111111111111,False,original,237
best app for payment,5.0,SAHIL MastNath,2025-10-15T08:45:46-07:00,25.0919.07,app_store_reviews_complete.csv,no,1.0,False,original,238
"i've been using this app for ages now it was all fine until. there was an issue. i have been trying to highlight this issue for over a month now. for the first one week the tickets were not being registered. then on 1st oct a ticket was created and is still under ""being processed"" status and it's 15th oct.",1.0,Diablo@1235,2025-10-15T01:31:13-07:00,25.0919.07,app_store_reviews_complete.csv,en,0.3333333333333333,False,original,239
good,5.0,Vishhahah,2025-10-14T23:30:28-07:00,25.0919.07,app_store_reviews_complete.csv,so,0.7,False,original,240
user friendly,5.0,Pikuukanam,2025-10-14T22:41:03-07:00,25.0919.07,app_store_reviews_complete.csv,da,0.375,False,original,241
i switched device and login on other device and it ask for verification and send 4 text msgs all msgs were sent but then it says technical error what a stupidity,1.0,Anonymousmshb,2025-10-14T22:06:26-07:00,25.0919.07,app_store_reviews_complete.csv,en,-0.2416666666666666,False,original,242
i don't understand the concept of sending only 5000 at a time it's really annoying please make my account working like before,1.0,Hnnzla,2025-10-14T21:57:02-07:00,25.0919.07,app_store_reviews_complete.csv,en,-0.4,False,original,243
very good i like and prefer others to use,5.0,Omshreee,2025-10-14T09:24:01-07:00,25.0919.07,app_store_reviews_complete.csv,en,0.91,False,original,244
good,5.0,Pradeep chinni,2025-10-14T08:09:20-07:00,25.0919.07,app_store_reviews_complete.csv,so,0.7,False,original,245
good,5.0,Manita manger,2025-10-14T05:03:18-07:00,25.0919.07,app_store_reviews_complete.csv,so,0.7,False,original,246
switched to it from google pay really loving the speed and glitchless payments unlike gpay where automatic payment requests took even 24 hours to show even after updating app but here withins seconds,5.0,Hemloooooooo,2025-10-14T03:00:25-07:00,25.0919.07,app_store_reviews_complete.csv,en,0.6,False,original,247
amazing,5.0,Manju m g,2025-10-13T11:17:49-07:00,25.0919.06,app_store_reviews_complete.csv,sw,0.6000000000000001,False,original,248
very nice,5.0,Nity Kishori,2025-10-13T10:13:26-07:00,25.0919.06,app_store_reviews_complete.csv,cs,0.78,False,original,249
ghatiya,1.0,Dc mehra,2025-10-13T08:45:10-07:00,25.0919.06,app_store_reviews_complete.csv,tl,0.0,False,original,250
earlier i use other upi apps like paytm but when i switch to this i never feel down by this app its gui interface and easy to use and understandable icons are good,5.0,Aryan chahar,2025-10-13T07:13:52-07:00,25.0919.06,app_store_reviews_complete.csv,en,0.1705555555555555,False,original,251
very good,4.0,pqkdkjdhdujxjdjsoaia,2025-10-13T02:21:15-07:00,25.0919.06,app_store_reviews_complete.csv,af,0.91,False,original,252
good,5.0,GP1750,2025-10-12T23:23:15-07:00,25.0919.06,app_store_reviews_complete.csv,so,0.7,False,original,253
good,5.0,gssony,2025-10-12T22:40:21-07:00,25.0919.06,app_store_reviews_complete.csv,so,0.7,False,original,254
"pls help to correct the fault, want to scan through back camera only, not finding any way to register complain",1.0,Awwshish,2025-10-12T21:35:59-07:00,25.0919.06,app_store_reviews_complete.csv,en,0.0,False,original,255
excellent,5.0,Naveen nannu,2025-10-12T19:53:33-07:00,25.0919.06,app_store_reviews_complete.csv,ca,1.0,False,original,256
5 star friend,5.0,Sona Dhaliwal,2025-10-12T16:12:51-07:00,25.0919.06,app_store_reviews_complete.csv,sv,0.0,False,original,257
phonepe,5.0,Rokhda💲,2025-10-12T12:56:35-07:00,25.0919.06,app_store_reviews_complete.csv,en,0.0,False,original,258
"is it common with everyone who is using older version of ios (15 or earlier) has to reinstall the app each time you make a payment. for me, once reinstalled the app works fine for multiple payments in one go, but once i close the app, the only way to make it work is to reinstall it. requesting phone pe team to visit this issue.",3.0,Vips201983,2025-10-12T07:28:26-07:00,25.0919.06,app_store_reviews_complete.csv,en,0.0472222222222222,False,original,259
i enjoyed to pay money in paytm its easy to pay the upi,5.0,Sweetyrizu186,2025-10-12T02:07:25-07:00,25.0919.06,app_store_reviews_complete.csv,en,0.4666666666666667,False,original,260
9999,5.0,Samadhan bodkhe,2025-10-11T22:13:12-07:00,25.0919.06,app_store_reviews_complete.csv,unknown,0.0,False,original,261
very good idea,5.0,avtar brar pola,2025-10-11T21:54:58-07:00,25.0919.06,app_store_reviews_complete.csv,af,0.91,False,original,262
tmkc,1.0,harshit7711,2025-10-11T09:30:33-07:00,25.0919.06,app_store_reviews_complete.csv,sl,0.0,False,original,263
bad costumer service,1.0,Jahew,2025-10-11T05:39:53-07:00,25.0919.06,app_store_reviews_complete.csv,es,-0.6999999999999998,False,original,264
good service,5.0,Ketan chhatrola,2025-10-11T01:40:20-07:00,25.0919.06,app_store_reviews_complete.csv,hr,0.7,False,original,265
flawless upi system,5.0,Krishan Kr,2025-10-10T21:11:54-07:00,25.0919.06,app_store_reviews_complete.csv,sv,1.0,False,original,266
recharge,5.0,Tata recharge,2025-10-10T18:40:46-07:00,25.0919.06,app_store_reviews_complete.csv,en,0.0,False,original,267
"there is a white screen coming when i try to open phonepe app, please fix this issue",3.0,maddystarpro,2025-10-10T12:02:02-07:00,25.0613.05,app_store_reviews_complete.csv,en,0.0,False,original,268
worrst app ever used in my life uninstalled right now,1.0,vishesh1213,2025-10-10T10:14:03-07:00,25.0919.06,app_store_reviews_complete.csv,en,0.2857142857142857,False,original,269
waste adds,5.0,sgsankar,2025-10-10T08:35:22-07:00,25.0919.06,app_store_reviews_complete.csv,af,-0.2,False,original,270
not useful for low network areas and transaction faliure problems are more,1.0,Prasanna chowdary,2025-10-10T07:37:22-07:00,25.0919.06,app_store_reviews_complete.csv,en,0.1166666666666666,False,original,271
better,5.0,Bheemanath,2025-10-10T07:37:19-07:00,25.0919.06,app_store_reviews_complete.csv,no,0.5,False,original,272
nice and safe aap.,5.0,bhupinderminhas,2025-10-10T07:14:12-07:00,25.0919.06,app_store_reviews_complete.csv,en,0.55,False,original,273
perfect,5.0,𝕤𝕒𝕘𝕒𝕣,2025-10-10T05:53:24-07:00,25.0919.06,app_store_reviews_complete.csv,ca,1.0,False,original,274
please help to log in phone pay. i m trying so many time but not open,1.0,*PARV*,2025-10-10T02:27:46-07:00,25.0919.06,app_store_reviews_complete.csv,en,0.25,False,original,275
very useful,5.0,D Sankar,2025-10-10T00:33:48-07:00,25.0919.06,app_store_reviews_complete.csv,en,0.39,False,original,276
great app lots of cosmetic items,5.0,Ashifn,2025-10-09T23:13:12-07:00,25.0919.06,app_store_reviews_complete.csv,en,0.8,False,original,277
"i made a payment, but it showed as ""processing"" and the amount was deducted. so, i made the payment again using another account. after two to three days, the earlier ""processing"" transaction was also marked as successful. i'm not sure what to do now, as there's no proper help option available for this issue.",1.0,Failedtransaction,2025-10-09T09:03:21-07:00,25.0919.06,app_store_reviews_complete.csv,en,0.1666666666666666,False,original,278
awesome,5.0,Mustafa patve,2025-10-09T08:55:38-07:00,25.0919.06,app_store_reviews_complete.csv,af,1.0,False,original,279
great app,5.0,Montypks,2025-10-09T07:58:22-07:00,25.0919.06,app_store_reviews_complete.csv,en,0.8,False,original,280
after using all came to this only,5.0,Balram308,2025-10-09T06:05:24-07:00,25.0919.06,app_store_reviews_complete.csv,en,0.0,False,original,281
mahabad,5.0,મારુતિ ડીજે,2025-10-09T05:26:02-07:00,25.0919.06,app_store_reviews_complete.csv,so,0.0,False,original,282
good saving,5.0,Prabh dang,2025-10-09T04:40:03-07:00,25.0919.06,app_store_reviews_complete.csv,hr,0.7,False,original,283
love it,5.0,TUSH7272,2025-10-09T03:20:09-07:00,25.0919.06,app_store_reviews_complete.csv,sl,0.5,False,original,284
great,5.0,Abhu panda,2025-10-09T01:43:17-07:00,25.0919.06,app_store_reviews_complete.csv,ro,0.8,False,original,285
excellent system!,5.0,Arjan M’Ratta!,2025-10-09T00:40:35-07:00,25.0919.06,app_store_reviews_complete.csv,fr,1.0,False,original,286
"please let us add caption in each payment. when we are tracking the monthly expenses we see random merchant names or just amazon, flipkart etc. it's a headache to track our expenditure. please give a caption option for each payment that also appears in the history.",3.0,MeticulouslyYours,2025-10-08T23:43:12-07:00,25.0919.06,app_store_reviews_complete.csv,en,-0.5,False,original,287
there are good number of store using pgonepe and one f the flexible payment options.,5.0,Go-pee,2025-10-08T21:35:03-07:00,25.0919.06,app_store_reviews_complete.csv,en,0.7,False,original,288
super,5.0,Akhta..3002,2025-10-08T17:39:34-07:00,25.0919.06,app_store_reviews_complete.csv,ro,0.3333333333333333,False,original,289
new update is excellent,5.0,Iambornfire,2025-10-08T17:14:51-07:00,25.0919.06,app_store_reviews_complete.csv,en,0.5681818181818181,False,original,290
good,5.0,Akki#,2025-10-08T04:38:17-07:00,25.0919.06,app_store_reviews_complete.csv,so,0.7,False,original,291
phone pay is not proper work when i opened my phone pay than show white screen,1.0,GURUX__0001,2025-10-08T04:09:47-07:00,25.0613.05,app_store_reviews_complete.csv,en,0.0,False,original,292
must,5.0,bechan ji,2025-10-08T01:01:03-07:00,25.0919.06,app_store_reviews_complete.csv,et,0.0,False,original,293
i had ordered to deliver my gold in physical but order is showing in progress from 5 days of placing order. no direct contact number to reach out. poor support.,1.0,Utkarsh111,2025-10-08T00:04:01-07:00,25.0919.06,app_store_reviews_complete.csv,en,-0.15,False,original,294
very convenient and reliable apps for new users as well as experience,5.0,Dhanpat agrawal,2025-10-07T21:51:23-07:00,25.0919.06,app_store_reviews_complete.csv,en,0.1681818181818181,False,original,295
best upi app forever,5.0,Kailash 007,2025-10-07T19:15:12-07:00,25.0905.05,app_store_reviews_complete.csv,no,1.0,False,original,296
very bad experience with phonepe. our account was deleted without any prior notice or information. this sudden action has completely stopped our transactions and caused serious inconvenience to our business. extremely disappointed with the lack of communication and accountability. urgent action is needed to resolve this issue.,1.0,Prince P J Singh,2025-10-07T08:42:13-07:00,25.0905.05,app_store_reviews_complete.csv,en,-0.2116666666666666,False,original,297
too fast,5.0,Malik S K,2025-10-07T08:14:43-07:00,25.0905.05,app_store_reviews_complete.csv,en,0.2,False,original,298
for any enquiry or escalation only ive available,1.0,Ranjeet Kumar Sharma,2025-10-07T00:35:17-07:00,25.0905.05,app_store_reviews_complete.csv,en,0.2,False,original,299
not able to transfer more than 5 k,1.0,MSridevixyz,2025-10-06T23:01:23-07:00,25.0905.05,app_store_reviews_complete.csv,en,0.125,False,original,300
good,5.0,fayazshaik,2025-10-06T22:43:14-07:00,25.0905.05,app_store_reviews_complete.csv,so,0.7,False,original,301
very easy to use,5.0,Appie_82,2025-10-06T07:43:01-07:00,25.0905.05,app_store_reviews_complete.csv,en,0.5633333333333334,False,original,302
nice payments,5.0,Avinashpandu,2025-10-06T07:34:12-07:00,25.0905.05,app_store_reviews_complete.csv,fr,0.6,False,original,303
phone pay used my privacy without my permission and paid 1019 rupees to google pay,1.0,Kb Ansari,2025-10-06T04:26:24-07:00,25.0905.05,app_store_reviews_complete.csv,en,0.0,False,original,304
app not working properly on iphone 7 plus,1.0,Veeraswamy gouda141,2025-10-06T04:23:57-07:00,25.0613.05,app_store_reviews_complete.csv,en,0.0,False,original,305
very slow and poor functioning app,1.0,Shank2198,2025-10-05T23:55:38-07:00,25.0905.05,app_store_reviews_complete.csv,en,-0.395,False,original,306
1177,5.0,gcigit,2025-10-05T23:10:55-07:00,25.0905.05,app_store_reviews_complete.csv,unknown,0.0,False,original,307
good forfarance,5.0,Swamy pbn,2025-10-05T22:08:58-07:00,25.0905.05,app_store_reviews_complete.csv,cy,0.7,False,original,308
ezi h good like this app,5.0,Alisha mokhtar,2025-10-05T21:05:02-07:00,25.0905.05,app_store_reviews_complete.csv,nl,0.7,False,original,309
secure payment all types,5.0,Prakashsingh Chouhan,2025-10-05T20:09:06-07:00,25.0905.05,app_store_reviews_complete.csv,en,0.4,False,original,310
very fast operating these days keep it up,5.0,paras somaiya,2025-10-05T19:48:20-07:00,25.0905.05,app_store_reviews_complete.csv,en,0.26,False,original,311
best,5.0,Pankaj Kumar Mehta,2025-10-05T19:07:00-07:00,25.0905.05,app_store_reviews_complete.csv,af,1.0,False,original,312
by far the most easiest & comfortable user experience upi app,5.0,Patsav Academy,2025-10-05T11:16:23-07:00,25.0905.05,app_store_reviews_complete.csv,en,0.3333333333333333,False,original,313
great app,4.0,Dinesh fc,2025-10-05T10:05:57-07:00,25.0905.05,app_store_reviews_complete.csv,en,0.8,False,original,314
worst,1.0,Dangi619,2025-10-05T07:38:27-07:00,25.0905.05,app_store_reviews_complete.csv,af,-1.0,False,original,315
it's simply awesome,5.0,tammup,2025-10-05T06:47:16-07:00,25.0905.05,app_store_reviews_complete.csv,en,1.0,False,original,316
very useful app for smooth transition,5.0,Gaurav-9764,2025-10-05T01:22:19-07:00,25.0905.05,app_store_reviews_complete.csv,en,0.395,False,original,317
such a pathetic application. i had a worst experience with phonepe. i used to be a regular phonepe user and then i changed my phone and purchased a new phone and since then i am not able to use phone pe at all. it's giving me error and not even letting me add my bank accounts. i contacted their support and they are such useless people!!!! no resolution no response and they closed my ticket. so yes google pay is much better option and i am switching to that permanently,1.0,riyalaha,2025-10-05T00:45:12-07:00,25.0905.05,app_store_reviews_complete.csv,en,-0.2713636363636363,False,original,318
"there're issues with gold autopay in my ios device. i am not able to see full history of autopay transactions. i could only see few of them. also on autopay history page, the transaction date time doesn't match with the ones that is on invoice. please fix this asap. as it's very much difficult to know when i did the actual transaction ‍‍",3.0,pybeast,2025-10-04T22:18:14-07:00,25.0905.05,app_store_reviews_complete.csv,en,-0.1,False,original,319
your stupidity to set app as default uninstalling app never install again,1.0,Sachin sac sac,2025-10-04T11:26:35-07:00,25.0905.05,app_store_reviews_complete.csv,en,-0.6,False,original,320
please don't load wallet here. they will never give you the option for payment through wallet. also u can't load upi lite through wallet. beggars,2.0,Shailru,2025-10-04T09:12:27-07:00,25.0905.05,app_store_reviews_complete.csv,en,0.0,False,original,321
very good,5.0,Ankushrao,2025-10-04T07:35:37-07:00,25.0905.05,app_store_reviews_complete.csv,af,0.91,False,original,322
"dear developers, the phonepe app always works smother and better but the important feature missing is there should be option to clear chat or delete chat. at least clearing messages or deleting messages should be added in the future. if transactions are not able to delete that's fine but chat messages should be given option to clear those.",3.0,RahulRGowda,2025-10-04T06:57:00-07:00,25.0905.05,app_store_reviews_complete.csv,en,0.0851851851851851,False,original,323
good,5.0,Sahil1171,2025-10-04T06:37:10-07:00,25.0905.05,app_store_reviews_complete.csv,so,0.7,False,original,324
working well,5.0,Prusty Kailash,2025-10-04T04:24:21-07:00,25.0905.05,app_store_reviews_complete.csv,af,0.0,False,original,325
very very fast,5.0,ankit.timbadia,2025-10-04T01:07:24-07:00,25.0905.05,app_store_reviews_complete.csv,en,0.26,False,original,326
after scanning any qr and selecting bank account to proceed the page stucks at loading section same issue with upi request,1.0,rahulzuse,2025-10-04T00:29:05-07:00,25.0905.05,app_store_reviews_complete.csv,en,0.0,False,original,327
remove adds,5.0,dr.rahul0987,2025-10-03T20:33:55-07:00,25.0905.05,app_store_reviews_complete.csv,sl,0.0,False,original,328
it's been more than 70 hours but still i can't make payments in my new iphone and not able to connect to customer care,1.0,Reddy-666,2025-10-03T12:45:11-07:00,25.0905.05,app_store_reviews_complete.csv,en,0.1287878787878787,False,original,329
this is a beautifully designed app,5.0,Tonhi11,2025-10-03T09:36:32-07:00,25.0905.05,app_store_reviews_complete.csv,en,0.85,False,original,330
"my account keeps getting logged out and does not login now. worst payment app. says kyc pending, what kyc man? i am using other payment apps, and also i have done this once now happened again twice in a week. now when i click contact support, error 404 not found. deleting this app for ever.",1.0,Satwik sinha,2025-10-03T00:52:32-07:00,25.0905.05,app_store_reviews_complete.csv,en,-0.5625,False,original,331
very good,5.0,dpshori,2025-10-02T21:37:05-07:00,25.0905.05,app_store_reviews_complete.csv,af,0.91,False,original,332
good,5.0,Pedestal ku,2025-10-02T21:13:23-07:00,25.0905.05,app_store_reviews_complete.csv,so,0.7,False,original,333
very good,5.0,LokeshRaghav,2025-10-02T21:09:45-07:00,25.0905.05,app_store_reviews_complete.csv,af,0.91,False,original,334
"no glitches, no errors, no worries",5.0,Chetan_Bandge,2025-10-02T20:51:39-07:00,25.0905.05,app_store_reviews_complete.csv,en,0.0,False,original,335
hassle free transfer,5.0,Varma Rajesh,2025-10-02T11:57:14-07:00,25.0905.05,app_store_reviews_complete.csv,no,0.4,False,original,336
"i want to highlight the bug, i have added qr scanner widget on my ios device's lockscreen. it doesn't open the camera ui, instead it get stuck at white background . pls rectify thisissue",1.0,NoSupport001,2025-10-02T11:09:42-07:00,25.0905.05,app_store_reviews_complete.csv,en,0.0,False,original,337
very slow,5.0,drshivchoudhary,2025-10-02T08:51:09-07:00,25.0905.05,app_store_reviews_complete.csv,cs,-0.39,False,original,338
super app,5.0,RatnaPaul,2025-10-02T08:02:19-07:00,25.0905.05,app_store_reviews_complete.csv,fr,0.3333333333333333,False,original,339
phone pe very good,5.0,Lakshya Sahu,2025-10-02T07:26:44-07:00,25.0905.05,app_store_reviews_complete.csv,en,0.91,False,original,340
fooling customers by using dark patterns to generate revenue,1.0,Damnmakethisoptional,2025-10-02T07:26:00-07:00,25.0905.05,app_store_reviews_complete.csv,en,-0.15,False,original,341
liked it for upi transactions,5.0,Mayur_marq,2025-10-02T06:43:29-07:00,25.0905.05,app_store_reviews_complete.csv,en,0.6,False,original,342
after a phone reset my phonepe is not working and i am not able to pause / delete my autopay. because of this i am losing money every week. their customer care is hopeless. they have no clue change resolution date one after another that's what they do.,1.0,Chith k,2025-10-02T01:23:44-07:00,25.0905.05,app_store_reviews_complete.csv,en,-0.25,False,original,343
"not able to see the option to turn off notifications related to promotions, i don't see any option to stop notifications what the hell is wrong with this app ?",1.0,Wisestfly1192,2025-10-02T00:41:59-07:00,25.0905.05,app_store_reviews_complete.csv,en,-0.25,False,original,344
after i have scan a qr code information not fast loading,3.0,QR code scan problem,2025-10-01T08:20:56-07:00,25.0905.05,app_store_reviews_complete.csv,en,-0.1,False,original,345
awesome and good service,5.0,Adv Tanmay,2025-10-01T07:49:06-07:00,25.0905.05,app_store_reviews_complete.csv,en,0.85,False,original,346
gold savings and balance check window is not loading at all started facing these issue since oct 1st 2026,3.0,Ashu Sonone,2025-10-01T05:12:26-07:00,25.0905.05,app_store_reviews_complete.csv,en,0.0,False,original,347
goood,5.0,Shabu fatha,2025-10-01T00:27:21-07:00,25.0905.05,app_store_reviews_complete.csv,so,0.0,False,original,348
world best app good working,5.0,JAGDISHSINH VAGHELA,2025-09-30T22:22:33-07:00,25.0905.05,app_store_reviews_complete.csv,af,0.85,False,original,349
u r taking too much charges,1.0,srk0425,2025-09-30T22:15:02-07:00,25.0905.05,app_store_reviews_complete.csv,en,0.2,False,original,350
very safe and secure app,5.0,Phone Pay App,2025-09-30T19:19:18-07:00,25.0905.05,app_store_reviews_complete.csv,en,0.525,False,original,351
"pohnpei is the largest online payment app in india, but it has lots up accessibility issues such as unlevel buttons and label graphics. bottom of the menus are not labeled so kindly make it accessible for voiceover users.",1.0,Tikaram mahto,2025-09-30T18:35:35-07:00,25.0905.05,app_store_reviews_complete.csv,en,0.325,False,original,352
best app for upi,5.0,Usman choksi,2025-09-30T11:14:38-07:00,25.0905.05,app_store_reviews_complete.csv,no,1.0,False,original,353
"""the phonepe app is excellent, but it would be even better if a voice alert feature for receiving money was available for regular users, similar to what merchants have. this would enhance convenience and ensure users don't miss any transactions.""",5.0,Shanteshwar,2025-09-30T10:55:44-07:00,25.0905.05,app_store_reviews_complete.csv,en,0.38,False,original,354
when i check my balance it always showing 10k additional balance !,3.0,Ranjith ppm,2025-09-30T09:33:48-07:00,25.0905.05,app_store_reviews_complete.csv,en,0.0,False,original,355
good service,5.0,kiran j patel,2025-09-30T05:33:47-07:00,25.0905.05,app_store_reviews_complete.csv,hr,0.7,False,original,356
good fast accurate easy to send and receive money,5.0,Nothing less,2025-09-30T04:46:26-07:00,25.0905.05,app_store_reviews_complete.csv,en,0.4333333333333333,False,original,357
from last month i'm not able to make any type of upi payment it's saying that on the time of verification of device it displays update your device to ios 17. from last 2.5 years i'm using phonepe but at that time there were no issue but now i'm not able to use the upi payment can you help me out with it.,2.0,Karthik .M.K,2025-09-30T03:45:26-07:00,25.0905.05,app_store_reviews_complete.csv,en,-0.125,False,original,358
good work,5.0,Zhatur pakshi,2025-09-30T03:33:58-07:00,25.0905.05,app_store_reviews_complete.csv,af,0.7,False,original,359
not connecting,3.0,sandesh adhav,2025-09-30T02:44:11-07:00,25.0905.05,app_store_reviews_complete.csv,fr,0.0,False,original,360
good,5.0,Divyesh y,2025-09-30T02:12:13-07:00,25.0905.05,app_store_reviews_complete.csv,so,0.7,False,original,361
unable to receive otp,2.0,चमेली,2025-09-30T01:11:47-07:00,25.0905.05,app_store_reviews_complete.csv,es,-0.5,False,original,362
working very nice,5.0,Advocate tyagi ji,2025-09-30T00:40:48-07:00,25.0905.05,app_store_reviews_complete.csv,af,0.78,False,original,363
good,5.0,uma chintala,2025-09-29T20:43:38-07:00,25.0905.05,app_store_reviews_complete.csv,so,0.7,False,original,364
very,5.0,V3_store_,2025-09-29T18:34:25-07:00,25.0905.05,app_store_reviews_complete.csv,af,0.2,False,original,365
amazing,5.0,Abhi0492,2025-09-29T18:32:20-07:00,25.0905.05,app_store_reviews_complete.csv,sw,0.6000000000000001,False,original,366
from august i can't reset my account pin . otp sent to my number but when i put otp in the application show incorrect. i write complaint in bank but not resolved this . facing to much issue pls help,1.0,Sarpanchsiya,2025-09-29T11:20:45-07:00,25.0905.05,app_store_reviews_complete.csv,en,-0.0499999999999999,False,original,367
please add rent payment,5.0,saisweety,2025-09-29T10:17:09-07:00,25.0905.05,app_store_reviews_complete.csv,en,0.0,False,original,368
worst experience. autopay's are unable to delete.,1.0,Jetesh Moudgil,2025-09-29T09:36:57-07:00,25.0905.05,app_store_reviews_complete.csv,en,-0.75,False,original,369
dont add text or links while sharing payment receipts,1.0,awesomeasad07,2025-09-29T08:58:59-07:00,25.0905.05,app_store_reviews_complete.csv,en,0.0,False,original,370
there is no any benefit from phone pay i use to do minimum 10 to 12 transaction from pp app,1.0,Vasudendra,2025-09-29T08:37:37-07:00,25.0905.05,app_store_reviews_complete.csv,en,0.0,False,original,371
self transfer is taking more time to credit it's debit on time and to credit to another account it's taking more time so so if you need to do urgent transfer then i should not suggest.,1.0,Mihir Oza,2025-09-29T05:50:40-07:00,25.0905.05,app_store_reviews_complete.csv,en,0.5,False,original,372
fully developed app,5.0,Sudha1967,2025-09-29T02:57:13-07:00,25.0905.05,app_store_reviews_complete.csv,en,0.1,False,original,373
awesome,5.0,rajesh cherry,2025-09-28T12:43:33-07:00,25.0905.05,app_store_reviews_complete.csv,af,1.0,False,original,374
it's very bad to give permission for auto pay it's our choise,1.0,haroon19k,2025-09-28T11:39:09-07:00,25.0905.05,app_store_reviews_complete.csv,en,-0.9099999999999998,False,original,375
after update phonepe is still slow in update the transfers,2.0,Bharath 88,2025-09-28T09:19:33-07:00,25.0905.05,app_store_reviews_complete.csv,en,-0.3,False,original,376
"after 23 days with 5 resolution date extension, phonepe is denying eligible offer benefits. this is even sharing offer screenshots received via push notifications and inapp communication. highly uneithical malpractices.",1.0,Dpb700,2025-09-28T03:16:04-07:00,25.0905.05,app_store_reviews_complete.csv,en,0.16,False,original,377
exallent,5.0,Babu@@,2025-09-28T00:54:12-07:00,25.0905.05,app_store_reviews_complete.csv,ca,0.0,False,original,378
we lost so much cause of no proper msg and calls from receivers bank cause once we send the money but it showing transaction pending for us as receivers received the money but they say it will reflect to your bank again we will paying cause off the bank issues the receivers bank is getting double payments like this we lost so much money,5.0,Aandal✌️,2025-09-28T00:35:10-07:00,25.0905.05,app_store_reviews_complete.csv,en,0.1,False,original,379
please make suitable adjustments so that app can be supported on ios earlier than 16,1.0,abhisura,2025-09-27T03:34:31-07:00,25.0613.05,app_store_reviews_complete.csv,en,0.275,False,original,380
good worker,5.0,Nabu Thakur,2025-09-27T03:18:36-07:00,25.0905.05,app_store_reviews_complete.csv,af,0.7,False,original,381
"too much advertisements and unwanted notifications. i have to black all notifications, because of this.",2.0,Suma Bennur,2025-09-27T00:12:15-07:00,25.0905.05,app_store_reviews_complete.csv,en,0.0166666666666666,False,original,382
india leading the world through phonepay. lightning fast transactions in a simple way . power of upi,5.0,kotipalli sudhirkumar,2025-09-26T08:30:43-07:00,25.0905.05,app_store_reviews_complete.csv,en,0.1,False,original,383
excellent,5.0,Kanchan Sriram,2025-09-26T07:37:54-07:00,25.0905.05,app_store_reviews_complete.csv,ca,1.0,False,original,384
"phonepe applies very high charges for mobile recharges, especially when using a credit card.",1.0,Akhilesh VV,2025-09-26T06:42:15-07:00,25.0905.05,app_store_reviews_complete.csv,en,0.104,False,original,385
"not happy with the current payment method, earlier payment method was good. i was able to use cards or rupay upi",1.0,Shantharaju D,2025-09-26T04:18:23-07:00,25.0905.05,app_store_reviews_complete.csv,en,0.1599999999999999,False,original,386
how can you not support a csv statement download? such an inconvenience for users. only pdf statements are available.,1.0,Prajwal Suhas P,2025-09-26T00:09:05-07:00,25.0905.05,app_store_reviews_complete.csv,en,0.1333333333333333,False,original,387
"good app for transaction, i using since 2018 .",5.0,Bhusshann,2025-09-25T23:15:31-07:00,25.0905.05,app_store_reviews_complete.csv,en,0.7,False,original,388
good,5.0,Sunil sethy,2025-09-25T23:08:31-07:00,25.0905.05,app_store_reviews_complete.csv,so,0.7,False,original,389
i have enter the correct password but upi pin in incorrected what i am do and whom i contact them,1.0,Eat-healthy,2025-09-25T21:00:09-07:00,25.0905.05,app_store_reviews_complete.csv,en,0.0,False,original,390
mere paise kat gaye auto pay ho gaye ab paise kon meri mehnat ki kamai thi phone pay ka jo bi malik ha mere 500 rupay de dena bs,1.0,Raghuwan,2025-09-25T11:32:25-07:00,25.0905.05,app_store_reviews_complete.csv,id,-0.5,False,original,391
rent payment remove,1.0,sabir 007,2025-09-25T09:45:41-07:00,25.0905.05,app_store_reviews_complete.csv,fr,0.0,False,original,392
i always use this app,5.0,Shergill8822,2025-09-25T09:35:15-07:00,25.0905.05,app_store_reviews_complete.csv,en,0.0,False,original,393
very good,5.0,Richungactg,2025-09-25T08:43:55-07:00,25.0905.05,app_store_reviews_complete.csv,af,0.91,False,original,394
i have face problem with phonepe scan. open scan camera and camera automatically scan front side my face . whats the problem yaar. should be scan rear camera scanner. bug fixes and solve my problem. thanks,5.0,Ramesh Suthar Chaba,2025-09-25T08:39:54-07:00,25.0905.05,app_store_reviews_complete.csv,en,0.1,False,original,395
5 rupes extra on a transaction,1.0,Deepaklmd,2025-09-25T07:20:52-07:00,25.0905.05,app_store_reviews_complete.csv,fr,0.0,False,original,396
not supporting,1.0,10220202,2025-09-25T04:59:48-07:00,25.0905.00,app_store_reviews_complete.csv,it,-0.125,False,original,397
"i am not receiving any notifications when i receive payments on phonepe. this is a very frustrating thing, and if it's not fixed soon, i may have to switch to another app.",2.0,virusknock,2025-09-25T02:48:10-07:00,25.0905.00,app_store_reviews_complete.csv,en,-0.285,False,original,398
good service i really like it thank you,5.0,Ready bby,2025-09-25T00:39:29-07:00,25.0905.00,app_store_reviews_complete.csv,en,0.4499999999999999,False,original,399
for opening application taking too long time and money send not showing in history,1.0,Uyfurfh,2025-09-24T23:17:31-07:00,25.0905.00,app_store_reviews_complete.csv,en,-0.05,False,original,400
very good app,5.0,Mana bank,2025-09-24T23:13:24-07:00,25.0905.00,app_store_reviews_complete.csv,en,0.91,False,original,401
awesome speedy transactions,5.0,Vineethvincentk,2025-09-24T18:15:00-07:00,25.0905.00,app_store_reviews_complete.csv,en,1.0,False,original,402
super,5.0,Hungry star,2025-09-24T07:44:46-07:00,25.0905.00,app_store_reviews_complete.csv,ro,0.3333333333333333,False,original,403
bhai,1.0,Vikku Perwal,2025-09-24T07:32:41-07:00,25.0905.00,app_store_reviews_complete.csv,cy,0.0,False,original,404
best online application in world wide,5.0,Kashif khan 1,2025-09-23T21:22:11-07:00,25.0905.00,app_store_reviews_complete.csv,en,0.45,False,original,405
"phonepe app is updated and when it is installed, the app opens only for first time. once the app is closed it doesn't even respond and get open.",1.0,B#UV@N,2025-09-23T09:00:50-07:00,25.0613.05,app_store_reviews_complete.csv,en,0.0375,False,original,406
"i've been using three payment platforms, i've experienced payment processing issues due to low internet speeds in the other payment platforms. but phonepe always seems to work even in those situations too. this platform had helped me pay at important times. definitely recommend.",5.0,Ivkarthickraj,2025-09-23T06:46:44-07:00,25.0905.00,app_store_reviews_complete.csv,en,0.1583333333333333,False,original,407
phone pe app most payment fail or processing problem create,1.0,Mahjabbsjdk,2025-09-23T06:19:46-07:00,25.0905.00,app_store_reviews_complete.csv,en,0.0,False,original,408
here i'm unable to do any upi transaction on this app. i've been using this app for longer time and this is not what i was expecting from the app. raised a ticket for this but no response from tech team. seems like it's time for me to move to different upi apps.,1.0,M_Prasad,2025-09-23T01:52:19-07:00,25.0905.00,app_store_reviews_complete.csv,en,-0.25,False,original,409
problem solution very good good service,5.0,j sain,2025-09-22T23:53:38-07:00,25.0905.00,app_store_reviews_complete.csv,en,0.8049999999999999,False,original,410
good,4.0,priya sampla,2025-09-22T23:40:34-07:00,25.0905.00,app_store_reviews_complete.csv,so,0.7,False,original,411
good,5.0,Phanindra Phanindra,2025-09-22T23:28:49-07:00,25.0905.00,app_store_reviews_complete.csv,so,0.7,False,original,412
thank you phone pe and team,5.0,Khan Sahab 07,2025-09-22T22:30:36-07:00,25.0905.00,app_store_reviews_complete.csv,en,0.0,False,original,413
good,5.0,alipookodan,2025-09-22T22:29:45-07:00,25.0905.00,app_store_reviews_complete.csv,so,0.7,False,original,414
great,5.0,Great review rocks,2025-09-22T13:11:50-07:00,25.0905.00,app_store_reviews_complete.csv,ro,0.8,False,original,415
check balance option doesn't works sometime in ios,1.0,Harsh-18,2025-09-22T04:20:41-07:00,25.0905.00,app_store_reviews_complete.csv,en,0.0,False,original,416
"this app frequently fails to scan while other apps are smoothly able to scan, payment progress is tremendously slow when signal is moderate while other apps are quite the opposite even with weak signal strength",1.0,UrbanGypsy94,2025-09-22T01:34:41-07:00,25.0905.00,app_store_reviews_complete.csv,en,-0.115625,False,original,417
phone is the best app in india. it helped me out in the situation where i was stuck with google pay. really best app. loving it.,5.0,Dakshjaglan,2025-09-22T01:34:39-07:00,25.0905.00,app_store_reviews_complete.csv,en,0.8666666666666667,False,original,418
mast app,5.0,Tasleem91,2025-09-22T00:32:46-07:00,25.0905.00,app_store_reviews_complete.csv,et,0.0,False,original,419
good,5.0,Its dhamo,2025-09-21T22:44:17-07:00,25.0905.00,app_store_reviews_complete.csv,so,0.7,False,original,420
give choice to make payments autopay or not,1.0,Worse 123,2025-09-21T21:33:43-07:00,25.0905.00,app_store_reviews_complete.csv,en,0.0,False,original,421
good,5.0,Sampath Billi,2025-09-21T06:54:00-07:00,25.0905.00,app_store_reviews_complete.csv,so,0.7,False,original,422
cool,5.0,its_ipreet_twest,2025-09-21T06:01:55-07:00,25.0905.00,app_store_reviews_complete.csv,it,0.35,False,original,423
"used to fulfill needs without issues nowadays lot of unnecessary popups, advertisements and other useless things pop up. a payment app shouldn't become an app for borrowing. stop nonsense before one of the earliest customers is lost.",3.0,namindian,2025-09-21T05:01:27-07:00,25.0905.00,app_store_reviews_complete.csv,en,-0.3416666666666666,False,original,424
"dear phonepe support team, i am facing a serious issue with your app. the contact names are not displaying properly, and because of that, i ended up sending money to the wrong person who wasn't even in my contact list. i reached out to your support, but they said they can't help and that i need to contact the bank directly. this is very inconvenient, especially since other upi apps like google pay, amazon pay, and navi pay are working fine. please address this contact display problem urgently, as it's causing financial mishaps. if required, you can contact me directly at my number: 9066 344 372.",1.0,Raj Giri1,2025-09-21T00:52:44-07:00,25.0905.00,app_store_reviews_complete.csv,en,-0.1121666666666666,False,original,425
took more than 1 month to resolve query and still not resolved and deduct extra amount instead of fixed emi,1.0,ashishbansal.97,2025-09-21T00:38:24-07:00,25.0905.00,app_store_reviews_complete.csv,en,0.1999999999999999,False,original,426
even on reinstall not able to open,3.0,vvs1188,2025-09-20T22:01:44-07:00,25.0613.00,app_store_reviews_complete.csv,en,-0.125,False,original,427
waste,2.0,A nani Redyy,2025-09-20T21:12:39-07:00,25.0905.00,app_store_reviews_complete.csv,af,-0.2,False,original,428
this app is friendly n fast,5.0,Haresh S K,2025-09-20T20:02:36-07:00,25.0905.00,app_store_reviews_complete.csv,en,0.2875,False,original,429
easy transfer and secure,5.0,Niraj Kumar yadav,2025-09-20T19:37:15-07:00,25.0905.00,app_store_reviews_complete.csv,en,0.4166666666666667,False,original,430
phonepe app is not opening still showing please wait only for past two days what is the solution,1.0,Chinna0225,2025-09-20T11:39:50-07:00,25.0905.00,app_store_reviews_complete.csv,en,-0.125,False,original,431
it's simply amazing,5.0,ritikasuneja,2025-09-20T05:58:16-07:00,25.0905.00,app_store_reviews_complete.csv,en,0.6000000000000001,False,original,432
lightning stars,5.0,Shajahan pothencode,2025-09-20T05:45:27-07:00,25.0905.00,app_store_reviews_complete.csv,sv,0.0,False,original,433
payment untied,1.0,Sanwla ram,2025-09-20T05:37:35-07:00,25.0905.00,app_store_reviews_complete.csv,fr,0.0,False,original,434
new design is really worst.,1.0,Pranav Goswami,2025-09-20T04:26:28-07:00,25.0905.00,app_store_reviews_complete.csv,en,-0.4318181818181818,False,original,435
ashu,5.0,Payment by ashu,2025-09-20T03:14:16-07:00,25.0905.00,app_store_reviews_complete.csv,sq,0.0,False,original,436
"whosever idea it was to update the ui/ux, the change is pathetic. even after almost a year of the update, i'm still confused how to add another bank account, how to transfer money, how to pay my bills and the list continues. and if i'm facing this trouble and i'm just in my late 20s, image all the hard time our parents and other old timers are having navigating. the only reason i still haven't offloaded the app is cuz of the new cash back offer. once it's over, my journey with phone pe will be over as well. and i'm very sure lot of others are on the same page. good work phone pe.",1.0,Mevan_ofc,2025-09-20T01:28:09-07:00,25.0905.00,app_store_reviews_complete.csv,en,-0.0561771561771561,False,original,437
supposed i ilke,5.0,Adhigowdraaa,2025-09-19T21:49:10-07:00,25.0905.00,app_store_reviews_complete.csv,hr,0.0,False,original,438
no cashback,2.0,RahulVerma 1983,2025-09-19T19:42:34-07:00,25.0905.00,app_store_reviews_complete.csv,pt,0.0,False,original,439
i recently got a problem on home/shop rent payment option in phone pay thats i'm uninstall phone pay 3 4 times but home/shop rent option is not available in phone pay app .why are you remove home/shop rent method please resolve that query it's very serious problem for many members for phone pay app i'm already uninstall phone pay app right now . technician team please resolve fast . it's very big problem.,1.0,Tyagihhs,2025-09-19T10:03:23-07:00,25.0905.00,app_store_reviews_complete.csv,en,0.0503401360544217,False,original,440
nice,5.0,Chiranjib Dash,2025-09-19T08:17:03-07:00,25.0905.00,app_store_reviews_complete.csv,pl,0.6,False,original,441
not going upi payments,2.0,RockyAlpha,2025-09-19T07:27:39-07:00,25.0905.00,app_store_reviews_complete.csv,tl,0.0,False,original,442
gufsgjjff,5.0,Adil raja &39,2025-09-19T06:50:02-07:00,25.0905.00,app_store_reviews_complete.csv,sq,0.0,False,original,443
app blocked after years of usage. logging in option is useless and of no help. extremely user unfriendly app,1.0,shanu dev,2025-09-18T22:47:03-07:00,25.0905.00,app_store_reviews_complete.csv,en,-0.3125,False,original,444
hey ! my dear people's please do not install the your mobile phone pay is very very bad and wrost app . im not hppy and satisfaction . this is the world bad app .,1.0,Hit‘s solanki,2025-09-18T02:59:00-07:00,25.0905.00,app_store_reviews_complete.csv,en,-0.8049999999999998,False,original,445
"this app functions properly when it comes to payments. however, the absence of no options to turn off promotional notifications on my iphone screen is unprofessional and unfair.",2.0,Folmgip,2025-09-18T02:29:43-07:00,25.0905.00,app_store_reviews_complete.csv,en,-0.1708333333333333,False,original,446
its very good app easy to use,5.0,Shan@4042,2025-09-18T00:30:28-07:00,25.0905.00,app_store_reviews_complete.csv,en,0.6716666666666666,False,original,447
no offers like paytm or gpay and when i check balance shows more but actual it's less,2.0,Arvind jio,2025-09-17T18:57:40-07:00,25.0905.00,app_store_reviews_complete.csv,en,0.0708333333333333,False,original,448
unable to pay from last 2 days,3.0,Gha222455()₹,2025-09-17T15:14:16-07:00,25.0905.00,app_store_reviews_complete.csv,en,-0.25,False,original,449
mast,5.0,Ghelabhai m fangliya,2025-09-17T08:47:44-07:00,25.0905.00,app_store_reviews_complete.csv,et,0.0,False,original,450
"""something went wrong. please try again later"" i'm seeing this from 3 months. i guess, after default upi i selected as gpay. it's not good to treat like this.",1.0,am01.ammu,2025-09-17T06:02:07-07:00,25.0905.00,app_store_reviews_complete.csv,en,-0.2833333333333333,False,original,451
home and shop rent payment credit card option not available,1.0,Ss Ingale,2025-09-17T04:31:56-07:00,25.0905.00,app_store_reviews_complete.csv,en,-0.2,False,original,452
the rent payment option was very useful for me. the option is not available now. i was trying to reach customer care but no options available to contact. please add the options back.,2.0,panda0000999000,2025-09-16T23:22:09-07:00,25.0822.06,app_store_reviews_complete.csv,en,0.1475,False,original,453
such an idiots change their interface evertime and users needs to take training to find something. stop changing the interface freaking every time.,1.0,gameswagger,2025-09-16T19:55:44-07:00,25.0822.06,app_store_reviews_complete.csv,en,-0.4,False,original,454
can we have a feature like paytm wherein we can come to know in advance whether a merchant accepts credit card payments via upi?,3.0,MSCmnd,2025-09-16T07:14:16-07:00,25.0822.06,app_store_reviews_complete.csv,en,0.0,False,original,455
nothing to issue,5.0,Sharlinejoy,2025-09-15T22:43:41-07:00,25.0822.06,app_store_reviews_complete.csv,en,0.0,False,original,456
rent option is not showing to transfer my money. please help me,2.0,Tharun venkat,2025-09-15T22:39:41-07:00,25.0822.06,app_store_reviews_complete.csv,en,0.0,False,original,457
"from last two days , i am unable to do any transaction using phone pe. when i am scanning qr code , it is showing that the qr code is not identified . even i am unable to check my balances as well",1.0,Diavel_9722,2025-09-15T19:41:34-07:00,25.0822.06,app_store_reviews_complete.csv,en,-0.3333333333333333,False,original,458
good,5.0,Stalinbontha,2025-09-15T08:11:12-07:00,25.0822.06,app_store_reviews_complete.csv,so,0.7,False,original,459
"i just want you improve in one thing......which is,when we end the 24 hrs amount transfer limit you should give countdown of when i can regain the full limit...... or simply give the limit on right hamd corner all the time",5.0,sknarsule,2025-09-15T07:50:38-07:00,25.0822.06,app_store_reviews_complete.csv,en,0.2119047619047619,False,original,460
"facing serious problems with autopay option. unable to delete , stop or pause. customer service has not responded yet. the app has stopped recognising my bank account.",1.0,🫡😶‍🌫️😡😡,2025-09-15T01:11:14-07:00,25.0822.06,app_store_reviews_complete.csv,en,-0.4166666666666666,False,original,461
"poor customer support, no response on tickets they don't have any email id for complaint only customer care number where all are giving irrelevant information such a worst application",1.0,Prarash,2025-09-14T22:55:19-07:00,25.0822.06,app_store_reviews_complete.csv,en,-0.3666666666666667,False,original,462
no option to deactivate notifications inside app per module,1.0,Khemraj Sharma,2025-09-14T09:40:12-07:00,25.0822.06,app_store_reviews_complete.csv,en,0.0,False,original,463
unable to pay since afternoon,2.0,Deep fake app cred,2025-09-14T08:13:53-07:00,25.0822.06,app_store_reviews_complete.csv,en,-0.5,False,original,464
everytime i have to uninstall and reinstall to use. what is wrong with you ?,5.0,RtanVar,2025-09-14T07:54:25-07:00,25.0613.05,app_store_reviews_complete.csv,en,-0.5,False,original,465
ye phone pe khul hi ni riya he phone pe likha aaata he fir freeg ho jata he uninstalled kr ke install kr ne pr ek bar chal ta he fir band ho jata he,1.0,mark__42,2025-09-14T03:43:51-07:00,25.0613.05,app_store_reviews_complete.csv,en,0.0,False,original,466
stupid app,1.0,Sameer1326383,2025-09-13T23:28:44-07:00,25.0822.06,app_store_reviews_complete.csv,et,-0.7999999999999999,False,original,467
"the app has been smooth overall, but for the past week there's a recurring glitch — after completing a payment, the app freezes when trying to share the receipt. the only way out is to force close and restart the app. the ""share receipt"" option is currently not functional, which makes it inconvenient. hope this gets fixed soon.",3.0,Imran Belgaumi,2025-09-13T21:05:39-07:00,25.0822.06,app_store_reviews_complete.csv,en,-0.0499999999999999,False,original,468
worst customer service not able to rectify issue taking more than 2 weeks and still needs time worst worst worst please do not invest in any investment with them stay away from this app,1.0,Thim007,2025-09-13T10:10:10-07:00,25.0822.06,app_store_reviews_complete.csv,en,-0.625,False,original,469
unable to change the pin. when i'm resetting it i am not getting theotp on my nmbr,1.0,Sadiya.S,2025-09-13T08:57:38-07:00,25.0822.06,app_store_reviews_complete.csv,en,-0.5,False,original,470
satisfactory,4.0,Sun@19,2025-09-13T08:29:24-07:00,25.0822.06,app_store_reviews_complete.csv,en,0.0,False,original,471
i want payments history delete,3.0,jantan6789,2025-09-13T06:38:56-07:00,25.0822.06,app_store_reviews_complete.csv,en,0.0,False,original,472
very nice,5.0,nazimroy,2025-09-13T05:08:00-07:00,25.0822.06,app_store_reviews_complete.csv,cs,0.78,False,original,473
excellent and reliable service,5.0,Parayya,2025-11-12T03:25:32-07:00,25.1017.05,dataset_apple-app-store-review-scraper.csv,en,1.0,False,original,474
"i am currently using an iphone 7 plus and have been relying on your application for over three years. i recently noticed that the app is now requiring an ios update to function. could you please explain the technical reasons why this ios update is mandatory to continue using the application? given that the iphone 7 plus is no longer receiving new ios version updates, this requirement implies that i would need to purchase a new phone just to access your app. i would appreciate any insight you can provide regarding this situation.",1.0,nephsterr,2025-11-03T20:37:29-07:00,25.0613.05,dataset_apple-app-store-review-scraper.csv,en,0.0545454545454545,False,original,475
popping up instant notifications for advertising is unacceptable. deleted.,1.0,Mojourjojo,2025-10-30T04:12:18-07:00,25.1017.00,dataset_apple-app-store-review-scraper.csv,en,0.0,False,original,476
very good service.,5.0,Good providers,2025-10-26T07:18:44-07:00,25.1003.06,dataset_apple-app-store-review-scraper.csv,en,0.91,False,original,477
good,5.0,Dev sidar,2025-10-22T18:19:29-07:00,25.1003.00,dataset_apple-app-store-review-scraper.csv,so,0.7,False,original,478
very easy,5.0,Pizburg,2025-10-22T13:28:04-07:00,25.1003.00,dataset_apple-app-store-review-scraper.csv,en,0.5633333333333334,False,original,479
great experience!,5.0,MaliniKB,2025-10-15T19:49:13-07:00,25.0919.07,dataset_apple-app-store-review-scraper.csv,ro,1.0,False,original,480
application is fast and extremely easy to use,5.0,a5_anand,2025-10-11T19:25:47-07:00,25.0919.06,dataset_apple-app-store-review-scraper.csv,en,0.3166666666666666,False,original,481
can not select any other country other then india.. can not create account with usa no. fix the app.,2.0,Business-Hotel,2025-10-10T06:47:29-07:00,25.0919.06,dataset_apple-app-store-review-scraper.csv,en,-0.125,False,original,482
i find this app very much convenient for all my recharges..,5.0,Arun Bhole,2025-10-03T19:15:51-07:00,25.0905.05,dataset_apple-app-store-review-scraper.csv,en,0.26,False,original,483
"so nice and easy to use app that, i wonder to see old aged, illiterate, street vendors including females are using effortlessly, it's contributing might to the beautiful and most powerful digital india platform",5.0,VasanthSccl,2025-09-16T09:56:27-07:00,25.0822.06,dataset_apple-app-store-review-scraper.csv,en,0.3354166666666666,False,original,484
was able to register my international phone number seamlessly bhim upi had issues,5.0,MumbaiIndian009,2025-09-05T01:43:53-07:00,25.0822.00,dataset_apple-app-store-review-scraper.csv,en,0.1999999999999999,False,original,485
i was trying to set up my upi through hdfc account and it was giving me very hard time but with the phone i was able to do it within few minutes. 5 star for the convenience.,5.0,AkshaySarkar,2025-08-27T19:21:01-07:00,25.0808.09,dataset_apple-app-store-review-scraper.csv,en,-0.0263888888888889,False,original,486
finally an app that works for nre account and it works awesome with hdfc nre and nro account,5.0,Victor_ Victor,2025-08-25T01:38:17-07:00,25.0725.07,dataset_apple-app-store-review-scraper.csv,en,0.5,False,original,487
"this is the best app in india. it is safe , it is fast and it was easy",5.0,Sunny712320111,2025-08-08T08:36:10-07:00,25.0725.00,dataset_apple-app-store-review-scraper.csv,en,0.5333333333333333,False,original,488
being an nri customer. this is app at finger tips. super user friendly and simple to use. thanks again,5.0,PinkTattoo Girl,2025-08-07T04:03:47-07:00,25.0725.00,dataset_apple-app-store-review-scraper.csv,en,0.2270833333333333,False,original,489
if your payment is stuck for whatever reason on the receiving bank side you are screwed. the payment is deducted from your bank and there is no way to recover it. i ended up paying double my taxi fare. customer support is of no use as they claim nothing wrong from their side. whoever came up with this process needs to be fired. gpay is apparently better but it's not yet available for nris visiting india,1.0,Chess512,2025-07-24T06:38:34-07:00,25.0711.00,dataset_apple-app-store-review-scraper.csv,en,0.1,False,original,490
i guess this is the only indian upi app that works with foreign phone numbers and with the nre accounts. as long as the phone number you're using is the same as the one linked to the banks it is seamless. apart from this the customer service is amazing. i had some issues with the login. i contacted the customer support and they fixed the issue within two days.,5.0,RajeevBharol,2025-07-07T02:20:26-07:00,25.0613.05,dataset_apple-app-store-review-scraper.csv,en,0.0892857142857143,False,original,491
seamless onboarding. frictionless payments anywhere. love this app. so well done.,5.0,MadhuVudali,2025-07-06T23:13:00-07:00,25.0613.05,dataset_apple-app-store-review-scraper.csv,en,0.3,False,original,492
"being nri, always facing issues for setup with international number. no easy way to connect with customer service to resolve the issue. giving error multiple times but no path forward to resolve the issue.",1.0,RamyaRaveen,2025-07-03T09:41:23-07:00,25.0613.05,dataset_apple-app-store-review-scraper.csv,en,-0.0722222222222222,False,original,493
despite the claim the app does not work with international numbers. the sms verification step is broken.,1.0,DIYTexan,2025-07-02T00:36:37-07:00,25.0613.00,dataset_apple-app-store-review-scraper.csv,en,-0.2,False,original,494
"not reliable for everyday payments to whom you don't know. often payment are stuck for couple of days and then passes, instead of failing immediately if other bank is not accepting the payment. i had to pay uber twice and now unable to get refund from driver even after calling multiple times, all due to phonepe processing issues. this is an issue when you cannot directly follow up with the merchant. based on this experience gpay is the way to go, as it fails the transactions immediately.",1.0,amrendr,2025-06-26T01:06:44-07:00,25.0613.00,dataset_apple-app-store-review-scraper.csv,en,-0.1928571428571428,False,original,495
i can't believe money transfer can be so easy and quick!! thanks india,5.0,SamMathew,2025-06-21T10:32:06-07:00,25.0530.06,dataset_apple-app-store-review-scraper.csv,en,0.3847222222222222,False,original,496
"can stopped at no where , 4 km before the location . driver took 400 instead of 268",1.0,mp bangalore,2025-06-13T04:02:53-07:00,25.0530.00,dataset_apple-app-store-review-scraper.csv,en,0.0,False,original,497
the app doesn't open at all when i have to pay. it gets hung.,1.0,arpita.saha,2025-06-11T05:41:20-07:00,25.0530.00,dataset_apple-app-store-review-scraper.csv,en,0.0,False,original,498
good,,,,,phonepe_playstore_reviews.csv,so,0.7,False,original,499
its good to be in transaction,,,,,phonepe_playstore_reviews.csv,en,0.7,False,original,500
excellent,,,,,phonepe_playstore_reviews.csv,ca,1.0,False,original,501
very good,,,,,phonepe_playstore_reviews.csv,af,0.91,False,original,502
very nice,,,,,phonepe_playstore_reviews.csv,cs,0.78,False,original,503
wow nice service,,,,,phonepe_playstore_reviews.csv,pl,0.35,False,original,504
thank you,,,,,phonepe_playstore_reviews.csv,en,0.0,False,original,505
good app very helpful,,,,,phonepe_playstore_reviews.csv,en,0.4499999999999999,False,original,506
sometimes it's not coming open,,,,,phonepe_playstore_reviews.csv,en,0.0,False,original,507
very good service,,,,,phonepe_playstore_reviews.csv,en,0.91,False,original,508
good good service,,,,,phonepe_playstore_reviews.csv,hr,0.7,False,original,509
very easy,,,,,phonepe_playstore_reviews.csv,en,0.5633333333333334,False,original,510
बहुत अच्छा अच्छा अच्छा अच्छा अच्छा अच्छा,,,,,phonepe_playstore_reviews.csv,ne,0.0,False,original,511
acha,,,,,phonepe_playstore_reviews.csv,cy,0.0,False,original,512
good similar paytm,,,,,phonepe_playstore_reviews.csv,tl,0.35,False,original,513
best,,,,,phonepe_playstore_reviews.csv,af,1.0,False,original,514
hanging/ freezing issue faced on samsung galaxy a20,,,,,phonepe_playstore_reviews.csv,en,0.0,False,original,515
nice brother,,,,,phonepe_playstore_reviews.csv,en,0.6,False,original,516
excellent workvgvgbv,,,,,phonepe_playstore_reviews.csv,nl,1.0,False,original,517
nice,,,,,phonepe_playstore_reviews.csv,pl,0.6,False,original,518
very good app,,,,,phonepe_playstore_reviews.csv,en,0.91,False,original,519
i close auto payment how paid again,,,,,phonepe_playstore_reviews.csv,en,0.0,False,original,520
nid to all of us are usmein aap so gaye ho to batao kya hua yaar mera nahin ho raha ho,,,,,phonepe_playstore_reviews.csv,so,0.0,False,original,521
super,,,,,phonepe_playstore_reviews.csv,ro,0.3333333333333333,False,original,522
jafarshaikh,,,,,phonepe_playstore_reviews.csv,so,0.0,False,original,523
good look,,,,,phonepe_playstore_reviews.csv,so,0.7,False,original,524
late process isusu,,,,,phonepe_playstore_reviews.csv,en,-0.3,False,original,525
good payment app,,,,,phonepe_playstore_reviews.csv,fr,0.7,False,original,526
it's good,,,,,phonepe_playstore_reviews.csv,en,0.7,False,original,527
best aap,,,,,phonepe_playstore_reviews.csv,af,1.0,False,original,528
i've been using phonepe for quite some time now. recently i had a situation where money from an unknown id was transferred into my account. the unknown person was calling me constantly for the return. i had no way of knowing if it was spam or not. i tried to raise a ticket but there was no option for this. i tried calling customer support multiple times but there was a recorded conversation without any option for these situations. this is frustrating and very bad service.,,,,,phonepe_playstore_reviews.csv,en,-0.2157142857142857,False,original,529
challla manchii app,,,,,phonepe_playstore_reviews.csv,it,0.0,False,original,530
very good experience good app personal information like so much and performance,,,,,phonepe_playstore_reviews.csv,en,0.4524999999999999,False,original,531
slow,,,,,phonepe_playstore_reviews.csv,sk,-0.3,False,original,532
good app,,,,,phonepe_playstore_reviews.csv,en,0.7,False,original,533
easy and fast,,,,,phonepe_playstore_reviews.csv,en,0.3166666666666666,False,original,534
good working process,,,,,phonepe_playstore_reviews.csv,en,0.7,False,original,535
very nice app,,,,,phonepe_playstore_reviews.csv,cs,0.78,False,original,536
done,,,,,phonepe_playstore_reviews.csv,it,0.0,False,original,537
app good,,,,,phonepe_playstore_reviews.csv,af,0.7,False,original,538
gooo,,,,,phonepe_playstore_reviews.csv,so,0.0,False,original,539
excellent app .,,,,,phonepe_playstore_reviews.csv,fr,1.0,False,original,540
scooper good,,,,,phonepe_playstore_reviews.csv,nl,0.7,False,original,541
excellent app,,,,,phonepe_playstore_reviews.csv,fr,1.0,False,original,542
சிறந்த வசதிகள் உள்ளன,,,,,phonepe_playstore_reviews.csv,ta,0.0,False,original,543
esy to used,,,,,phonepe_playstore_reviews.csv,en,0.0,False,original,544
good net work issue web options,,,,,phonepe_playstore_reviews.csv,af,0.35,False,original,545
supar,,,,,phonepe_playstore_reviews.csv,id,0.0,False,original,546
suprr,,,,,phonepe_playstore_reviews.csv,ro,0.0,False,original,547
service good recharge service price very bad,,,,,phonepe_playstore_reviews.csv,en,-0.1049999999999999,False,original,548
"not able to open the app after installation, i have done my gold sip and cannot open the app to use the amount nor transfer from my phone. kindly suggest what is wrong",,,,,phonepe_playstore_reviews.csv,en,-0.03,False,original,549
how to pause auto pay... ok latest version not available,,,,,phonepe_playstore_reviews.csv,en,0.2666666666666666,False,original,550
good for pay!,,,,,phonepe_playstore_reviews.csv,en,0.875,False,original,551
sir again same problm on going why? unable to login any solution,,,,,phonepe_playstore_reviews.csv,en,-0.25,False,original,552
badhiya,,,,,phonepe_playstore_reviews.csv,so,0.0,False,original,553
"i am never buying policies from phonepe anymore,i have had a very bad experience. i even urge the people not to buy it. i paid a sum of 12k in vehicle insurance but got only 5k back . it was later found out that to make the price of the policy low, like a bait, the ncb was kept very high. moreover i waited for more than 2 months to get back the amount. it was a vehicle insurance luckily had it been health insurance i would have faced the deadliest scams ever.the care people dont even bother.",,,,,phonepe_playstore_reviews.csv,en,0.0145925925925926,False,original,554
my phone pay account blocked without reason,,,,,phonepe_playstore_reviews.csv,en,0.0,False,original,555
besst facilities provided this app,,,,,phonepe_playstore_reviews.csv,en,0.0,False,original,556
super fast,,,,,phonepe_playstore_reviews.csv,it,0.2666666666666666,False,original,557
good working,,,,,phonepe_playstore_reviews.csv,af,0.7,False,original,558
"chor app, convenience fee too high even for using their co branded card, what a shame",,,,,phonepe_playstore_reviews.csv,en,0.16,False,original,559
recharge par 3% flatfrom fees यह गलत हैं जब फोन पे भारत का app हैं,,,,,phonepe_playstore_reviews.csv,hi,0.0,False,original,560
not interested fake,,,,,phonepe_playstore_reviews.csv,no,-0.3125,False,original,561
phonepe nice app but i look spend analysis that features not available phonepe appbring spend analysis,,,,,phonepe_playstore_reviews.csv,en,0.1999999999999999,False,original,562
"urge people to not use phonepe. i transferred money for a payment on the 11th nov 22:49, the payment was stuck in processing and phonepe claims that they will reach out to the receiver's bank and it will be reverted if it doesn't go through within 48hrs, which is 13th nov, 22:49. after 48hrs, they claim they are still reaching out to the receiver's bank and will update on 17th nov. upon replying to the ticket, they again updated that they will update on 24th nov, 17:21. don't use phonepe.",,,,,phonepe_playstore_reviews.csv,en,0.0,False,original,563
easy and fast service,,,,,phonepe_playstore_reviews.csv,en,0.3166666666666666,False,original,564
better,,,,,phonepe_playstore_reviews.csv,no,0.5,False,original,565
"improvement of speed and giltech ok,",,,,,phonepe_playstore_reviews.csv,en,0.5,False,original,566
safe,,,,,phonepe_playstore_reviews.csv,cy,0.5,False,original,567
easy to use very good app,,,,,phonepe_playstore_reviews.csv,en,0.6716666666666666,False,original,568
good experience,,,,,phonepe_playstore_reviews.csv,en,0.7,False,original,569
very nice aap,,,,,phonepe_playstore_reviews.csv,af,0.78,False,original,570
nice app thanks for,,,,,phonepe_playstore_reviews.csv,en,0.4,False,original,571
super app,,,,,phonepe_playstore_reviews.csv,it,0.3333333333333333,False,original,572
excellent but some time gets high power issue,,,,,phonepe_playstore_reviews.csv,en,0.58,False,original,573
pay phone,,,,,phonepe_playstore_reviews.csv,tl,0.0,False,original,574
vvv good app,,,,,phonepe_playstore_reviews.csv,sl,0.7,False,original,575
please open this app,,,,,phonepe_playstore_reviews.csv,en,0.0,False,original,576
অসাধারণ,,,,,phonepe_playstore_reviews.csv,bn,0.0,False,original,577
very ugly user interface. i don't like it.,,,,,phonepe_playstore_reviews.csv,no,-0.91,False,original,578
best app,,,,,phonepe_playstore_reviews.csv,fr,1.0,False,original,579
sometimes good sometimes giving hand,,,,,phonepe_playstore_reviews.csv,da,0.7,False,original,580
very good supar ‍,,,,,phonepe_playstore_reviews.csv,en,0.91,False,original,581
super good saras,,,,,phonepe_playstore_reviews.csv,hr,0.5166666666666666,False,original,582
phone pe given zero cashback,,,,,phonepe_playstore_reviews.csv,en,0.0,False,original,583
very good apps,,,,,phonepe_playstore_reviews.csv,af,0.91,False,original,584
veery good,,,,,phonepe_playstore_reviews.csv,af,0.7,False,original,585
isn't working properly when we have shifted from one phone to another the isn't responding to contact there is no number please check this and clear this issue as soon as possible,,,,,phonepe_playstore_reviews.csv,en,0.0333333333333333,False,original,586
smart,,,,,phonepe_playstore_reviews.csv,sv,0.2142857142857142,False,original,587
good and safe with past,,,,,phonepe_playstore_reviews.csv,en,0.3166666666666666,False,original,588
best app easy to use,,,,,phonepe_playstore_reviews.csv,en,0.7166666666666667,False,original,589
beautiful app,,,,,phonepe_playstore_reviews.csv,ro,0.85,False,original,590
this app is very usefull,,,,,phonepe_playstore_reviews.csv,en,0.2,False,original,591
"easy to manage , fast and accurate , secured , easily pay different types of bills through phone pay like electricity bill , mobile recharge , and some ect ......",,,,,phonepe_playstore_reviews.csv,en,0.2933333333333333,False,original,592
worsted app i am really disappointed cashback not received it will fraded i will share screenshot but it will be no option share screenshot,,,,,phonepe_playstore_reviews.csv,en,-0.75,False,original,593
better to use,,,,,phonepe_playstore_reviews.csv,no,0.5,False,original,594
good & perfect app for online payment,,,,,phonepe_playstore_reviews.csv,en,0.85,False,original,595
very nice nice nice,,,,,phonepe_playstore_reviews.csv,cs,0.66,False,original,596
work get easier,,,,,phonepe_playstore_reviews.csv,af,0.0,False,original,597
good better,,,,,phonepe_playstore_reviews.csv,af,0.6,False,original,598
"very good, instead showing in your app send a sms to the concern",,,,,phonepe_playstore_reviews.csv,en,0.91,False,original,599
most usefull and easy app,,,,,phonepe_playstore_reviews.csv,en,0.4666666666666667,False,original,600
my airtel payment bank technical issue problem,,,,,phonepe_playstore_reviews.csv,en,0.0,False,original,601
best app.,,,,,phonepe_playstore_reviews.csv,no,1.0,False,original,602
indian app good,,,,,phonepe_playstore_reviews.csv,af,0.7,False,original,603
"bad presentment, phonepe app",1.0,214anup,2025-10-25T02:37:58-07:00,25.1003.06,app_store_reviews_complete.csv,en,-0.6999999999999998,True,synonym,158
"bad girl, google app",1.0,214anup,2025-10-25T02:37:58-07:00,25.1003.06,app_store_reviews_complete.csv,en,-0.6999999999999998,True,contextual,158
"Disappointed. bad notification, phonepe app Won't use again.",1.0,214anup,2025-10-25T02:37:58-07:00,25.1003.06,app_store_reviews_complete.csv,en,-0.6999999999999998,True,template,158
"uncollectible notification, phonepe app",1.0,214anup,2025-10-25T02:37:58-07:00,25.1003.06,app_store_reviews_complete.csv,en,-0.6999999999999998,True,synonym,158
"bad notification, unwanted call",1.0,214anup,2025-10-25T02:37:58-07:00,25.1003.06,app_store_reviews_complete.csv,en,-0.6999999999999998,True,contextual,158
sorry experience. autopay ' s are unable to delete.,1.0,Jetesh Moudgil,2025-09-29T09:36:57-07:00,25.0905.05,app_store_reviews_complete.csv,en,-0.75,True,synonym,369
network error. autopay ' n algorithm unable to continue.,1.0,Jetesh Moudgil,2025-09-29T09:36:57-07:00,25.0905.05,app_store_reviews_complete.csv,en,-0.75,True,contextual,369
Waste of time. worst experience. autopay's are unable to delete. Needs improvement.,1.0,Jetesh Moudgil,2025-09-29T09:36:57-07:00,25.0905.05,app_store_reviews_complete.csv,en,-0.75,True,template,369
regretful experience. autopay ' reciprocal ohm are unable to cancel.,1.0,Jetesh Moudgil,2025-09-29T09:36:57-07:00,25.0905.05,app_store_reviews_complete.csv,en,-0.75,True,synonym,369
worst ill. shaman ' s are treat or heal.,1.0,Jetesh Moudgil,2025-09-29T09:36:57-07:00,25.0905.05,app_store_reviews_complete.csv,en,-0.75,True,contextual,369
worst upi app,1.0,Aaaaaaaaaakp,2025-10-18T23:27:33-07:00,25.1003.00,app_store_reviews_complete.csv,en,-1.0,True,synonym,203
worst bowling episode,1.0,Aaaaaaaaaakp,2025-10-18T23:27:33-07:00,25.1003.00,app_store_reviews_complete.csv,en,-1.0,True,contextual,203
Terrible experience. worst upi app Fix this ASAP!,1.0,Aaaaaaaaaakp,2025-10-18T23:27:33-07:00,25.1003.00,app_store_reviews_complete.csv,en,-1.0,True,template,203
worst upi app,1.0,Aaaaaaaaaakp,2025-10-18T23:27:33-07:00,25.1003.00,app_store_reviews_complete.csv,en,-1.0,True,synonym,203
worst season result,1.0,Aaaaaaaaaakp,2025-10-18T23:27:33-07:00,25.1003.00,app_store_reviews_complete.csv,en,-1.0,True,contextual,203
spoiled,1.0,Dangi619,2025-10-05T07:38:27-07:00,25.0905.05,app_store_reviews_complete.csv,af,-1.0,True,synonym,315
•,1.0,Dangi619,2025-10-05T07:38:27-07:00,25.0905.05,app_store_reviews_complete.csv,af,-1.0,True,contextual,315
Waste of time. worst Fix this ASAP!,1.0,Dangi619,2025-10-05T07:38:27-07:00,25.0905.05,app_store_reviews_complete.csv,af,-1.0,True,template,315
bad,1.0,Dangi619,2025-10-05T07:38:27-07:00,25.0905.05,app_store_reviews_complete.csv,af,-1.0,True,synonym,315
॥,1.0,Dangi619,2025-10-05T07:38:27-07:00,25.0905.05,app_store_reviews_complete.csv,af,-1.0,True,contextual,315
bad costumer serving,1.0,Jahew,2025-10-11T05:39:53-07:00,25.0919.06,app_store_reviews_complete.csv,es,-0.6999999999999998,True,synonym,264
bad joke remix,1.0,Jahew,2025-10-11T05:39:53-07:00,25.0919.06,app_store_reviews_complete.csv,es,-0.6999999999999998,True,contextual,264
Terrible experience. bad costumer service Needs improvement.,1.0,Jahew,2025-10-11T05:39:53-07:00,25.0919.06,app_store_reviews_complete.csv,es,-0.6999999999999998,True,template,264
speculative costumer service,1.0,Jahew,2025-10-11T05:39:53-07:00,25.0919.06,app_store_reviews_complete.csv,es,-0.6999999999999998,True,synonym,264
odd costumer remix,1.0,Jahew,2025-10-11T05:39:53-07:00,25.0919.06,app_store_reviews_complete.csv,es,-0.6999999999999998,True,contextual,264
stupid ap,1.0,Sameer1326383,2025-09-13T23:28:44-07:00,25.0822.06,app_store_reviews_complete.csv,et,-0.7999999999999999,True,synonym,467
android app,1.0,Sameer1326383,2025-09-13T23:28:44-07:00,25.0822.06,app_store_reviews_complete.csv,et,-0.7999999999999999,True,contextual,467
Terrible experience. stupid ap Very frustrated.,1.0,Sameer1326383,2025-09-13T23:28:44-07:00,25.0822.06,app_store_reviews_complete.csv,et,-0.7999999999999999,True,template,467
stupefied app,1.0,Sameer1326383,2025-09-13T23:28:44-07:00,25.0822.06,app_store_reviews_complete.csv,et,-0.7999999999999999,True,synonym,467
premium app,1.0,Sameer1326383,2025-09-13T23:28:44-07:00,25.0822.06,app_store_reviews_complete.csv,et,-0.7999999999999999,True,contextual,467
forged app i used iam invest in gold but the measure personify not credited in my accunt but they show the amount be credited,1.0,Offlx abi,2025-11-07T02:43:26-07:00,25.1017.05,app_store_reviews_complete.csv,en,-1.0,True,synonym,54
worst margin i used must invest in check but my amount gets only disclosed in my accunt but they show the value is credited,1.0,Offlx abi,2025-11-07T02:43:26-07:00,25.1017.05,app_store_reviews_complete.csv,en,-1.0,True,contextual,54
Not recommended. worst app i used iam invest in gold but the amount is not credited in my accunt but they show the amount is credited Won't use again.,1.0,Offlx abi,2025-11-07T02:43:26-07:00,25.1017.05,app_store_reviews_complete.csv,en,-1.0,True,template,54
worst app i used iam invest in gold but the amount be non credit in my accunt only they record the quantity is credited,1.0,Offlx abi,2025-11-07T02:43:26-07:00,25.1017.05,app_store_reviews_complete.csv,en,-1.0,True,synonym,54
smartphone app i used cannot invest in gold when payment amount is not reported in my accunt but they check investment rate is credited,1.0,Offlx abi,2025-11-07T02:43:26-07:00,25.1017.05,app_store_reviews_complete.csv,en,-1.0,True,contextual,54
hey! my beloved people ' s please do non install the your mobile phone earnings is real really high risk and wrost app. im not hppy and satisfaction. this be the world uncollectible app.,1.0,Hit‘s solanki,2025-09-18T02:59:00-07:00,25.0905.00,app_store_reviews_complete.csv,en,-0.8049999999999998,True,synonym,445
hey! my dear people ' s please do not install the your pay phone pay plate only very bad and wrost bugs. keep getting hppy customer satisfaction. this was another extremely bad app.,1.0,Hit‘s solanki,2025-09-18T02:59:00-07:00,25.0905.00,app_store_reviews_complete.csv,en,-0.8049999999999998,True,contextual,445
Terrible experience. hey ! my dear people's please do not install the your mobile phone pay is very very bad and wrost app . im not hppy and satisfaction . this is the world bad app . Very frustrated.,1.0,Hit‘s solanki,2025-09-18T02:59:00-07:00,25.0905.00,app_store_reviews_complete.csv,en,-0.8049999999999998,True,template,445
hey! my dear hoi polloi ' s please do non instal the your mobile headphone pay is real very unsound and wrost app. im non hppy and satisfaction. this is the world tough app.,1.0,Hit‘s solanki,2025-09-18T02:59:00-07:00,25.0905.00,app_store_reviews_complete.csv,en,-0.8049999999999998,True,synonym,445
hey! another problem nobody ' s phones try not install on your smart phone pay servers very very bad and slightly worse. im not hppy and satisfaction. this is the world bad app.,1.0,Hit‘s solanki,2025-09-18T02:59:00-07:00,25.0905.00,app_store_reviews_complete.csv,en,-0.8049999999999998,True,contextual,445
"why is this app bestow paid using phonepe upi spam after every exclusive payment? like when you cause to share the screenshot with someone, for example whatsapp this app adds the spam automatically each fourth dimension. it ' s very annoying.",1.0,FaZe Aditya,2025-10-28T03:39:12-07:00,25.1003.06,app_store_reviews_complete.csv,en,-0.5357142857142857,True,synonym,137
"why do this app adding paid instant phonepe upi spam for every online payment? like when phones seek to share a screenshot with someone, an example whatsapp messenger app adds other spam automatically each time. it ' s very annoying.",1.0,FaZe Aditya,2025-10-28T03:39:12-07:00,25.1003.06,app_store_reviews_complete.csv,en,-0.5357142857142857,True,contextual,137
"Not recommended. why is this app adding paid using phonepe upi spam after every single payment? like when you have to share the screenshot with someone, for example whatsapp this app adds the spam automatically each time. it's very annoying. Fix this ASAP!",1.0,FaZe Aditya,2025-10-28T03:39:12-07:00,25.1003.06,app_store_reviews_complete.csv,en,-0.5357142857142857,True,template,137
"why be this app adding paid utilise phonepe upi spam after every single payment? same when you have to percentage the screenshot with someone, for example whatsapp this app bestow the spam automatically each meter. information technology ' s very annoying.",1.0,FaZe Aditya,2025-10-28T03:39:12-07:00,25.1003.06,app_store_reviews_complete.csv,en,-0.5357142857142857,True,synonym,137
"why are this app adding paid using phonepe upi spam after every single payment? typically when you have to share the screenshot with email, for example you email app saves some spam automatically each time. it ' 90s rather quick.",1.0,FaZe Aditya,2025-10-28T03:39:12-07:00,25.1003.06,app_store_reviews_complete.csv,en,-0.5357142857142857,True,contextual,137
information technology ' s real bad to give permission for auto pay information technology ' s our choise,1.0,haroon19k,2025-09-28T11:39:09-07:00,25.0905.05,app_store_reviews_complete.csv,en,-0.9099999999999998,True,synonym,375
it ' s bloody good gonna give you uncle auto pay it ' s uncle choise,1.0,haroon19k,2025-09-28T11:39:09-07:00,25.0905.05,app_store_reviews_complete.csv,en,-0.9099999999999998,True,contextual,375
Disappointed. it's terrible to give permission for auto pay it's our choise Very frustrated.,1.0,haroon19k,2025-09-28T11:39:09-07:00,25.0905.05,app_store_reviews_complete.csv,en,-0.9099999999999998,True,template,375
it ' s rattling bad to sacrifice permit for auto pay it ' s our choise,1.0,haroon19k,2025-09-28T11:39:09-07:00,25.0905.05,app_store_reviews_complete.csv,en,-0.9099999999999998,True,synonym,375
it ' be terrible to give permission or variable pay driver ' s only reason,1.0,haroon19k,2025-09-28T11:39:09-07:00,25.0905.05,app_store_reviews_complete.csv,en,-0.9099999999999998,True,contextual,375
"my news report keeps getting log out and do not login like a shot. worst payment app. allege kyc pending, what kyc man? i comprise using other payment apps, and also i have done this once now happened again twice in a hebdomad. now when i click contact musical accompaniment, error 404 not found. blue pencil this app for ever.",1.0,Satwik sinha,2025-10-03T00:52:32-07:00,25.0905.05,app_store_reviews_complete.csv,en,-0.5625,True,synonym,331
"my account keeps getting logged out as doesnthing login now. miss payment troll. says kyc pending, bad kyc man? i am using other payment apps, and also should have guaranteed this will not happened again twice in a week. but when i click contact support, error 404 not found. deleting this app for ever.",1.0,Satwik sinha,2025-10-03T00:52:32-07:00,25.0905.05,app_store_reviews_complete.csv,en,-0.5625,True,contextual,331
"Not recommended. my account keeps getting logged out and doesnt login now. worst payment app. says kyc pending, what kyc man? i am using other payment apps, and also i have done this once now happened again twice in a week. now when i click contact support, error 404 not found. deleting this app for ever. Very frustrated.",1.0,Satwik sinha,2025-10-03T00:52:32-07:00,25.0905.05,app_store_reviews_complete.csv,en,-0.5625,True,template,331
"my account keeps getting logged verboten and doesnt login now. worst payment app. says kyc pending, what kyc man? i am using other payment apps, and also i have done this once now happened again doubly in a hebdomad. now when i click contact support, error 404 non found. delete this app for ever.",1.0,Satwik sinha,2025-10-03T00:52:32-07:00,25.0905.05,app_store_reviews_complete.csv,en,-0.5625,True,synonym,331
"our account got it logged out and does not login now. worst payment app. see kyc pending, what kyc man? i am using other payment apps, unfortunately also i have seen this once that happened again twice in a week. now when i click contact support, access 404 not found. update this document for ever.",1.0,Satwik sinha,2025-10-03T00:52:32-07:00,25.0905.05,app_store_reviews_complete.csv,en,-0.5625,True,contextual,331
your betise to place app as default uninstalling app never install again,1.0,Sachin sac sac,2025-10-04T11:26:35-07:00,25.0905.05,app_store_reviews_complete.csv,en,-0.6,True,synonym,320
additional option to set app as free uninstalling app never update client,1.0,Sachin sac sac,2025-10-04T11:26:35-07:00,25.0905.05,app_store_reviews_complete.csv,en,-0.6,True,contextual,320
Not recommended. your stupidity to set app as default uninstalling app never install again Won't use again.,1.0,Sachin sac sac,2025-10-04T11:26:35-07:00,25.0905.05,app_store_reviews_complete.csv,en,-0.6,True,template,320
your stupidity to place app as default uninstalling app ne'er install again,1.0,Sachin sac sac,2025-10-04T11:26:35-07:00,25.0905.05,app_store_reviews_complete.csv,en,-0.6,True,synonym,320
microsoft inability to set app default default settings would never install again,1.0,Sachin sac sac,2025-10-04T11:26:35-07:00,25.0905.05,app_store_reviews_complete.csv,en,-0.6,True,contextual,320
worst customer serving non able to remediate issue taking more than 2 workweek and still needs meter worst worst worst please do not invest in any investment funds with them stay away from this app,1.0,Thim007,2025-09-13T10:10:10-07:00,25.0822.06,app_store_reviews_complete.csv,en,-0.625,True,synonym,469
easy customer loyalty solution able to reduce problems taking longer than 2 weeks and still needs time worst worst worst please if not bring in more investment lets them stay away from this app,1.0,Thim007,2025-09-13T10:10:10-07:00,25.0822.06,app_store_reviews_complete.csv,en,-0.625,True,contextual,469
Not recommended. worst customer service not able to rectify issue taking more than 2 weeks and still needs time worst worst worst please do not invest in any investment with them stay away from this app Fix this ASAP!,1.0,Thim007,2025-09-13T10:10:10-07:00,25.0822.06,app_store_reviews_complete.csv,en,-0.625,True,template,469
worst customer service not able bodied to rectify issue taking more than deuce week and withal needs time worst worst worst please do non invest in any investment with them remain away from this app,1.0,Thim007,2025-09-13T10:10:10-07:00,25.0822.06,app_store_reviews_complete.csv,en,-0.625,True,synonym,469
worst customer service not able to rectify clients taking shorter than 20 hours and still needs time whilst worst business providers dont invest in any investment with ads flying away from google app,1.0,Thim007,2025-09-13T10:10:10-07:00,25.0822.06,app_store_reviews_complete.csv,en,-0.625,True,contextual,469
i detest ads,3.0,Rahil Alvi,2025-10-23T04:48:54-07:00,25.1003.06,app_store_reviews_complete.csv,da,-0.8,True,synonym,173
i am ads,3.0,Rahil Alvi,2025-10-23T04:48:54-07:00,25.1003.06,app_store_reviews_complete.csv,da,-0.8,True,contextual,173
Okay app. i hate ads Decent.,3.0,Rahil Alvi,2025-10-23T04:48:54-07:00,25.1003.06,app_store_reviews_complete.csv,da,-0.8,True,template,173
1 hate ads,3.0,Rahil Alvi,2025-10-23T04:48:54-07:00,25.1003.06,app_store_reviews_complete.csv,da,-0.8,True,synonym,173
• hate ads,3.0,Rahil Alvi,2025-10-23T04:48:54-07:00,25.1003.06,app_store_reviews_complete.csv,da,-0.8,True,contextual,173
real ugly user interface. one don ' liothyronine like it.,,,,,phonepe_playstore_reviews.csv,no,-0.91,True,synonym,578
very beautiful user interface. i never ' ll like robots.,,,,,phonepe_playstore_reviews.csv,no,-0.91,True,contextual,578
Okay app. very ugly user interface. i don't like it. Decent.,,,,,phonepe_playstore_reviews.csv,no,-0.91,True,template,578
rattling ugly user interface. one don ' t like information technology.,,,,,phonepe_playstore_reviews.csv,no,-0.91,True,synonym,578
horribly ugly user interface. customers haven ' r like it.,,,,,phonepe_playstore_reviews.csv,no,-0.91,True,contextual,578
very gentle,5.0,Pizburg,2025-10-22T13:28:04-07:00,25.1003.00,dataset_apple-app-store-review-scraper.csv,en,0.5633333333333334,True,synonym,479
perfectly easy,5.0,Pizburg,2025-10-22T13:28:04-07:00,25.1003.00,dataset_apple-app-store-review-scraper.csv,en,0.5633333333333334,True,contextual,479
Love this app! very easy Keep it up!,5.0,Pizburg,2025-10-22T13:28:04-07:00,25.1003.00,dataset_apple-app-store-review-scraper.csv,en,0.5633333333333334,True,template,479
very easygoing,5.0,Pizburg,2025-10-22T13:28:04-07:00,25.1003.00,dataset_apple-app-store-review-scraper.csv,en,0.5633333333333334,True,synonym,479
how easy,5.0,Pizburg,2025-10-22T13:28:04-07:00,25.1003.00,dataset_apple-app-store-review-scraper.csv,en,0.5633333333333334,True,contextual,479
love information technology,5.0,TUSH7272,2025-10-09T03:20:09-07:00,25.0919.06,app_store_reviews_complete.csv,sl,0.5,True,synonym,284
love bites,5.0,TUSH7272,2025-10-09T03:20:09-07:00,25.0919.06,app_store_reviews_complete.csv,sl,0.5,True,contextual,284
Great experience. love it Five stars!,5.0,TUSH7272,2025-10-09T03:20:09-07:00,25.0919.06,app_store_reviews_complete.csv,sl,0.5,True,template,284
love information technology,5.0,TUSH7272,2025-10-09T03:20:09-07:00,25.0919.06,app_store_reviews_complete.csv,sl,0.5,True,synonym,284
stop it,5.0,TUSH7272,2025-10-09T03:20:09-07:00,25.0919.06,app_store_reviews_complete.csv,sl,0.5,True,contextual,284
crapper be improved,1.0,10000 i lost,2025-11-09T05:08:59-07:00,25.1017.05,app_store_reviews_complete.csv,en,0.0,True,synonym,34
• be improved,1.0,10000 i lost,2025-11-09T05:08:59-07:00,25.1017.05,app_store_reviews_complete.csv,en,0.0,True,contextual,34
Not recommended. can be improved Won't use again.,1.0,10000 i lost,2025-11-09T05:08:59-07:00,25.1017.05,app_store_reviews_complete.csv,en,0.0,True,template,34
can be better,1.0,10000 i lost,2025-11-09T05:08:59-07:00,25.1017.05,app_store_reviews_complete.csv,en,0.0,True,synonym,34
can tolerate improved,1.0,10000 i lost,2025-11-09T05:08:59-07:00,25.1017.05,app_store_reviews_complete.csv,en,0.0,True,contextual,34
best upi app forever,5.0,Kailash 007,2025-10-07T19:15:12-07:00,25.0905.05,app_store_reviews_complete.csv,no,1.0,True,synonym,296
best gospel music forever,5.0,Kailash 007,2025-10-07T19:15:12-07:00,25.0905.05,app_store_reviews_complete.csv,no,1.0,True,contextual,296
Amazing! best upi app forever Best app ever.,5.0,Kailash 007,2025-10-07T19:15:12-07:00,25.0905.05,app_store_reviews_complete.csv,no,1.0,True,template,296
effective upi app forever,5.0,Kailash 007,2025-10-07T19:15:12-07:00,25.0905.05,app_store_reviews_complete.csv,no,1.0,True,synonym,296
best retailer app store,5.0,Kailash 007,2025-10-07T19:15:12-07:00,25.0905.05,app_store_reviews_complete.csv,no,1.0,True,contextual,296
lotion is libertine and extremely easy to use,5.0,a5_anand,2025-10-11T19:25:47-07:00,25.0919.06,dataset_apple-app-store-review-scraper.csv,en,0.3166666666666666,True,synonym,481
restoration is fast and extremely easy with install,5.0,a5_anand,2025-10-11T19:25:47-07:00,25.0919.06,dataset_apple-app-store-review-scraper.csv,en,0.3166666666666666,True,contextual,481
Amazing! application is fast and extremely easy to use Five stars!,5.0,a5_anand,2025-10-11T19:25:47-07:00,25.0919.06,dataset_apple-app-store-review-scraper.csv,en,0.3166666666666666,True,template,481
application be fast and super easy to use,5.0,a5_anand,2025-10-11T19:25:47-07:00,25.0919.06,dataset_apple-app-store-review-scraper.csv,en,0.3166666666666666,True,synonym,481
diagnosis is easy and extremely easy in use,5.0,a5_anand,2025-10-11T19:25:47-07:00,25.0919.06,dataset_apple-app-store-review-scraper.csv,en,0.3166666666666666,True,contextual,481
malesh,5.0,VDKmm,2025-11-13T05:59:23-07:00,25.1031.00,app_store_reviews_complete.csv,sq,0.0,True,synonym,2
♦,5.0,VDKmm,2025-11-13T05:59:23-07:00,25.1031.00,app_store_reviews_complete.csv,sq,0.0,True,contextual,2
Love this app! malesh Best app ever.,5.0,VDKmm,2025-11-13T05:59:23-07:00,25.1031.00,app_store_reviews_complete.csv,sq,0.0,True,template,2
malesh,5.0,VDKmm,2025-11-13T05:59:23-07:00,25.1031.00,app_store_reviews_complete.csv,sq,0.0,True,synonym,2
2015,5.0,VDKmm,2025-11-13T05:59:23-07:00,25.1031.00,app_store_reviews_complete.csv,sq,0.0,True,contextual,2
sound and dissipated services and easy access,5.0,Harvindra singhal,2025-11-13T04:06:39-07:00,25.1031.00,app_store_reviews_complete.csv,en,0.5666666666666667,True,synonym,4
good nd often accessible and reliable access,5.0,Harvindra singhal,2025-11-13T04:06:39-07:00,25.1031.00,app_store_reviews_complete.csv,en,0.5666666666666667,True,contextual,4
Amazing! good and fastest services and easy access Best app ever.,5.0,Harvindra singhal,2025-11-13T04:06:39-07:00,25.1031.00,app_store_reviews_complete.csv,en,0.5666666666666667,True,template,4
good and fastest service and easy approach,5.0,Harvindra singhal,2025-11-13T04:06:39-07:00,25.1031.00,app_store_reviews_complete.csv,en,0.5666666666666667,True,synonym,4
good nd neighbor neighbor and equal access,5.0,Harvindra singhal,2025-11-13T04:06:39-07:00,25.1031.00,app_store_reviews_complete.csv,en,0.5666666666666667,True,contextual,4
jagtap,1.0,Pradip Jagtap,2025-11-12T20:35:39-07:00,25.1031.00,app_store_reviews_complete.csv,tl,0.0,True,synonym,5
118,1.0,Pradip Jagtap,2025-11-12T20:35:39-07:00,25.1031.00,app_store_reviews_complete.csv,tl,0.0,True,contextual,5
Waste of time. jagtap Fix this ASAP!,1.0,Pradip Jagtap,2025-11-12T20:35:39-07:00,25.1031.00,app_store_reviews_complete.csv,tl,0.0,True,template,5
jagtap,1.0,Pradip Jagtap,2025-11-12T20:35:39-07:00,25.1031.00,app_store_reviews_complete.csv,tl,0.0,True,synonym,5
53,1.0,Pradip Jagtap,2025-11-12T20:35:39-07:00,25.1031.00,app_store_reviews_complete.csv,tl,0.0,True,contextual,5
good experimental condition,5.0,Abhishek Maury,2025-11-12T16:08:59-07:00,25.1031.00,app_store_reviews_complete.csv,en,0.7,True,synonym,6
chronic condition,5.0,Abhishek Maury,2025-11-12T16:08:59-07:00,25.1031.00,app_store_reviews_complete.csv,en,0.7,True,contextual,6
Love this app! good condition Best app ever.,5.0,Abhishek Maury,2025-11-12T16:08:59-07:00,25.1031.00,app_store_reviews_complete.csv,en,0.7,True,template,6
good circumstance,5.0,Abhishek Maury,2025-11-12T16:08:59-07:00,25.1031.00,app_store_reviews_complete.csv,en,0.7,True,synonym,6
mental condition,5.0,Abhishek Maury,2025-11-12T16:08:59-07:00,25.1031.00,app_store_reviews_complete.csv,en,0.7,True,contextual,6
information technology ' s amazing,5.0,Anmol deol,2025-11-12T05:34:19-07:00,25.1031.00,app_store_reviews_complete.csv,tl,0.6000000000000001,True,synonym,8
they ' re amazing,5.0,Anmol deol,2025-11-12T05:34:19-07:00,25.1031.00,app_store_reviews_complete.csv,tl,0.6000000000000001,True,contextual,8
Love this app! it's amazing Worth trying.,5.0,Anmol deol,2025-11-12T05:34:19-07:00,25.1031.00,app_store_reviews_complete.csv,tl,0.6000000000000001,True,template,8
information technology ' s amazing,5.0,Anmol deol,2025-11-12T05:34:19-07:00,25.1031.00,app_store_reviews_complete.csv,tl,0.6000000000000001,True,synonym,8
pow ' r amazing,5.0,Anmol deol,2025-11-12T05:34:19-07:00,25.1031.00,app_store_reviews_complete.csv,tl,0.6000000000000001,True,contextual,8
outdated interface,1.0,Mickypandu,2025-11-12T05:33:14-07:00,25.1031.00,app_store_reviews_complete.csv,en,-0.4000000000000001,True,synonym,9
driver interface,1.0,Mickypandu,2025-11-12T05:33:14-07:00,25.1031.00,app_store_reviews_complete.csv,en,-0.4000000000000001,True,contextual,9
Not recommended. outdated interface Fix this ASAP!,1.0,Mickypandu,2025-11-12T05:33:14-07:00,25.1031.00,app_store_reviews_complete.csv,en,-0.4000000000000001,True,template,9
outdated user interface,1.0,Mickypandu,2025-11-12T05:33:14-07:00,25.1031.00,app_store_reviews_complete.csv,en,-0.4000000000000001,True,synonym,9
outdated algorithms,1.0,Mickypandu,2025-11-12T05:33:14-07:00,25.1031.00,app_store_reviews_complete.csv,en,-0.4000000000000001,True,contextual,9
fantabulous speed,5.0,Hvrrrddy,2025-11-12T01:00:20-07:00,25.1017.05,app_store_reviews_complete.csv,nl,1.0,True,synonym,11
variable speed,5.0,Hvrrrddy,2025-11-12T01:00:20-07:00,25.1017.05,app_store_reviews_complete.csv,nl,1.0,True,contextual,11
Amazing! excellent speed Keep it up!,5.0,Hvrrrddy,2025-11-12T01:00:20-07:00,25.1017.05,app_store_reviews_complete.csv,nl,1.0,True,template,11
excellent fastness,5.0,Hvrrrddy,2025-11-12T01:00:20-07:00,25.1017.05,app_store_reviews_complete.csv,nl,1.0,True,synonym,11
start speed,5.0,Hvrrrddy,2025-11-12T01:00:20-07:00,25.1017.05,app_store_reviews_complete.csv,nl,1.0,True,contextual,11
well,5.0,Sohi jass,2025-11-11T20:06:59-07:00,25.1017.05,app_store_reviews_complete.csv,af,1.0,True,synonym,13
105,5.0,Sohi jass,2025-11-11T20:06:59-07:00,25.1017.05,app_store_reviews_complete.csv,af,1.0,True,contextual,13
Love this app! best Best app ever.,5.0,Sohi jass,2025-11-11T20:06:59-07:00,25.1017.05,app_store_reviews_complete.csv,af,1.0,True,template,13
respectable,5.0,Sohi jass,2025-11-11T20:06:59-07:00,25.1017.05,app_store_reviews_complete.csv,af,1.0,True,synonym,13
•,5.0,Sohi jass,2025-11-11T20:06:59-07:00,25.1017.05,app_store_reviews_complete.csv,af,1.0,True,contextual,13
the app is non open information technology just keep on loading,5.0,Faheem Taj,2025-11-11T06:55:42-07:00,25.1017.05,app_store_reviews_complete.csv,en,0.0,True,synonym,15
facebook app is not opening its just updates on portal,5.0,Faheem Taj,2025-11-11T06:55:42-07:00,25.1017.05,app_store_reviews_complete.csv,en,0.0,True,contextual,15
Amazing! the app is not opening its just keep on loading Worth trying.,5.0,Faheem Taj,2025-11-11T06:55:42-07:00,25.1017.05,app_store_reviews_complete.csv,en,0.0,True,template,15
the app is not opening its just prevent on debase,5.0,Faheem Taj,2025-11-11T06:55:42-07:00,25.1017.05,app_store_reviews_complete.csv,en,0.0,True,synonym,15
the app is currently available its just keep click loading,5.0,Faheem Taj,2025-11-11T06:55:42-07:00,25.1017.05,app_store_reviews_complete.csv,en,0.0,True,contextual,15
superintendent,5.0,Akhta..3002,2025-10-08T17:39:34-07:00,25.0919.06,app_store_reviews_complete.csv,ro,0.3333333333333333,True,synonym,289
notes,5.0,Akhta..3002,2025-10-08T17:39:34-07:00,25.0919.06,app_store_reviews_complete.csv,ro,0.3333333333333333,True,contextual,289
Amazing! super Five stars!,5.0,Akhta..3002,2025-10-08T17:39:34-07:00,25.0919.06,app_store_reviews_complete.csv,ro,0.3333333333333333,True,template,289
superintendent,5.0,Akhta..3002,2025-10-08T17:39:34-07:00,25.0919.06,app_store_reviews_complete.csv,ro,0.3333333333333333,True,synonym,289
82,5.0,Akhta..3002,2025-10-08T17:39:34-07:00,25.0919.06,app_store_reviews_complete.csv,ro,0.3333333333333333,True,contextual,289
fresh update is first class,5.0,Iambornfire,2025-10-08T17:14:51-07:00,25.0919.06,app_store_reviews_complete.csv,en,0.5681818181818181,True,synonym,290
new coat of excellent,5.0,Iambornfire,2025-10-08T17:14:51-07:00,25.0919.06,app_store_reviews_complete.csv,en,0.5681818181818181,True,contextual,290
Love this app! new update is excellent Worth trying.,5.0,Iambornfire,2025-10-08T17:14:51-07:00,25.0919.06,app_store_reviews_complete.csv,en,0.5681818181818181,True,template,290
new update follow first class,5.0,Iambornfire,2025-10-08T17:14:51-07:00,25.0919.06,app_store_reviews_complete.csv,en,0.5681818181818181,True,synonym,290
new update 2010 published,5.0,Iambornfire,2025-10-08T17:14:51-07:00,25.0919.06,app_store_reviews_complete.csv,en,0.5681818181818181,True,contextual,290
near,5.0,Akki#,2025-10-08T04:38:17-07:00,25.0919.06,app_store_reviews_complete.csv,so,0.7,True,synonym,291
·,5.0,Akki#,2025-10-08T04:38:17-07:00,25.0919.06,app_store_reviews_complete.csv,so,0.7,True,contextual,291
Love this app! good Worth trying.,5.0,Akki#,2025-10-08T04:38:17-07:00,25.0919.06,app_store_reviews_complete.csv,so,0.7,True,template,291
proficient,5.0,Akki#,2025-10-08T04:38:17-07:00,25.0919.06,app_store_reviews_complete.csv,so,0.7,True,synonym,291
211,5.0,Akki#,2025-10-08T04:38:17-07:00,25.0919.06,app_store_reviews_complete.csv,so,0.7,True,contextual,291
mustiness,5.0,bechan ji,2025-10-08T01:01:03-07:00,25.0919.06,app_store_reviews_complete.csv,et,0.0,True,synonym,293
38,5.0,bechan ji,2025-10-08T01:01:03-07:00,25.0919.06,app_store_reviews_complete.csv,et,0.0,True,contextual,293
Amazing! must Keep it up!,5.0,bechan ji,2025-10-08T01:01:03-07:00,25.0919.06,app_store_reviews_complete.csv,et,0.0,True,template,293
moldiness,5.0,bechan ji,2025-10-08T01:01:03-07:00,25.0919.06,app_store_reviews_complete.csv,et,0.0,True,synonym,293
4,5.0,bechan ji,2025-10-08T01:01:03-07:00,25.0919.06,app_store_reviews_complete.csv,et,0.0,True,contextual,293
practiced,5.0,Dev sidar,2025-10-22T18:19:29-07:00,25.1003.00,dataset_apple-app-store-review-scraper.csv,so,0.7,True,synonym,478
4,5.0,Dev sidar,2025-10-22T18:19:29-07:00,25.1003.00,dataset_apple-app-store-review-scraper.csv,so,0.7,True,contextual,478
Amazing! good Keep it up!,5.0,Dev sidar,2025-10-22T18:19:29-07:00,25.1003.00,dataset_apple-app-store-review-scraper.csv,so,0.7,True,template,478
secure,5.0,Dev sidar,2025-10-22T18:19:29-07:00,25.1003.00,dataset_apple-app-store-review-scraper.csv,so,0.7,True,synonym,478
•,5.0,Dev sidar,2025-10-22T18:19:29-07:00,25.1003.00,dataset_apple-app-store-review-scraper.csv,so,0.7,True,contextual,478
gufsgjjff,5.0,Adil raja &39,2025-09-19T06:50:02-07:00,25.0905.00,app_store_reviews_complete.csv,sq,0.0,True,synonym,443
°,5.0,Adil raja &39,2025-09-19T06:50:02-07:00,25.0905.00,app_store_reviews_complete.csv,sq,0.0,True,contextual,443
Love this app! gufsgjjff Best app ever.,5.0,Adil raja &39,2025-09-19T06:50:02-07:00,25.0905.00,app_store_reviews_complete.csv,sq,0.0,True,template,443
gufsgjjff,5.0,Adil raja &39,2025-09-19T06:50:02-07:00,25.0905.00,app_store_reviews_complete.csv,sq,0.0,True,synonym,443
•,5.0,Adil raja &39,2025-09-19T06:50:02-07:00,25.0905.00,app_store_reviews_complete.csv,sq,0.0,True,contextual,443
information technology rattling good app easy to utilize,5.0,Shan@4042,2025-09-18T00:30:28-07:00,25.0905.00,app_store_reviews_complete.csv,en,0.6716666666666666,True,synonym,447
its very simple app easy app install,5.0,Shan@4042,2025-09-18T00:30:28-07:00,25.0905.00,app_store_reviews_complete.csv,en,0.6716666666666666,True,contextual,447
Love this app! its very good app easy to use Keep it up!,5.0,Shan@4042,2025-09-18T00:30:28-07:00,25.0905.00,app_store_reviews_complete.csv,en,0.6716666666666666,True,template,447
its very honorable app easy to use,5.0,Shan@4042,2025-09-18T00:30:28-07:00,25.0905.00,app_store_reviews_complete.csv,en,0.6716666666666666,True,synonym,447
considered awesome for easy ios use,5.0,Shan@4042,2025-09-18T00:30:28-07:00,25.0905.00,app_store_reviews_complete.csv,en,0.6716666666666666,True,contextual,447
fraud ho rahe hai aab telephone earnings milliampere,5.0,Tu  CC ni dad,2025-11-07T05:53:33-07:00,25.1017.05,app_store_reviews_complete.csv,cy,0.0,True,synonym,50
fraud tak ja hai aab dil pay ma,5.0,Tu  CC ni dad,2025-11-07T05:53:33-07:00,25.1017.05,app_store_reviews_complete.csv,cy,0.0,True,contextual,50
Highly recommend. fraud ho rahe hai aab phone pay ma Best app ever.,5.0,Tu  CC ni dad,2025-11-07T05:53:33-07:00,25.1017.05,app_store_reviews_complete.csv,cy,0.0,True,template,50
imposter ho rahe hai aab telephone salary ma,5.0,Tu  CC ni dad,2025-11-07T05:53:33-07:00,25.1017.05,app_store_reviews_complete.csv,cy,0.0,True,synonym,50
mein me rahe hai ti phone pay ma,5.0,Tu  CC ni dad,2025-11-07T05:53:33-07:00,25.1017.05,app_store_reviews_complete.csv,cy,0.0,True,contextual,50
so much,5.0,Solty paan shop,2025-11-07T05:31:10-07:00,25.1017.05,app_store_reviews_complete.csv,es,0.2,True,synonym,51
damn much,5.0,Solty paan shop,2025-11-07T05:31:10-07:00,25.1017.05,app_store_reviews_complete.csv,es,0.2,True,contextual,51
Highly recommend. so much Five stars!,5.0,Solty paan shop,2025-11-07T05:31:10-07:00,25.1017.05,app_store_reviews_complete.csv,es,0.2,True,template,51
and so much,5.0,Solty paan shop,2025-11-07T05:31:10-07:00,25.1017.05,app_store_reviews_complete.csv,es,0.2,True,synonym,51
too much,5.0,Solty paan shop,2025-11-07T05:31:10-07:00,25.1017.05,app_store_reviews_complete.csv,es,0.2,True,contextual,51
superintendent,5.0,Sandeshmsgowda,2025-11-07T04:34:30-07:00,25.1017.05,app_store_reviews_complete.csv,ro,0.3333333333333333,True,synonym,52
2006,5.0,Sandeshmsgowda,2025-11-07T04:34:30-07:00,25.1017.05,app_store_reviews_complete.csv,ro,0.3333333333333333,True,contextual,52
Amazing! super Worth trying.,5.0,Sandeshmsgowda,2025-11-07T04:34:30-07:00,25.1017.05,app_store_reviews_complete.csv,ro,0.3333333333333333,True,template,52
superintendent,5.0,Sandeshmsgowda,2025-11-07T04:34:30-07:00,25.1017.05,app_store_reviews_complete.csv,ro,0.3333333333333333,True,synonym,52
°,5.0,Sandeshmsgowda,2025-11-07T04:34:30-07:00,25.1017.05,app_store_reviews_complete.csv,ro,0.3333333333333333,True,contextual,52
easy for life,5.0,Tibrata,2025-11-07T03:10:28-07:00,25.1017.05,app_store_reviews_complete.csv,en,0.4333333333333333,True,synonym,53
cry for life,5.0,Tibrata,2025-11-07T03:10:28-07:00,25.1017.05,app_store_reviews_complete.csv,en,0.4333333333333333,True,contextual,53
Love this app! easy for life Best app ever.,5.0,Tibrata,2025-11-07T03:10:28-07:00,25.1017.05,app_store_reviews_complete.csv,en,0.4333333333333333,True,template,53
easy for lifespan,5.0,Tibrata,2025-11-07T03:10:28-07:00,25.1017.05,app_store_reviews_complete.csv,en,0.4333333333333333,True,synonym,53
easy for me,5.0,Tibrata,2025-11-07T03:10:28-07:00,25.1017.05,app_store_reviews_complete.csv,en,0.4333333333333333,True,contextual,53
excellent,5.0,B.Radhakrishnan,2025-11-09T21:05:17-07:00,25.1017.05,app_store_reviews_complete.csv,ca,1.0,True,synonym,29
‡,5.0,B.Radhakrishnan,2025-11-09T21:05:17-07:00,25.1017.05,app_store_reviews_complete.csv,ca,1.0,True,contextual,29
Love this app! excellent Best app ever.,5.0,B.Radhakrishnan,2025-11-09T21:05:17-07:00,25.1017.05,app_store_reviews_complete.csv,ca,1.0,True,template,29
excellent,5.0,B.Radhakrishnan,2025-11-09T21:05:17-07:00,25.1017.05,app_store_reviews_complete.csv,ca,1.0,True,synonym,29
42,5.0,B.Radhakrishnan,2025-11-09T21:05:17-07:00,25.1017.05,app_store_reviews_complete.csv,ca,1.0,True,contextual,29
good chore guys,5.0,I’m owner the city Mary,2025-11-06T21:09:08-07:00,25.1017.05,app_store_reviews_complete.csv,so,0.7,True,synonym,56
hot job guys,5.0,I’m owner the city Mary,2025-11-06T21:09:08-07:00,25.1017.05,app_store_reviews_complete.csv,so,0.7,True,contextual,56
Amazing! good job guys Keep it up!,5.0,I’m owner the city Mary,2025-11-06T21:09:08-07:00,25.1017.05,app_store_reviews_complete.csv,so,0.7,True,template,56
good job guy,5.0,I’m owner the city Mary,2025-11-06T21:09:08-07:00,25.1017.05,app_store_reviews_complete.csv,so,0.7,True,synonym,56
good hearted guys,5.0,I’m owner the city Mary,2025-11-06T21:09:08-07:00,25.1017.05,app_store_reviews_complete.csv,so,0.7,True,contextual,56
gond,5.0,Bhabani Gond,2025-11-06T20:59:27-07:00,25.1017.05,app_store_reviews_complete.csv,cy,0.0,True,synonym,57
2002,5.0,Bhabani Gond,2025-11-06T20:59:27-07:00,25.1017.05,app_store_reviews_complete.csv,cy,0.0,True,contextual,57
Great experience. gond Worth trying.,5.0,Bhabani Gond,2025-11-06T20:59:27-07:00,25.1017.05,app_store_reviews_complete.csv,cy,0.0,True,template,57
gond,5.0,Bhabani Gond,2025-11-06T20:59:27-07:00,25.1017.05,app_store_reviews_complete.csv,cy,0.0,True,synonym,57
38,5.0,Bhabani Gond,2025-11-06T20:59:27-07:00,25.1017.05,app_store_reviews_complete.csv,cy,0.0,True,contextual,57
very gif,1.0,Pappakutty,2025-11-06T19:28:59-07:00,25.1017.05,app_store_reviews_complete.csv,en,0.2,True,synonym,58
§ gif,1.0,Pappakutty,2025-11-06T19:28:59-07:00,25.1017.05,app_store_reviews_complete.csv,en,0.2,True,contextual,58
Terrible experience. very gif Won't use again.,1.0,Pappakutty,2025-11-06T19:28:59-07:00,25.1017.05,app_store_reviews_complete.csv,en,0.2,True,template,58
rattling gif,1.0,Pappakutty,2025-11-06T19:28:59-07:00,25.1017.05,app_store_reviews_complete.csv,en,0.2,True,synonym,58
very rare,1.0,Pappakutty,2025-11-06T19:28:59-07:00,25.1017.05,app_store_reviews_complete.csv,en,0.2,True,contextual,58
real good & quick service,5.0,Yuvan krishna,2025-11-05T19:31:19-07:00,25.1017.05,app_store_reviews_complete.csv,en,0.5549999999999999,True,synonym,64
railway short & fast service,5.0,Yuvan krishna,2025-11-05T19:31:19-07:00,25.1017.05,app_store_reviews_complete.csv,en,0.5549999999999999,True,contextual,64
Highly recommend. very good & fast service Five stars!,5.0,Yuvan krishna,2025-11-05T19:31:19-07:00,25.1017.05,app_store_reviews_complete.csv,en,0.5549999999999999,True,template,64
real good & libertine service,5.0,Yuvan krishna,2025-11-05T19:31:19-07:00,25.1017.05,app_store_reviews_complete.csv,en,0.5549999999999999,True,synonym,64
awesome & perfect track,5.0,Yuvan krishna,2025-11-05T19:31:19-07:00,25.1017.05,app_store_reviews_complete.csv,en,0.5549999999999999,True,contextual,64
mast,5.0,Ghelabhai m fangliya,2025-09-17T08:47:44-07:00,25.0905.00,app_store_reviews_complete.csv,et,0.0,True,synonym,450
•,5.0,Ghelabhai m fangliya,2025-09-17T08:47:44-07:00,25.0905.00,app_store_reviews_complete.csv,et,0.0,True,contextual,450
Great experience. mast Best app ever.,5.0,Ghelabhai m fangliya,2025-09-17T08:47:44-07:00,25.0905.00,app_store_reviews_complete.csv,et,0.0,True,template,450
mast,5.0,Ghelabhai m fangliya,2025-09-17T08:47:44-07:00,25.0905.00,app_store_reviews_complete.csv,et,0.0,True,synonym,450
105,5.0,Ghelabhai m fangliya,2025-09-17T08:47:44-07:00,25.0905.00,app_store_reviews_complete.csv,et,0.0,True,contextual,450
zilch to issue,5.0,Sharlinejoy,2025-09-15T22:43:41-07:00,25.0822.06,app_store_reviews_complete.csv,en,0.0,True,synonym,456
nothing to accomplish,5.0,Sharlinejoy,2025-09-15T22:43:41-07:00,25.0822.06,app_store_reviews_complete.csv,en,0.0,True,contextual,456
Great experience. nothing to isue Best app ever.,5.0,Sharlinejoy,2025-09-15T22:43:41-07:00,25.0822.06,app_store_reviews_complete.csv,en,0.0,True,template,456
nothing to egress,5.0,Sharlinejoy,2025-09-15T22:43:41-07:00,25.0822.06,app_store_reviews_complete.csv,en,0.0,True,synonym,456
nothing to mention,5.0,Sharlinejoy,2025-09-15T22:43:41-07:00,25.0822.06,app_store_reviews_complete.csv,en,0.0,True,contextual,456
beneficial,5.0,Stalinbontha,2025-09-15T08:11:12-07:00,25.0822.06,app_store_reviews_complete.csv,so,0.7,True,synonym,459
[UNK],5.0,Stalinbontha,2025-09-15T08:11:12-07:00,25.0822.06,app_store_reviews_complete.csv,so,0.7,True,contextual,459
Highly recommend. good Worth trying.,5.0,Stalinbontha,2025-09-15T08:11:12-07:00,25.0822.06,app_store_reviews_complete.csv,so,0.7,True,template,459
in force,5.0,Stalinbontha,2025-09-15T08:11:12-07:00,25.0822.06,app_store_reviews_complete.csv,so,0.7,True,synonym,459
2001,5.0,Stalinbontha,2025-09-15T08:11:12-07:00,25.0822.06,app_store_reviews_complete.csv,so,0.7,True,contextual,459
excellent,5.0,gali dilip,2025-11-09T08:22:50-07:00,25.1017.05,app_store_reviews_complete.csv,ca,1.0,True,synonym,33
2014,5.0,gali dilip,2025-11-09T08:22:50-07:00,25.1017.05,app_store_reviews_complete.csv,ca,1.0,True,contextual,33
Great experience. excellent Five stars!,5.0,gali dilip,2025-11-09T08:22:50-07:00,25.1017.05,app_store_reviews_complete.csv,ca,1.0,True,template,33
excellent,5.0,gali dilip,2025-11-09T08:22:50-07:00,25.1017.05,app_store_reviews_complete.csv,ca,1.0,True,synonym,33
2004,5.0,gali dilip,2025-11-09T08:22:50-07:00,25.1017.05,app_store_reviews_complete.csv,ca,1.0,True,contextual,33
easygoing to use,5.0,Musjad,2025-11-05T07:06:53-07:00,25.1017.05,app_store_reviews_complete.csv,en,0.4333333333333333,True,synonym,67
easy practical use,5.0,Musjad,2025-11-05T07:06:53-07:00,25.1017.05,app_store_reviews_complete.csv,en,0.4333333333333333,True,contextual,67
Amazing! easy to use Worth trying.,5.0,Musjad,2025-11-05T07:06:53-07:00,25.1017.05,app_store_reviews_complete.csv,en,0.4333333333333333,True,template,67
easy to apply,5.0,Musjad,2025-11-05T07:06:53-07:00,25.1017.05,app_store_reviews_complete.csv,en,0.4333333333333333,True,synonym,67
easy cache use,5.0,Musjad,2025-11-05T07:06:53-07:00,25.1017.05,app_store_reviews_complete.csv,en,0.4333333333333333,True,contextual,67
it ' s well situated to pay,5.0,Nausahad,2025-11-05T06:05:51-07:00,25.1017.05,app_store_reviews_complete.csv,en,0.4333333333333333,True,synonym,69
it ' s not the pay,5.0,Nausahad,2025-11-05T06:05:51-07:00,25.1017.05,app_store_reviews_complete.csv,en,0.4333333333333333,True,contextual,69
Highly recommend. it's easy to pay Best app ever.,5.0,Nausahad,2025-11-05T06:05:51-07:00,25.1017.05,app_store_reviews_complete.csv,en,0.4333333333333333,True,template,69
information technology ' s easy to pay,5.0,Nausahad,2025-11-05T06:05:51-07:00,25.1017.05,app_store_reviews_complete.csv,en,0.4333333333333333,True,synonym,69
what ' s easy we pay,5.0,Nausahad,2025-11-05T06:05:51-07:00,25.1017.05,app_store_reviews_complete.csv,en,0.4333333333333333,True,contextual,69
dependable,5.0,Amanprit singh,2025-11-04T22:07:06-07:00,25.1017.05,app_store_reviews_complete.csv,so,0.7,True,synonym,71
9,5.0,Amanprit singh,2025-11-04T22:07:06-07:00,25.1017.05,app_store_reviews_complete.csv,so,0.7,True,contextual,71
Highly recommend. good Best app ever.,5.0,Amanprit singh,2025-11-04T22:07:06-07:00,25.1017.05,app_store_reviews_complete.csv,so,0.7,True,template,71
sound,5.0,Amanprit singh,2025-11-04T22:07:06-07:00,25.1017.05,app_store_reviews_complete.csv,so,0.7,True,synonym,71
127,5.0,Amanprit singh,2025-11-04T22:07:06-07:00,25.1017.05,app_store_reviews_complete.csv,so,0.7,True,contextual,71
courteous,5.0,jot banur,2025-11-04T07:59:53-07:00,25.1017.05,app_store_reviews_complete.csv,pl,0.6,True,synonym,73
111,5.0,jot banur,2025-11-04T07:59:53-07:00,25.1017.05,app_store_reviews_complete.csv,pl,0.6,True,contextual,73
Love this app! nice Keep it up!,5.0,jot banur,2025-11-04T07:59:53-07:00,25.1017.05,app_store_reviews_complete.csv,pl,0.6,True,template,73
decent,5.0,jot banur,2025-11-04T07:59:53-07:00,25.1017.05,app_store_reviews_complete.csv,pl,0.6,True,synonym,73
127,5.0,jot banur,2025-11-04T07:59:53-07:00,25.1017.05,app_store_reviews_complete.csv,pl,0.6,True,contextual,73
+ ninety one 78454 35832,5.0,91 78454 35832,2025-11-04T07:16:46-07:00,25.1017.05,app_store_reviews_complete.csv,unknown,0.0,True,synonym,74
+ 125 db db,5.0,91 78454 35832,2025-11-04T07:16:46-07:00,25.1017.05,app_store_reviews_complete.csv,unknown,0.0,True,contextual,74
Amazing! +91 78454 35832 Keep it up!,5.0,91 78454 35832,2025-11-04T07:16:46-07:00,25.1017.05,app_store_reviews_complete.csv,unknown,0.0,True,template,74
+ 91 78454 35832,5.0,91 78454 35832,2025-11-04T07:16:46-07:00,25.1017.05,app_store_reviews_complete.csv,unknown,0.0,True,synonym,74
+ 08 – 00,5.0,91 78454 35832,2025-11-04T07:16:46-07:00,25.1017.05,app_store_reviews_complete.csv,unknown,0.0,True,contextual,74
superintendent,5.0,Golu Dhande,2025-11-04T05:52:12-07:00,25.1017.05,app_store_reviews_complete.csv,ro,0.3333333333333333,True,synonym,75
2002,5.0,Golu Dhande,2025-11-04T05:52:12-07:00,25.1017.05,app_store_reviews_complete.csv,ro,0.3333333333333333,True,contextual,75
Great experience. super Worth trying.,5.0,Golu Dhande,2025-11-04T05:52:12-07:00,25.1017.05,app_store_reviews_complete.csv,ro,0.3333333333333333,True,template,75
superintendent,5.0,Golu Dhande,2025-11-04T05:52:12-07:00,25.1017.05,app_store_reviews_complete.csv,ro,0.3333333333333333,True,synonym,75
42,5.0,Golu Dhande,2025-11-04T05:52:12-07:00,25.1017.05,app_store_reviews_complete.csv,ro,0.3333333333333333,True,contextual,75
tops app in phonepe,5.0,Cut boy123,2025-11-04T05:34:08-07:00,25.1017.05,app_store_reviews_complete.csv,en,0.3333333333333333,True,synonym,76
super model named phonepe,5.0,Cut boy123,2025-11-04T05:34:08-07:00,25.1017.05,app_store_reviews_complete.csv,en,0.3333333333333333,True,contextual,76
Amazing! super app in phonepe Keep it up!,5.0,Cut boy123,2025-11-04T05:34:08-07:00,25.1017.05,app_store_reviews_complete.csv,en,0.3333333333333333,True,template,76
super app in phonepe,5.0,Cut boy123,2025-11-04T05:34:08-07:00,25.1017.05,app_store_reviews_complete.csv,en,0.3333333333333333,True,synonym,76
• heroes in phonepe,5.0,Cut boy123,2025-11-04T05:34:08-07:00,25.1017.05,app_store_reviews_complete.csv,en,0.3333333333333333,True,contextual,76
just,5.0,Simmuali,2025-11-04T04:11:01-07:00,25.1017.05,app_store_reviews_complete.csv,so,0.7,True,synonym,77
2006,5.0,Simmuali,2025-11-04T04:11:01-07:00,25.1017.05,app_store_reviews_complete.csv,so,0.7,True,contextual,77
Amazing! good Five stars!,5.0,Simmuali,2025-11-04T04:11:01-07:00,25.1017.05,app_store_reviews_complete.csv,so,0.7,True,template,77
serious,5.0,Simmuali,2025-11-04T04:11:01-07:00,25.1017.05,app_store_reviews_complete.csv,so,0.7,True,synonym,77
•,5.0,Simmuali,2025-11-04T04:11:01-07:00,25.1017.05,app_store_reviews_complete.csv,so,0.7,True,contextual,77
they defecate a app such as these for teens,5.0,fckumcgdg,2025-11-04T04:08:25-07:00,25.1017.05,app_store_reviews_complete.csv,en,0.0,True,synonym,78
they make a request for an these for teens,5.0,fckumcgdg,2025-11-04T04:08:25-07:00,25.1017.05,app_store_reviews_complete.csv,en,0.0,True,contextual,78
Love this app! they make a app such as these for teens Best app ever.,5.0,fckumcgdg,2025-11-04T04:08:25-07:00,25.1017.05,app_store_reviews_complete.csv,en,0.0,True,template,78
they make a app such as these for teens,5.0,fckumcgdg,2025-11-04T04:08:25-07:00,25.1017.05,app_store_reviews_complete.csv,en,0.0,True,synonym,78
they make video app such for these hot teens,5.0,fckumcgdg,2025-11-04T04:08:25-07:00,25.1017.05,app_store_reviews_complete.csv,en,0.0,True,contextual,78
expert,5.0,Harish  Desai,2025-11-03T22:28:45-07:00,25.1017.00,app_store_reviews_complete.csv,so,0.7,True,synonym,80
51,5.0,Harish  Desai,2025-11-03T22:28:45-07:00,25.1017.00,app_store_reviews_complete.csv,so,0.7,True,contextual,80
Great experience. good Keep it up!,5.0,Harish  Desai,2025-11-03T22:28:45-07:00,25.1017.00,app_store_reviews_complete.csv,so,0.7,True,template,80
honest,5.0,Harish  Desai,2025-11-03T22:28:45-07:00,25.1017.00,app_store_reviews_complete.csv,so,0.7,True,synonym,80
02,5.0,Harish  Desai,2025-11-03T22:28:45-07:00,25.1017.00,app_store_reviews_complete.csv,so,0.7,True,contextual,80
lightning wizard,5.0,Shajahan pothencode,2025-09-20T05:45:27-07:00,25.0905.00,app_store_reviews_complete.csv,sv,0.0,True,synonym,433
minor stars,5.0,Shajahan pothencode,2025-09-20T05:45:27-07:00,25.0905.00,app_store_reviews_complete.csv,sv,0.0,True,contextual,433
Amazing! lightning stars Best app ever.,5.0,Shajahan pothencode,2025-09-20T05:45:27-07:00,25.0905.00,app_store_reviews_complete.csv,sv,0.0,True,template,433
lightning stars,5.0,Shajahan pothencode,2025-09-20T05:45:27-07:00,25.0905.00,app_store_reviews_complete.csv,sv,0.0,True,synonym,433
lightning squad,5.0,Shajahan pothencode,2025-09-20T05:45:27-07:00,25.0905.00,app_store_reviews_complete.csv,sv,0.0,True,contextual,433
defrayment untied,1.0,Sanwla ram,2025-09-20T05:37:35-07:00,25.0905.00,app_store_reviews_complete.csv,fr,0.0,True,synonym,434
concert schedule,1.0,Sanwla ram,2025-09-20T05:37:35-07:00,25.0905.00,app_store_reviews_complete.csv,fr,0.0,True,contextual,434
Disappointed. payment untied Fix this ASAP!,1.0,Sanwla ram,2025-09-20T05:37:35-07:00,25.0905.00,app_store_reviews_complete.csv,fr,0.0,True,template,434
pymnt undo,1.0,Sanwla ram,2025-09-20T05:37:35-07:00,25.0905.00,app_store_reviews_complete.csv,fr,0.0,True,synonym,434
information theory,1.0,Sanwla ram,2025-09-20T05:37:35-07:00,25.0905.00,app_store_reviews_complete.csv,fr,0.0,True,contextual,434
new figure is truly worst.,1.0,Pranav Goswami,2025-09-20T04:26:28-07:00,25.0905.00,app_store_reviews_complete.csv,en,-0.4318181818181818,True,synonym,435
new design features unfortunately worst.,1.0,Pranav Goswami,2025-09-20T04:26:28-07:00,25.0905.00,app_store_reviews_complete.csv,en,-0.4318181818181818,True,contextual,435
Disappointed. new design is really worst. Very frustrated.,1.0,Pranav Goswami,2025-09-20T04:26:28-07:00,25.0905.00,app_store_reviews_complete.csv,en,-0.4318181818181818,True,template,435
new plan live really worst.,1.0,Pranav Goswami,2025-09-20T04:26:28-07:00,25.0905.00,app_store_reviews_complete.csv,en,-0.4318181818181818,True,synonym,435
new design is quite innovative.,1.0,Pranav Goswami,2025-09-20T04:26:28-07:00,25.0905.00,app_store_reviews_complete.csv,en,-0.4318181818181818,True,contextual,435
ashu,5.0,Payment by ashu,2025-09-20T03:14:16-07:00,25.0905.00,app_store_reviews_complete.csv,sq,0.0,True,synonym,436
•,5.0,Payment by ashu,2025-09-20T03:14:16-07:00,25.0905.00,app_store_reviews_complete.csv,sq,0.0,True,contextual,436
Highly recommend. ashu Five stars!,5.0,Payment by ashu,2025-09-20T03:14:16-07:00,25.0905.00,app_store_reviews_complete.csv,sq,0.0,True,template,436
ashu,5.0,Payment by ashu,2025-09-20T03:14:16-07:00,25.0905.00,app_store_reviews_complete.csv,sq,0.0,True,synonym,436
•,5.0,Payment by ashu,2025-09-20T03:14:16-07:00,25.0905.00,app_store_reviews_complete.csv,sq,0.0,True,contextual,436
supposed i ilke,5.0,Adhigowdraaa,2025-09-19T21:49:10-07:00,25.0905.00,app_store_reviews_complete.csv,hr,0.0,True,synonym,438
supposed to do,5.0,Adhigowdraaa,2025-09-19T21:49:10-07:00,25.0905.00,app_store_reviews_complete.csv,hr,0.0,True,contextual,438
Highly recommend. supposed i ilke Keep it up!,5.0,Adhigowdraaa,2025-09-19T21:49:10-07:00,25.0905.00,app_store_reviews_complete.csv,hr,0.0,True,template,438
supposed 1 ilke,5.0,Adhigowdraaa,2025-09-19T21:49:10-07:00,25.0905.00,app_store_reviews_complete.csv,hr,0.0,True,synonym,438
supposed unfair deserve,5.0,Adhigowdraaa,2025-09-19T21:49:10-07:00,25.0905.00,app_store_reviews_complete.csv,hr,0.0,True,contextual,438
overnice,5.0,Chiranjib Dash,2025-09-19T08:17:03-07:00,25.0905.00,app_store_reviews_complete.csv,pl,0.6,True,synonym,441
·,5.0,Chiranjib Dash,2025-09-19T08:17:03-07:00,25.0905.00,app_store_reviews_complete.csv,pl,0.6,True,contextual,441
Highly recommend. nice Best app ever.,5.0,Chiranjib Dash,2025-09-19T08:17:03-07:00,25.0905.00,app_store_reviews_complete.csv,pl,0.6,True,template,441
decent,5.0,Chiranjib Dash,2025-09-19T08:17:03-07:00,25.0905.00,app_store_reviews_complete.csv,pl,0.6,True,synonym,441
•,5.0,Chiranjib Dash,2025-09-19T08:17:03-07:00,25.0905.00,app_store_reviews_complete.csv,pl,0.6,True,contextual,441
good app,5.0,Nikhil1132,2025-11-02T22:57:53-07:00,25.1017.00,app_store_reviews_complete.csv,en,0.7,True,synonym,86
android app,5.0,Nikhil1132,2025-11-02T22:57:53-07:00,25.1017.00,app_store_reviews_complete.csv,en,0.7,True,contextual,86
Great experience. good app Best app ever.,5.0,Nikhil1132,2025-11-02T22:57:53-07:00,25.1017.00,app_store_reviews_complete.csv,en,0.7,True,template,86
good app,5.0,Nikhil1132,2025-11-02T22:57:53-07:00,25.1017.00,app_store_reviews_complete.csv,en,0.7,True,synonym,86
good world,5.0,Nikhil1132,2025-11-02T22:57:53-07:00,25.1017.00,app_store_reviews_complete.csv,en,0.7,True,contextual,86
honorable,5.0,Free cesh,2025-11-02T22:16:13-07:00,25.1017.00,app_store_reviews_complete.csv,so,0.7,True,synonym,87
14,5.0,Free cesh,2025-11-02T22:16:13-07:00,25.1017.00,app_store_reviews_complete.csv,so,0.7,True,contextual,87
Highly recommend. good Five stars!,5.0,Free cesh,2025-11-02T22:16:13-07:00,25.1017.00,app_store_reviews_complete.csv,so,0.7,True,template,87
unspoilt,5.0,Free cesh,2025-11-02T22:16:13-07:00,25.1017.00,app_store_reviews_complete.csv,so,0.7,True,synonym,87
2011,5.0,Free cesh,2025-11-02T22:16:13-07:00,25.1017.00,app_store_reviews_complete.csv,so,0.7,True,contextual,87
i want 15 version of telephone set pay and,1.0,ritktk,2025-11-02T20:27:20-07:00,25.1017.00,app_store_reviews_complete.csv,en,0.0,True,synonym,89
they want 15 feet of phone pay tv,1.0,ritktk,2025-11-02T20:27:20-07:00,25.1017.00,app_store_reviews_complete.csv,en,0.0,True,contextual,89
Waste of time. i want 15 version of phone pay and Needs improvement.,1.0,ritktk,2025-11-02T20:27:20-07:00,25.1017.00,app_store_reviews_complete.csv,en,0.0,True,template,89
iodin want 15 version of earpiece earnings nd,1.0,ritktk,2025-11-02T20:27:20-07:00,25.1017.00,app_store_reviews_complete.csv,en,0.0,True,synonym,89
2013 · 15 version of phone pay card,1.0,ritktk,2025-11-02T20:27:20-07:00,25.1017.00,app_store_reviews_complete.csv,en,0.0,True,contextual,89
decade out of 10,5.0,Chhupa rustum,2025-11-02T11:21:21-07:00,25.1017.00,app_store_reviews_complete.csv,en,0.0,True,synonym,90
10 mayors of 100,5.0,Chhupa rustum,2025-11-02T11:21:21-07:00,25.1017.00,app_store_reviews_complete.csv,en,0.0,True,contextual,90
Love this app! 10 out of 10 Best app ever.,5.0,Chhupa rustum,2025-11-02T11:21:21-07:00,25.1017.00,app_store_reviews_complete.csv,en,0.0,True,template,90
x out of 10,5.0,Chhupa rustum,2025-11-02T11:21:21-07:00,25.1017.00,app_store_reviews_complete.csv,en,0.0,True,synonym,90
10 out – 12,5.0,Chhupa rustum,2025-11-02T11:21:21-07:00,25.1017.00,app_store_reviews_complete.csv,en,0.0,True,contextual,90
motherchood app,1.0,Apu Phukan,2025-11-02T09:14:32-07:00,25.1017.00,app_store_reviews_complete.csv,en,0.0,True,synonym,91
honda factory,1.0,Apu Phukan,2025-11-02T09:14:32-07:00,25.1017.00,app_store_reviews_complete.csv,en,0.0,True,contextual,91
Terrible experience. motherchood app Needs improvement.,1.0,Apu Phukan,2025-11-02T09:14:32-07:00,25.1017.00,app_store_reviews_complete.csv,en,0.0,True,template,91
motherchood app,1.0,Apu Phukan,2025-11-02T09:14:32-07:00,25.1017.00,app_store_reviews_complete.csv,en,0.0,True,synonym,91
mars cafe,1.0,Apu Phukan,2025-11-02T09:14:32-07:00,25.1017.00,app_store_reviews_complete.csv,en,0.0,True,contextual,91
like,1.0,Guna goud,2025-11-02T08:41:03-07:00,25.1017.00,app_store_reviews_complete.csv,tl,0.0,True,synonym,92
·,1.0,Guna goud,2025-11-02T08:41:03-07:00,25.1017.00,app_store_reviews_complete.csv,tl,0.0,True,contextual,92
Waste of time. same Needs improvement.,1.0,Guna goud,2025-11-02T08:41:03-07:00,25.1017.00,app_store_reviews_complete.csv,tl,0.0,True,template,92
like,1.0,Guna goud,2025-11-02T08:41:03-07:00,25.1017.00,app_store_reviews_complete.csv,tl,0.0,True,synonym,92
°,1.0,Guna goud,2025-11-02T08:41:03-07:00,25.1017.00,app_store_reviews_complete.csv,tl,0.0,True,contextual,92
mast ap,5.0,Tasleem91,2025-09-22T00:32:46-07:00,25.0905.00,app_store_reviews_complete.csv,et,0.0,True,synonym,419
desktop app,5.0,Tasleem91,2025-09-22T00:32:46-07:00,25.0905.00,app_store_reviews_complete.csv,et,0.0,True,contextual,419
Great experience. mast app Five stars!,5.0,Tasleem91,2025-09-22T00:32:46-07:00,25.0905.00,app_store_reviews_complete.csv,et,0.0,True,template,419
mast app,5.0,Tasleem91,2025-09-22T00:32:46-07:00,25.0905.00,app_store_reviews_complete.csv,et,0.0,True,synonym,419
smartphone app,5.0,Tasleem91,2025-09-22T00:32:46-07:00,25.0905.00,app_store_reviews_complete.csv,et,0.0,True,contextual,419
sound,5.0,Its dhamo,2025-09-21T22:44:17-07:00,25.0905.00,app_store_reviews_complete.csv,so,0.7,True,synonym,420
103,5.0,Its dhamo,2025-09-21T22:44:17-07:00,25.0905.00,app_store_reviews_complete.csv,so,0.7,True,contextual,420
Amazing! good Best app ever.,5.0,Its dhamo,2025-09-21T22:44:17-07:00,25.0905.00,app_store_reviews_complete.csv,so,0.7,True,template,420
respectable,5.0,Its dhamo,2025-09-21T22:44:17-07:00,25.0905.00,app_store_reviews_complete.csv,so,0.7,True,synonym,420
13,5.0,Its dhamo,2025-09-21T22:44:17-07:00,25.0905.00,app_store_reviews_complete.csv,so,0.7,True,contextual,420
give alternative to make payments autopay operating theatre not,1.0,Worse 123,2025-09-21T21:33:43-07:00,25.0905.00,app_store_reviews_complete.csv,en,0.0,True,synonym,421
give choice — make it cash or not,1.0,Worse 123,2025-09-21T21:33:43-07:00,25.0905.00,app_store_reviews_complete.csv,en,0.0,True,contextual,421
Terrible experience. give choice to make payments autopay or not Needs improvement.,1.0,Worse 123,2025-09-21T21:33:43-07:00,25.0905.00,app_store_reviews_complete.csv,en,0.0,True,template,421
give selection to make payments autopay beaver state not,1.0,Worse 123,2025-09-21T21:33:43-07:00,25.0905.00,app_store_reviews_complete.csv,en,0.0,True,synonym,421
give these goods make payments autopay — not,1.0,Worse 123,2025-09-21T21:33:43-07:00,25.0905.00,app_store_reviews_complete.csv,en,0.0,True,contextual,421
near,5.0,Sampath Billi,2025-09-21T06:54:00-07:00,25.0905.00,app_store_reviews_complete.csv,so,0.7,True,synonym,422
source,5.0,Sampath Billi,2025-09-21T06:54:00-07:00,25.0905.00,app_store_reviews_complete.csv,so,0.7,True,contextual,422
Great experience. good Keep it up!,5.0,Sampath Billi,2025-09-21T06:54:00-07:00,25.0905.00,app_store_reviews_complete.csv,so,0.7,True,template,422
respectable,5.0,Sampath Billi,2025-09-21T06:54:00-07:00,25.0905.00,app_store_reviews_complete.csv,so,0.7,True,synonym,422
·,5.0,Sampath Billi,2025-09-21T06:54:00-07:00,25.0905.00,app_store_reviews_complete.csv,so,0.7,True,contextual,422
poise,5.0,its_ipreet_twest,2025-09-21T06:01:55-07:00,25.0905.00,app_store_reviews_complete.csv,it,0.35,True,synonym,423
॥,5.0,its_ipreet_twest,2025-09-21T06:01:55-07:00,25.0905.00,app_store_reviews_complete.csv,it,0.35,True,contextual,423
Great experience. cool Five stars!,5.0,its_ipreet_twest,2025-09-21T06:01:55-07:00,25.0905.00,app_store_reviews_complete.csv,it,0.35,True,template,423
sang froid,5.0,its_ipreet_twest,2025-09-21T06:01:55-07:00,25.0905.00,app_store_reviews_complete.csv,it,0.35,True,synonym,423
·,5.0,its_ipreet_twest,2025-09-21T06:01:55-07:00,25.0905.00,app_store_reviews_complete.csv,it,0.35,True,contextual,423
this app is friendly n fasting,5.0,Haresh S K,2025-09-20T20:02:36-07:00,25.0905.00,app_store_reviews_complete.csv,en,0.2875,True,synonym,429
this app is friday n day,5.0,Haresh S K,2025-09-20T20:02:36-07:00,25.0905.00,app_store_reviews_complete.csv,en,0.2875,True,contextual,429
Amazing! this app is friendly n fast Best app ever.,5.0,Haresh S K,2025-09-20T20:02:36-07:00,25.0905.00,app_store_reviews_complete.csv,en,0.2875,True,template,429
this app be friendly n fasting,5.0,Haresh S K,2025-09-20T20:02:36-07:00,25.0905.00,app_store_reviews_complete.csv,en,0.2875,True,synonym,429
current app is android n fast,5.0,Haresh S K,2025-09-20T20:02:36-07:00,25.0905.00,app_store_reviews_complete.csv,en,0.2875,True,contextual,429
well off transferral and secure,5.0,Niraj Kumar yadav,2025-09-20T19:37:15-07:00,25.0905.00,app_store_reviews_complete.csv,en,0.4166666666666667,True,synonym,430
• access and secure,5.0,Niraj Kumar yadav,2025-09-20T19:37:15-07:00,25.0905.00,app_store_reviews_complete.csv,en,0.4166666666666667,True,contextual,430
Love this app! easy transfer and secure Worth trying.,5.0,Niraj Kumar yadav,2025-09-20T19:37:15-07:00,25.0905.00,app_store_reviews_complete.csv,en,0.4166666666666667,True,template,430
prosperous conveyance and secure,5.0,Niraj Kumar yadav,2025-09-20T19:37:15-07:00,25.0905.00,app_store_reviews_complete.csv,en,0.4166666666666667,True,synonym,430
please download and secure,5.0,Niraj Kumar yadav,2025-09-20T19:37:15-07:00,25.0905.00,app_store_reviews_complete.csv,en,0.4166666666666667,True,contextual,430
it ' s but astonish,5.0,ritikasuneja,2025-09-20T05:58:16-07:00,25.0905.00,app_store_reviews_complete.csv,en,0.6000000000000001,True,synonym,432
foster ' s simply natural,5.0,ritikasuneja,2025-09-20T05:58:16-07:00,25.0905.00,app_store_reviews_complete.csv,en,0.6000000000000001,True,contextual,432
Highly recommend. it's simply amazing Best app ever.,5.0,ritikasuneja,2025-09-20T05:58:16-07:00,25.0905.00,app_store_reviews_complete.csv,en,0.6000000000000001,True,template,432
it ' s just astound,5.0,ritikasuneja,2025-09-20T05:58:16-07:00,25.0905.00,app_store_reviews_complete.csv,en,0.6000000000000001,True,synonym,432
it ' r simply impossible,5.0,ritikasuneja,2025-09-20T05:58:16-07:00,25.0905.00,app_store_reviews_complete.csv,en,0.6000000000000001,True,contextual,432
courteous,5.0,skumarsoni,2025-11-05T09:09:34-07:00,25.1017.05,app_store_reviews_complete.csv,pl,0.6,True,synonym,65
11,5.0,skumarsoni,2025-11-05T09:09:34-07:00,25.1017.05,app_store_reviews_complete.csv,pl,0.6,True,contextual,65
Love this app! nice Keep it up!,5.0,skumarsoni,2025-11-05T09:09:34-07:00,25.1017.05,app_store_reviews_complete.csv,pl,0.6,True,template,65
courteous,5.0,skumarsoni,2025-11-05T09:09:34-07:00,25.1017.05,app_store_reviews_complete.csv,pl,0.6,True,synonym,65
pdf,5.0,skumarsoni,2025-11-05T09:09:34-07:00,25.1017.05,app_store_reviews_complete.csv,pl,0.6,True,contextual,65
expert,5.0,Satish he,2025-11-05T07:26:38-07:00,25.1017.05,app_store_reviews_complete.csv,so,0.7,True,synonym,66
221,5.0,Satish he,2025-11-05T07:26:38-07:00,25.1017.05,app_store_reviews_complete.csv,so,0.7,True,contextual,66
Great experience. good Worth trying.,5.0,Satish he,2025-11-05T07:26:38-07:00,25.1017.05,app_store_reviews_complete.csv,so,0.7,True,template,66
in effect,5.0,Satish he,2025-11-05T07:26:38-07:00,25.1017.05,app_store_reviews_complete.csv,so,0.7,True,synonym,66
6,5.0,Satish he,2025-11-05T07:26:38-07:00,25.1017.05,app_store_reviews_complete.csv,so,0.7,True,contextual,66
best app,5.0,Mr baggu,2025-11-01T06:27:14-07:00,25.1017.00,app_store_reviews_complete.csv,fr,1.0,True,synonym,108
best paper,5.0,Mr baggu,2025-11-01T06:27:14-07:00,25.1017.00,app_store_reviews_complete.csv,fr,1.0,True,contextual,108
Highly recommend. best app Keep it up!,5.0,Mr baggu,2025-11-01T06:27:14-07:00,25.1017.00,app_store_reviews_complete.csv,fr,1.0,True,template,108
good app,5.0,Mr baggu,2025-11-01T06:27:14-07:00,25.1017.00,app_store_reviews_complete.csv,fr,1.0,True,synonym,108
best ensemble,5.0,Mr baggu,2025-11-01T06:27:14-07:00,25.1017.00,app_store_reviews_complete.csv,fr,1.0,True,contextual,108
real nice and beautiful,5.0,Dipak Singh13,2025-11-01T05:36:38-07:00,25.1017.00,app_store_reviews_complete.csv,en,0.815,True,synonym,109
... nice nd entertaining,5.0,Dipak Singh13,2025-11-01T05:36:38-07:00,25.1017.00,app_store_reviews_complete.csv,en,0.815,True,contextual,109
Amazing! very nice and beautiful Five stars!,5.0,Dipak Singh13,2025-11-01T05:36:38-07:00,25.1017.00,app_store_reviews_complete.csv,en,0.815,True,template,109
very nice and beautiful,5.0,Dipak Singh13,2025-11-01T05:36:38-07:00,25.1017.00,app_store_reviews_complete.csv,en,0.815,True,synonym,109
• smooth and beautiful,5.0,Dipak Singh13,2025-11-01T05:36:38-07:00,25.1017.00,app_store_reviews_complete.csv,en,0.815,True,contextual,109
best overhaul,5.0,Srisri76,2025-10-31T22:15:20-07:00,25.1017.00,app_store_reviews_complete.csv,en,1.0,True,synonym,112
best actor,5.0,Srisri76,2025-10-31T22:15:20-07:00,25.1017.00,app_store_reviews_complete.csv,en,1.0,True,contextual,112
Great experience. best service Best app ever.,5.0,Srisri76,2025-10-31T22:15:20-07:00,25.1017.00,app_store_reviews_complete.csv,en,1.0,True,template,112
best overhaul,5.0,Srisri76,2025-10-31T22:15:20-07:00,25.1017.00,app_store_reviews_complete.csv,en,1.0,True,synonym,112
best editing,5.0,Srisri76,2025-10-31T22:15:20-07:00,25.1017.00,app_store_reviews_complete.csv,en,1.0,True,contextual,112
very ripe app,5.0,Mana bank,2025-09-24T23:13:24-07:00,25.0905.00,app_store_reviews_complete.csv,en,0.91,True,synonym,401
very useful app,5.0,Mana bank,2025-09-24T23:13:24-07:00,25.0905.00,app_store_reviews_complete.csv,en,0.91,True,contextual,401
Highly recommend. very good app Best app ever.,5.0,Mana bank,2025-09-24T23:13:24-07:00,25.0905.00,app_store_reviews_complete.csv,en,0.91,True,template,401
really good app,5.0,Mana bank,2025-09-24T23:13:24-07:00,25.0905.00,app_store_reviews_complete.csv,en,0.91,True,synonym,401
very popular app,5.0,Mana bank,2025-09-24T23:13:24-07:00,25.0905.00,app_store_reviews_complete.csv,en,0.91,True,contextual,401
awing speedy transactions,5.0,Vineethvincentk,2025-09-24T18:15:00-07:00,25.0905.00,app_store_reviews_complete.csv,en,1.0,True,synonym,402
awesome poker transactions,5.0,Vineethvincentk,2025-09-24T18:15:00-07:00,25.0905.00,app_store_reviews_complete.csv,en,1.0,True,contextual,402
Highly recommend. awesome speedy transactions Worth trying.,5.0,Vineethvincentk,2025-09-24T18:15:00-07:00,25.0905.00,app_store_reviews_complete.csv,en,1.0,True,template,402
awesome speedy proceedings,5.0,Vineethvincentk,2025-09-24T18:15:00-07:00,25.0905.00,app_store_reviews_complete.csv,en,1.0,True,synonym,402
awesome poker transactions,5.0,Vineethvincentk,2025-09-24T18:15:00-07:00,25.0905.00,app_store_reviews_complete.csv,en,1.0,True,contextual,402
superintendent,5.0,Hungry star,2025-09-24T07:44:46-07:00,25.0905.00,app_store_reviews_complete.csv,ro,0.3333333333333333,True,synonym,403
62,5.0,Hungry star,2025-09-24T07:44:46-07:00,25.0905.00,app_store_reviews_complete.csv,ro,0.3333333333333333,True,contextual,403
Great experience. super Best ap ever.,5.0,Hungry star,2025-09-24T07:44:46-07:00,25.0905.00,app_store_reviews_complete.csv,ro,0.3333333333333333,True,template,403
superintendent,5.0,Hungry star,2025-09-24T07:44:46-07:00,25.0905.00,app_store_reviews_complete.csv,ro,0.3333333333333333,True,synonym,403
•,5.0,Hungry star,2025-09-24T07:44:46-07:00,25.0905.00,app_store_reviews_complete.csv,ro,0.3333333333333333,True,contextual,403
bhai,1.0,Vikku Perwal,2025-09-24T07:32:41-07:00,25.0905.00,app_store_reviews_complete.csv,cy,0.0,True,synonym,404
·,1.0,Vikku Perwal,2025-09-24T07:32:41-07:00,25.0905.00,app_store_reviews_complete.csv,cy,0.0,True,contextual,404
Disappointed. bhai Very frustrated.,1.0,Vikku Perwal,2025-09-24T07:32:41-07:00,25.0905.00,app_store_reviews_complete.csv,cy,0.0,True,template,404
bhai,1.0,Vikku Perwal,2025-09-24T07:32:41-07:00,25.0905.00,app_store_reviews_complete.csv,cy,0.0,True,synonym,404
•,1.0,Vikku Perwal,2025-09-24T07:32:41-07:00,25.0905.00,app_store_reviews_complete.csv,cy,0.0,True,contextual,404
best online application in world wide,5.0,Kashif khan 1,2025-09-23T21:22:11-07:00,25.0905.00,app_store_reviews_complete.csv,en,0.45,True,synonym,405
current online application site world wide,5.0,Kashif khan 1,2025-09-23T21:22:11-07:00,25.0905.00,app_store_reviews_complete.csv,en,0.45,True,contextual,405
Great experience. best online application in world wide Keep it up!,5.0,Kashif khan 1,2025-09-23T21:22:11-07:00,25.0905.00,app_store_reviews_complete.csv,en,0.45,True,template,405
best online practical application in world wide,5.0,Kashif khan 1,2025-09-23T21:22:11-07:00,25.0905.00,app_store_reviews_complete.csv,en,0.45,True,synonym,405
top online artist in world wide,5.0,Kashif khan 1,2025-09-23T21:22:11-07:00,25.0905.00,app_store_reviews_complete.csv,en,0.45,True,contextual,405
job solvent very good good service,5.0,j sain,2025-09-22T23:53:38-07:00,25.0905.00,app_store_reviews_complete.csv,en,0.8049999999999999,True,synonym,410
problem solution very awesome results,5.0,j sain,2025-09-22T23:53:38-07:00,25.0905.00,app_store_reviews_complete.csv,en,0.8049999999999999,True,contextual,410
Amazing! problem solution very good good service Keep it up!,5.0,j sain,2025-09-22T23:53:38-07:00,25.0905.00,app_store_reviews_complete.csv,en,0.8049999999999999,True,template,410
trouble solution very good good military service,5.0,j sain,2025-09-22T23:53:38-07:00,25.0905.00,app_store_reviews_complete.csv,en,0.8049999999999999,True,synonym,410
problem finds very good internet service,5.0,j sain,2025-09-22T23:53:38-07:00,25.0905.00,app_store_reviews_complete.csv,en,0.8049999999999999,True,contextual,410
expert,5.0,Phanindra Phanindra,2025-09-22T23:28:49-07:00,25.0905.00,app_store_reviews_complete.csv,so,0.7,True,synonym,412
references,5.0,Phanindra Phanindra,2025-09-22T23:28:49-07:00,25.0905.00,app_store_reviews_complete.csv,so,0.7,True,contextual,412
Amazing! good Worth trying.,5.0,Phanindra Phanindra,2025-09-22T23:28:49-07:00,25.0905.00,app_store_reviews_complete.csv,so,0.7,True,template,412
just,5.0,Phanindra Phanindra,2025-09-22T23:28:49-07:00,25.0905.00,app_store_reviews_complete.csv,so,0.7,True,synonym,412
51,5.0,Phanindra Phanindra,2025-09-22T23:28:49-07:00,25.0905.00,app_store_reviews_complete.csv,so,0.7,True,contextual,412
thank you sound pe and squad,5.0,Khan Sahab 07,2025-09-22T22:30:36-07:00,25.0905.00,app_store_reviews_complete.csv,en,0.0,True,synonym,413
thank you byu pe soccer team,5.0,Khan Sahab 07,2025-09-22T22:30:36-07:00,25.0905.00,app_store_reviews_complete.csv,en,0.0,True,contextual,413
Great experience. thank you phone pe and team Five stars!,5.0,Khan Sahab 07,2025-09-22T22:30:36-07:00,25.0905.00,app_store_reviews_complete.csv,en,0.0,True,template,413
thank you headphone pe and squad,5.0,Khan Sahab 07,2025-09-22T22:30:36-07:00,25.0905.00,app_store_reviews_complete.csv,en,0.0,True,synonym,413
thank you mr pe and...,5.0,Khan Sahab 07,2025-09-22T22:30:36-07:00,25.0905.00,app_store_reviews_complete.csv,en,0.0,True,contextual,413
full,5.0,alipookodan,2025-09-22T22:29:45-07:00,25.0905.00,app_store_reviews_complete.csv,so,0.7,True,synonym,414
211,5.0,alipookodan,2025-09-22T22:29:45-07:00,25.0905.00,app_store_reviews_complete.csv,so,0.7,True,contextual,414
Highly recommend. good Best app ever.,5.0,alipookodan,2025-09-22T22:29:45-07:00,25.0905.00,app_store_reviews_complete.csv,so,0.7,True,template,414
in force,5.0,alipookodan,2025-09-22T22:29:45-07:00,25.0905.00,app_store_reviews_complete.csv,so,0.7,True,synonym,414
♦,5.0,alipookodan,2025-09-22T22:29:45-07:00,25.0905.00,app_store_reviews_complete.csv,so,0.7,True,contextual,414
with child,5.0,Great review rocks,2025-09-22T13:11:50-07:00,25.0905.00,app_store_reviews_complete.csv,ro,0.8,True,synonym,415
49,5.0,Great review rocks,2025-09-22T13:11:50-07:00,25.0905.00,app_store_reviews_complete.csv,ro,0.8,True,contextual,415
Great experience. great Best app ever.,5.0,Great review rocks,2025-09-22T13:11:50-07:00,25.0905.00,app_store_reviews_complete.csv,ro,0.8,True,template,415
slap up,5.0,Great review rocks,2025-09-22T13:11:50-07:00,25.0905.00,app_store_reviews_complete.csv,ro,0.8,True,synonym,415
•,5.0,Great review rocks,2025-09-22T13:11:50-07:00,25.0905.00,app_store_reviews_complete.csv,ro,0.8,True,contextual,415
no johnny cash back. no immediate payment backwards,1.0,Vicky kadva,2025-11-03T20:33:16-07:00,25.1017.00,app_store_reviews_complete.csv,en,0.0,True,synonym,81
not turn back. nope cash back,1.0,Vicky kadva,2025-11-03T20:33:16-07:00,25.1017.00,app_store_reviews_complete.csv,en,0.0,True,contextual,81
Disappointed. no cash back. no cash back Very frustrated.,1.0,Vicky kadva,2025-11-03T20:33:16-07:00,25.1017.00,app_store_reviews_complete.csv,en,0.0,True,template,81
no john cash rearwards. no hard currency back,1.0,Vicky kadva,2025-11-03T20:33:16-07:00,25.1017.00,app_store_reviews_complete.csv,en,0.0,True,synonym,81
insufficient cash advance. no cash forward,1.0,Vicky kadva,2025-11-03T20:33:16-07:00,25.1017.00,app_store_reviews_complete.csv,en,0.0,True,contextual,81
"today i face job with p. pay, i didn ' t work",1.0,Ravi ramaraj,2025-11-03T06:45:45-07:00,25.1017.00,app_store_reviews_complete.csv,en,0.0,True,synonym,83
"today best plan for finding p. pay, i won ' t work",1.0,Ravi ramaraj,2025-11-03T06:45:45-07:00,25.1017.00,app_store_reviews_complete.csv,en,0.0,True,contextual,83
"Waste of time. today i faced problem with p.pay , i didn't work Very frustrated.",1.0,Ravi ramaraj,2025-11-03T06:45:45-07:00,25.1017.00,app_store_reviews_complete.csv,en,0.0,True,template,83
"today i faced trouble with atomic number 15. pay, 1 didn ' t work",1.0,Ravi ramaraj,2025-11-03T06:45:45-07:00,25.1017.00,app_store_reviews_complete.csv,en,0.0,True,synonym,83
"today karen faced problem on m. 15, i didn ' t ask",1.0,Ravi ramaraj,2025-11-03T06:45:45-07:00,25.1017.00,app_store_reviews_complete.csv,en,0.0,True,contextual,83
gracious,5.0,Sangyabhau,2025-11-03T01:22:09-07:00,25.1017.00,app_store_reviews_complete.csv,pl,0.6,True,synonym,85
51,5.0,Sangyabhau,2025-11-03T01:22:09-07:00,25.1017.00,app_store_reviews_complete.csv,pl,0.6,True,contextual,85
Great experience. nice Worth trying.,5.0,Sangyabhau,2025-11-03T01:22:09-07:00,25.1017.00,app_store_reviews_complete.csv,pl,0.6,True,template,85
courteous,5.0,Sangyabhau,2025-11-03T01:22:09-07:00,25.1017.00,app_store_reviews_complete.csv,pl,0.6,True,synonym,85
00,5.0,Sangyabhau,2025-11-03T01:22:09-07:00,25.1017.00,app_store_reviews_complete.csv,pl,0.6,True,contextual,85
rattling good,5.0,Joshibhasker,2025-10-31T06:22:38-07:00,25.1017.00,app_store_reviews_complete.csv,af,0.91,True,synonym,115
very fast,5.0,Joshibhasker,2025-10-31T06:22:38-07:00,25.1017.00,app_store_reviews_complete.csv,af,0.91,True,contextual,115
Highly recommend. very good Worth trying.,5.0,Joshibhasker,2025-10-31T06:22:38-07:00,25.1017.00,app_store_reviews_complete.csv,af,0.91,True,template,115
very beneficial,5.0,Joshibhasker,2025-10-31T06:22:38-07:00,25.1017.00,app_store_reviews_complete.csv,af,0.91,True,synonym,115
very fast,5.0,Joshibhasker,2025-10-31T06:22:38-07:00,25.1017.00,app_store_reviews_complete.csv,af,0.91,True,contextual,115
5 principal,5.0,Dilshad karim Raja,2025-10-30T20:40:04-07:00,25.1017.00,app_store_reviews_complete.csv,sv,0.0,True,synonym,117
blue star,5.0,Dilshad karim Raja,2025-10-30T20:40:04-07:00,25.1017.00,app_store_reviews_complete.csv,sv,0.0,True,contextual,117
Highly recommend. 5 star Best app ever.,5.0,Dilshad karim Raja,2025-10-30T20:40:04-07:00,25.1017.00,app_store_reviews_complete.csv,sv,0.0,True,template,117
5 wiz,5.0,Dilshad karim Raja,2025-10-30T20:40:04-07:00,25.1017.00,app_store_reviews_complete.csv,sv,0.0,True,synonym,117
golden star,5.0,Dilshad karim Raja,2025-10-30T20:40:04-07:00,25.1017.00,app_store_reviews_complete.csv,sv,0.0,True,contextual,117
excellent,5.0,Babushabhav,2025-10-30T19:22:15-07:00,25.1017.00,app_store_reviews_complete.csv,ca,1.0,True,synonym,118
104,5.0,Babushabhav,2025-10-30T19:22:15-07:00,25.1017.00,app_store_reviews_complete.csv,ca,1.0,True,contextual,118
Great experience. excellent Worth trying.,5.0,Babushabhav,2025-10-30T19:22:15-07:00,25.1017.00,app_store_reviews_complete.csv,ca,1.0,True,template,118
excellent,5.0,Babushabhav,2025-10-30T19:22:15-07:00,25.1017.00,app_store_reviews_complete.csv,ca,1.0,True,synonym,118
14,5.0,Babushabhav,2025-10-30T19:22:15-07:00,25.1017.00,app_store_reviews_complete.csv,ca,1.0,True,contextual,118
goooooooood,5.0,salmankhanx09,2025-10-30T18:07:13-07:00,25.1017.00,app_store_reviews_complete.csv,so,0.0,True,synonym,119
41,5.0,salmankhanx09,2025-10-30T18:07:13-07:00,25.1017.00,app_store_reviews_complete.csv,so,0.0,True,contextual,119
Love this app! goooooooood Worth trying.,5.0,salmankhanx09,2025-10-30T18:07:13-07:00,25.1017.00,app_store_reviews_complete.csv,so,0.0,True,template,119
goooooooood,5.0,salmankhanx09,2025-10-30T18:07:13-07:00,25.1017.00,app_store_reviews_complete.csv,so,0.0,True,synonym,119
•,5.0,salmankhanx09,2025-10-30T18:07:13-07:00,25.1017.00,app_store_reviews_complete.csv,so,0.0,True,contextual,119
receive payment non show in full projection screen,5.0,Mangilal Bhaderwal,2025-10-30T11:26:06-07:00,25.1017.00,app_store_reviews_complete.csv,en,0.35,True,synonym,120
received payment not exceeding background bold screen,5.0,Mangilal Bhaderwal,2025-10-30T11:26:06-07:00,25.1017.00,app_store_reviews_complete.csv,en,0.35,True,contextual,120
Love this app! received payment not show in full screen Best app ever.,5.0,Mangilal Bhaderwal,2025-10-30T11:26:06-07:00,25.1017.00,app_store_reviews_complete.csv,en,0.35,True,template,120
received payment non read in full cover,5.0,Mangilal Bhaderwal,2025-10-30T11:26:06-07:00,25.1017.00,app_store_reviews_complete.csv,en,0.35,True,synonym,120
received credits not available in video screen,5.0,Mangilal Bhaderwal,2025-10-30T11:26:06-07:00,25.1017.00,app_store_reviews_complete.csv,en,0.35,True,contextual,120
my phone is not act upon,1.0,Kirak@143,2025-10-30T07:00:29-07:00,25.1017.00,app_store_reviews_complete.csv,en,0.0,True,synonym,121
my skirt is not attached,1.0,Kirak@143,2025-10-30T07:00:29-07:00,25.1017.00,app_store_reviews_complete.csv,en,0.0,True,contextual,121
Disappointed. my phone isnt working Needs improvement.,1.0,Kirak@143,2025-10-30T07:00:29-07:00,25.1017.00,app_store_reviews_complete.csv,en,0.0,True,template,121
my speech sound is not working,1.0,Kirak@143,2025-10-30T07:00:29-07:00,25.1017.00,app_store_reviews_complete.csv,en,0.0,True,synonym,121
my band is starting working,1.0,Kirak@143,2025-10-30T07:00:29-07:00,25.1017.00,app_store_reviews_complete.csv,en,0.0,True,contextual,121
superintendent,5.0,Bhagya ram,2025-10-30T05:54:02-07:00,25.1017.00,app_store_reviews_complete.csv,ro,0.3333333333333333,True,synonym,122
41,5.0,Bhagya ram,2025-10-30T05:54:02-07:00,25.1017.00,app_store_reviews_complete.csv,ro,0.3333333333333333,True,contextual,122
Amazing! super Worth trying.,5.0,Bhagya ram,2025-10-30T05:54:02-07:00,25.1017.00,app_store_reviews_complete.csv,ro,0.3333333333333333,True,template,122
superintendent,5.0,Bhagya ram,2025-10-30T05:54:02-07:00,25.1017.00,app_store_reviews_complete.csv,ro,0.3333333333333333,True,synonym,122
·,5.0,Bhagya ram,2025-10-30T05:54:02-07:00,25.1017.00,app_store_reviews_complete.csv,ro,0.3333333333333333,True,contextual,122
thank you my condition,5.0,Rohit_101010,2025-10-29T23:35:57-07:00,25.1003.06,app_store_reviews_complete.csv,en,0.0,True,synonym,125
thank you our god,5.0,Rohit_101010,2025-10-29T23:35:57-07:00,25.1003.06,app_store_reviews_complete.csv,en,0.0,True,contextual,125
Love this app! thank you my condition Five stars!,5.0,Rohit_101010,2025-10-29T23:35:57-07:00,25.1003.06,app_store_reviews_complete.csv,en,0.0,True,template,125
thank you my shape,5.0,Rohit_101010,2025-10-29T23:35:57-07:00,25.1003.06,app_store_reviews_complete.csv,en,0.0,True,synonym,125
thank ye upon condition,5.0,Rohit_101010,2025-10-29T23:35:57-07:00,25.1003.06,app_store_reviews_complete.csv,en,0.0,True,contextual,125
really reliable app for pay,5.0,Narinder pannu,2025-10-29T22:06:04-07:00,25.1003.06,app_store_reviews_complete.csv,en,0.2,True,synonym,126
very reliable connections for mobile,5.0,Narinder pannu,2025-10-29T22:06:04-07:00,25.1003.06,app_store_reviews_complete.csv,en,0.2,True,contextual,126
Great experience. very reliable app for pay Keep it up!,5.0,Narinder pannu,2025-10-29T22:06:04-07:00,25.1003.06,app_store_reviews_complete.csv,en,0.2,True,template,126
really reliable app for pay,5.0,Narinder pannu,2025-10-29T22:06:04-07:00,25.1003.06,app_store_reviews_complete.csv,en,0.2,True,synonym,126
blackberry reliable app for nokia,5.0,Narinder pannu,2025-10-29T22:06:04-07:00,25.1003.06,app_store_reviews_complete.csv,en,0.2,True,contextual,126
it just pose at every step without any advance,1.0,Hoks855,2025-11-02T05:46:09-07:00,25.1017.00,app_store_reviews_complete.csv,en,0.0,True,synonym,97
it continually moves at every step without further progress,1.0,Hoks855,2025-11-02T05:46:09-07:00,25.1017.00,app_store_reviews_complete.csv,en,0.0,True,contextual,97
Not recommended. it just stuck at every step without any progress Won't use again.,1.0,Hoks855,2025-11-02T05:46:09-07:00,25.1017.00,app_store_reviews_complete.csv,en,0.0,True,template,97
information technology just stuck at every pace without any progress,1.0,Hoks855,2025-11-02T05:46:09-07:00,25.1017.00,app_store_reviews_complete.csv,en,0.0,True,synonym,97
it constantly stuck through every step making any progress,1.0,Hoks855,2025-11-02T05:46:09-07:00,25.1017.00,app_store_reviews_complete.csv,en,0.0,True,contextual,97
not wirking,1.0,MiyaBhaiMosn,2025-11-02T02:14:05-07:00,25.0613.05,app_store_reviews_complete.csv,af,0.0,True,synonym,99
where found,1.0,MiyaBhaiMosn,2025-11-02T02:14:05-07:00,25.0613.05,app_store_reviews_complete.csv,af,0.0,True,contextual,99
Waste of time. not wirking Needs improvement.,1.0,MiyaBhaiMosn,2025-11-02T02:14:05-07:00,25.0613.05,app_store_reviews_complete.csv,af,0.0,True,template,99
non wirking,1.0,MiyaBhaiMosn,2025-11-02T02:14:05-07:00,25.0613.05,app_store_reviews_complete.csv,af,0.0,True,synonym,99
confessed guilty,1.0,MiyaBhaiMosn,2025-11-02T02:14:05-07:00,25.0613.05,app_store_reviews_complete.csv,af,0.0,True,contextual,99
full,5.0,Jayendra j joshi,2025-11-02T01:43:12-07:00,25.1017.00,app_store_reviews_complete.csv,so,0.7,True,synonym,100
117,5.0,Jayendra j joshi,2025-11-02T01:43:12-07:00,25.1017.00,app_store_reviews_complete.csv,so,0.7,True,contextual,100
Highly recommend. good Keep it up!,5.0,Jayendra j joshi,2025-11-02T01:43:12-07:00,25.1017.00,app_store_reviews_complete.csv,so,0.7,True,template,100
salutary,5.0,Jayendra j joshi,2025-11-02T01:43:12-07:00,25.1017.00,app_store_reviews_complete.csv,so,0.7,True,synonym,100
[UNK],5.0,Jayendra j joshi,2025-11-02T01:43:12-07:00,25.1017.00,app_store_reviews_complete.csv,so,0.7,True,contextual,100
gracious,5.0,12shi13,2025-11-02T00:45:39-07:00,25.1017.00,app_store_reviews_complete.csv,pl,0.6,True,synonym,101
pdf,5.0,12shi13,2025-11-02T00:45:39-07:00,25.1017.00,app_store_reviews_complete.csv,pl,0.6,True,contextual,101
Highly recommend. nice Five stars!,5.0,12shi13,2025-11-02T00:45:39-07:00,25.1017.00,app_store_reviews_complete.csv,pl,0.6,True,template,101
overnice,5.0,12shi13,2025-11-02T00:45:39-07:00,25.1017.00,app_store_reviews_complete.csv,pl,0.6,True,synonym,101
notes,5.0,12shi13,2025-11-02T00:45:39-07:00,25.1017.00,app_store_reviews_complete.csv,pl,0.6,True,contextual,101
splendid service,5.0,BSvas,2025-11-01T20:10:17-07:00,25.1017.00,app_store_reviews_complete.csv,fr,1.0,True,synonym,105
excellent education,5.0,BSvas,2025-11-01T20:10:17-07:00,25.1017.00,app_store_reviews_complete.csv,fr,1.0,True,contextual,105
Amazing! excellent service Five stars!,5.0,BSvas,2025-11-01T20:10:17-07:00,25.1017.00,app_store_reviews_complete.csv,fr,1.0,True,template,105
splendid service,5.0,BSvas,2025-11-01T20:10:17-07:00,25.1017.00,app_store_reviews_complete.csv,fr,1.0,True,synonym,105
postal service,5.0,BSvas,2025-11-01T20:10:17-07:00,25.1017.00,app_store_reviews_complete.csv,fr,1.0,True,contextual,105
no john cash back getting in phonepe,1.0,Jashwan26ddhjj,2025-11-01T18:46:09-07:00,25.1017.00,app_store_reviews_complete.csv,en,0.0,True,synonym,106
no way back getting him there,1.0,Jashwan26ddhjj,2025-11-01T18:46:09-07:00,25.1017.00,app_store_reviews_complete.csv,en,0.0,True,contextual,106
Terrible experience. no cash back getting in phonepe Needs improvement.,1.0,Jashwan26ddhjj,2025-11-01T18:46:09-07:00,25.1017.00,app_store_reviews_complete.csv,en,0.0,True,template,106
no cash back getting in phonepe,1.0,Jashwan26ddhjj,2025-11-01T18:46:09-07:00,25.1017.00,app_store_reviews_complete.csv,en,0.0,True,synonym,106
no tears back here in you,1.0,Jashwan26ddhjj,2025-11-01T18:46:09-07:00,25.1017.00,app_store_reviews_complete.csv,en,0.0,True,contextual,106
i utilise this app incessantly. i ne'er usance cash.,5.0,Dikshya Dutta,2025-11-01T07:55:26-07:00,25.1017.00,app_store_reviews_complete.csv,en,0.0,True,synonym,107
i consume twitter app exclusively. i never use facebook.,5.0,Dikshya Dutta,2025-11-01T07:55:26-07:00,25.1017.00,app_store_reviews_complete.csv,en,0.0,True,contextual,107
Great experience. i use this app always. i never use cash. Five stars!,5.0,Dikshya Dutta,2025-11-01T07:55:26-07:00,25.1017.00,app_store_reviews_complete.csv,en,0.0,True,template,107
iodin use this app always. i ne'er purpose immediate payment.,5.0,Dikshya Dutta,2025-11-01T07:55:26-07:00,25.1017.00,app_store_reviews_complete.csv,en,0.0,True,synonym,107
girls use dumb cash always. they never use cash.,5.0,Dikshya Dutta,2025-11-01T07:55:26-07:00,25.1017.00,app_store_reviews_complete.csv,en,0.0,True,contextual,107
excellent,5.0,Skhuseini,2025-10-28T02:26:24-07:00,25.1003.06,app_store_reviews_complete.csv,ca,1.0,True,synonym,138
57,5.0,Skhuseini,2025-10-28T02:26:24-07:00,25.1003.06,app_store_reviews_complete.csv,ca,1.0,True,contextual,138
Great experience. excellent Keep it up!,5.0,Skhuseini,2025-10-28T02:26:24-07:00,25.1003.06,app_store_reviews_complete.csv,ca,1.0,True,template,138
excellent,5.0,Skhuseini,2025-10-28T02:26:24-07:00,25.1003.06,app_store_reviews_complete.csv,ca,1.0,True,synonym,138
54,5.0,Skhuseini,2025-10-28T02:26:24-07:00,25.1003.06,app_store_reviews_complete.csv,ca,1.0,True,contextual,138
service is god,5.0,Sweetyog,2025-10-28T01:56:27-07:00,25.1003.06,app_store_reviews_complete.csv,en,0.0,True,synonym,139
service is included,5.0,Sweetyog,2025-10-28T01:56:27-07:00,25.1003.06,app_store_reviews_complete.csv,en,0.0,True,contextual,139
Love this app! service is god Best ap ever.,5.0,Sweetyog,2025-10-28T01:56:27-07:00,25.1003.06,app_store_reviews_complete.csv,en,0.0,True,template,139
divine service is god,5.0,Sweetyog,2025-10-28T01:56:27-07:00,25.1003.06,app_store_reviews_complete.csv,en,0.0,True,synonym,139
service is seasonal,5.0,Sweetyog,2025-10-28T01:56:27-07:00,25.1003.06,app_store_reviews_complete.csv,en,0.0,True,contextual,139
from india to world we are laps and spring ahead,5.0,Dhirukhan,2025-10-27T21:31:06-07:00,25.1003.06,app_store_reviews_complete.csv,en,0.0,True,synonym,140
from india to madagascar we are laps unto bound here,5.0,Dhirukhan,2025-10-27T21:31:06-07:00,25.1003.06,app_store_reviews_complete.csv,en,0.0,True,contextual,140
Love this app! from india to world we are laps nd bound ahead Keep it up!,5.0,Dhirukhan,2025-10-27T21:31:06-07:00,25.1003.06,app_store_reviews_complete.csv,en,0.0,True,template,140
from india to world we are laps and bound beforehand,5.0,Dhirukhan,2025-10-27T21:31:06-07:00,25.1003.06,app_store_reviews_complete.csv,en,0.0,True,synonym,140
from india only world records are laps and gone ahead,5.0,Dhirukhan,2025-10-27T21:31:06-07:00,25.1003.06,app_store_reviews_complete.csv,en,0.0,True,contextual,140
5star charles frederick worth,5.0,Mohan rupa,2025-10-27T20:33:47-07:00,25.1003.06,app_store_reviews_complete.csv,en,0.3,True,synonym,143
5star fm,5.0,Mohan rupa,2025-10-27T20:33:47-07:00,25.1003.06,app_store_reviews_complete.csv,en,0.3,True,contextual,143
Love this app! 5star worth Best app ever.,5.0,Mohan rupa,2025-10-27T20:33:47-07:00,25.1003.06,app_store_reviews_complete.csv,en,0.3,True,template,143
5star charles frederick worth,5.0,Mohan rupa,2025-10-27T20:33:47-07:00,25.1003.06,app_store_reviews_complete.csv,en,0.3,True,synonym,143
tom worth,5.0,Mohan rupa,2025-10-27T20:33:47-07:00,25.1003.06,app_store_reviews_complete.csv,en,0.3,True,contextual,143
sound pe non giving any cashbacks,1.0,Shekar12@0609,2025-10-27T10:56:35-07:00,25.1003.06,app_store_reviews_complete.csv,en,0.0,True,synonym,144
phone pe not writing complete texts,1.0,Shekar12@0609,2025-10-27T10:56:35-07:00,25.1003.06,app_store_reviews_complete.csv,en,0.0,True,contextual,144
Not recommended. phone pe not giving any cashbacks Fix this ASAP!,1.0,Shekar12@0609,2025-10-27T10:56:35-07:00,25.1003.06,app_store_reviews_complete.csv,en,0.0,True,template,144
earphone pe not giving any cashbacks,1.0,Shekar12@0609,2025-10-27T10:56:35-07:00,25.1003.06,app_store_reviews_complete.csv,en,0.0,True,synonym,144
telephone number bills giving any cashbacks,1.0,Shekar12@0609,2025-10-27T10:56:35-07:00,25.1003.06,app_store_reviews_complete.csv,en,0.0,True,contextual,144
"good app for transaction, unity using since 2018.",5.0,Bhusshann,2025-09-25T23:15:31-07:00,25.0905.05,app_store_reviews_complete.csv,en,0.7,True,synonym,388
"current news for twitter, i using since 2018.",5.0,Bhusshann,2025-09-25T23:15:31-07:00,25.0905.05,app_store_reviews_complete.csv,en,0.7,True,contextual,388
"Highly recommend. good app for transaction, i using since 2018 . Best app ever.",5.0,Bhusshann,2025-09-25T23:15:31-07:00,25.0905.05,app_store_reviews_complete.csv,en,0.7,True,template,388
"good app for transaction, i using since 2018.",5.0,Bhusshann,2025-09-25T23:15:31-07:00,25.0905.05,app_store_reviews_complete.csv,en,0.7,True,synonym,388
"good app ios today, i purchased since 2018.",5.0,Bhusshann,2025-09-25T23:15:31-07:00,25.0905.05,app_store_reviews_complete.csv,en,0.7,True,contextual,388
sound,5.0,Sunil sethy,2025-09-25T23:08:31-07:00,25.0905.05,app_store_reviews_complete.csv,so,0.7,True,synonym,389
41,5.0,Sunil sethy,2025-09-25T23:08:31-07:00,25.0905.05,app_store_reviews_complete.csv,so,0.7,True,contextual,389
Highly recommend. good Best app ever.,5.0,Sunil sethy,2025-09-25T23:08:31-07:00,25.0905.05,app_store_reviews_complete.csv,so,0.7,True,template,389
unspoilt,5.0,Sunil sethy,2025-09-25T23:08:31-07:00,25.0905.05,app_store_reviews_complete.csv,so,0.7,True,synonym,389
notes,5.0,Sunil sethy,2025-09-25T23:08:31-07:00,25.0905.05,app_store_reviews_complete.csv,so,0.7,True,contextual,389
rent defrayal remove,1.0,sabir 007,2025-09-25T09:45:41-07:00,25.0905.05,app_store_reviews_complete.csv,fr,0.0,True,synonym,392
lower payment remove,1.0,sabir 007,2025-09-25T09:45:41-07:00,25.0905.05,app_store_reviews_complete.csv,fr,0.0,True,contextual,392
Terrible experience. rent payment remove Very frustrated.,1.0,sabir 007,2025-09-25T09:45:41-07:00,25.0905.05,app_store_reviews_complete.csv,fr,0.0,True,template,392
rent defrayal remove,1.0,sabir 007,2025-09-25T09:45:41-07:00,25.0905.05,app_store_reviews_complete.csv,fr,0.0,True,synonym,392
optional payment remove,1.0,sabir 007,2025-09-25T09:45:41-07:00,25.0905.05,app_store_reviews_complete.csv,fr,0.0,True,contextual,392
ace always practice this app,5.0,Shergill8822,2025-09-25T09:35:15-07:00,25.0905.05,app_store_reviews_complete.csv,en,0.0,True,synonym,393
we always use an app,5.0,Shergill8822,2025-09-25T09:35:15-07:00,25.0905.05,app_store_reviews_complete.csv,en,0.0,True,contextual,393
Love this app! i always use this app Worth trying.,5.0,Shergill8822,2025-09-25T09:35:15-07:00,25.0905.05,app_store_reviews_complete.csv,en,0.0,True,template,393
i constantly use this app,5.0,Shergill8822,2025-09-25T09:35:15-07:00,25.0905.05,app_store_reviews_complete.csv,en,0.0,True,synonym,393
we always had this app,5.0,Shergill8822,2025-09-25T09:35:15-07:00,25.0905.05,app_store_reviews_complete.csv,en,0.0,True,contextual,393
really good,5.0,Richungactg,2025-09-25T08:43:55-07:00,25.0905.05,app_store_reviews_complete.csv,af,0.91,True,synonym,394
all good,5.0,Richungactg,2025-09-25T08:43:55-07:00,25.0905.05,app_store_reviews_complete.csv,af,0.91,True,contextual,394
Highly recommend. very good Worth trying.,5.0,Richungactg,2025-09-25T08:43:55-07:00,25.0905.05,app_store_reviews_complete.csv,af,0.91,True,template,394
real good,5.0,Richungactg,2025-09-25T08:43:55-07:00,25.0905.05,app_store_reviews_complete.csv,af,0.91,True,synonym,394
sound good,5.0,Richungactg,2025-09-25T08:43:55-07:00,25.0905.05,app_store_reviews_complete.csv,af,0.91,True,contextual,394
5 rupes supererogatory on a transaction,1.0,Deepaklmd,2025-09-25T07:20:52-07:00,25.0905.05,app_store_reviews_complete.csv,fr,0.0,True,synonym,396
5 rupes that cost all transaction,1.0,Deepaklmd,2025-09-25T07:20:52-07:00,25.0905.05,app_store_reviews_complete.csv,fr,0.0,True,contextual,396
Waste of time. 5 rupes extra on a transaction Fix this ASAP!,1.0,Deepaklmd,2025-09-25T07:20:52-07:00,25.0905.05,app_store_reviews_complete.csv,fr,0.0,True,template,396
5 rupes extra on a dealing,1.0,Deepaklmd,2025-09-25T07:20:52-07:00,25.0905.05,app_store_reviews_complete.csv,fr,0.0,True,synonym,396
5 games played on a row,1.0,Deepaklmd,2025-09-25T07:20:52-07:00,25.0905.05,app_store_reviews_complete.csv,fr,0.0,True,contextual,396
non supporting,1.0,10220202,2025-09-25T04:59:48-07:00,25.0905.00,app_store_reviews_complete.csv,it,-0.125,True,synonym,397
not uncommon,1.0,10220202,2025-09-25T04:59:48-07:00,25.0905.00,app_store_reviews_complete.csv,it,-0.125,True,contextual,397
Waste of time. not supporting Very frustrated.,1.0,10220202,2025-09-25T04:59:48-07:00,25.0905.00,app_store_reviews_complete.csv,it,-0.125,True,template,397
non supporting,1.0,10220202,2025-09-25T04:59:48-07:00,25.0905.00,app_store_reviews_complete.csv,it,-0.125,True,synonym,397
• supporting,1.0,10220202,2025-09-25T04:59:48-07:00,25.0905.00,app_store_reviews_complete.csv,it,-0.125,True,contextual,397
just service i really corresponding information technology thank you,5.0,Ready bby,2025-09-25T00:39:29-07:00,25.0905.00,app_store_reviews_complete.csv,en,0.4499999999999999,True,synonym,399
good service i really wish you thank gods,5.0,Ready bby,2025-09-25T00:39:29-07:00,25.0905.00,app_store_reviews_complete.csv,en,0.4499999999999999,True,contextual,399
Love this app! good service i really like it thank you Worth trying.,5.0,Ready bby,2025-09-25T00:39:29-07:00,25.0905.00,app_store_reviews_complete.csv,en,0.4499999999999999,True,template,399
good service i truly like it give thanks you,5.0,Ready bby,2025-09-25T00:39:29-07:00,25.0905.00,app_store_reviews_complete.csv,en,0.4499999999999999,True,synonym,399
good service you can like it call you,5.0,Ready bby,2025-09-25T00:39:29-07:00,25.0905.00,app_store_reviews_complete.csv,en,0.4499999999999999,True,contextual,399
owing,5.0,Tinkykanju,2025-10-31T21:18:31-07:00,25.1017.00,app_store_reviews_complete.csv,af,0.5,True,synonym,113
4,5.0,Tinkykanju,2025-10-31T21:18:31-07:00,25.1017.00,app_store_reviews_complete.csv,af,0.5,True,contextual,113
Great experience. outstanding Five stars!,5.0,Tinkykanju,2025-10-31T21:18:31-07:00,25.1017.00,app_store_reviews_complete.csv,af,0.5,True,template,113
salient,5.0,Tinkykanju,2025-10-31T21:18:31-07:00,25.1017.00,app_store_reviews_complete.csv,af,0.5,True,synonym,113
117,5.0,Tinkykanju,2025-10-31T21:18:31-07:00,25.1017.00,app_store_reviews_complete.csv,af,0.5,True,contextual,113
hi team app not opening hemipteran kindly limit it asap,1.0,Rajesh roulo,2025-10-31T19:41:53-07:00,25.1017.00,app_store_reviews_complete.csv,en,0.6,True,synonym,114
hi fi app not opening to app makes it asap,1.0,Rajesh roulo,2025-10-31T19:41:53-07:00,25.1017.00,app_store_reviews_complete.csv,en,0.6,True,contextual,114
Waste of time. hi team ap not opening bugs kindly fix it asap Needs improvement.,1.0,Rajesh roulo,2025-10-31T19:41:53-07:00,25.1017.00,app_store_reviews_complete.csv,en,0.6,True,template,114
hullo squad app not afford bugs kindly fix it asap,1.0,Rajesh roulo,2025-10-31T19:41:53-07:00,25.1017.00,app_store_reviews_complete.csv,en,0.6,True,synonym,114
hi ios app not opening bugs helps fix problem quickly,1.0,Rajesh roulo,2025-10-31T19:41:53-07:00,25.1017.00,app_store_reviews_complete.csv,en,0.6,True,contextual,114
spectacular,5.0,Naresh Sir,2025-10-27T05:07:53-07:00,25.1003.06,app_store_reviews_complete.csv,af,0.5,True,synonym,147
48,5.0,Naresh Sir,2025-10-27T05:07:53-07:00,25.1003.06,app_store_reviews_complete.csv,af,0.5,True,contextual,147
Great experience. outstanding Keep it up!,5.0,Naresh Sir,2025-10-27T05:07:53-07:00,25.1003.06,app_store_reviews_complete.csv,af,0.5,True,template,147
salient,5.0,Naresh Sir,2025-10-27T05:07:53-07:00,25.1003.06,app_store_reviews_complete.csv,af,0.5,True,synonym,147
•,5.0,Naresh Sir,2025-10-27T05:07:53-07:00,25.1003.06,app_store_reviews_complete.csv,af,0.5,True,contextual,147
excellent,5.0,Santhan29,2025-10-26T23:57:46-07:00,25.1003.06,app_store_reviews_complete.csv,ca,1.0,True,synonym,148
§,5.0,Santhan29,2025-10-26T23:57:46-07:00,25.1003.06,app_store_reviews_complete.csv,ca,1.0,True,contextual,148
Great experience. excellent Worth trying.,5.0,Santhan29,2025-10-26T23:57:46-07:00,25.1003.06,app_store_reviews_complete.csv,ca,1.0,True,template,148
excellent,5.0,Santhan29,2025-10-26T23:57:46-07:00,25.1003.06,app_store_reviews_complete.csv,ca,1.0,True,synonym,148
132,5.0,Santhan29,2025-10-26T23:57:46-07:00,25.1003.06,app_store_reviews_complete.csv,ca,1.0,True,contextual,148
secure,5.0,Moharman arman,2025-10-26T21:24:53-07:00,25.1003.06,app_store_reviews_complete.csv,so,0.7,True,synonym,151
2012,5.0,Moharman arman,2025-10-26T21:24:53-07:00,25.1003.06,app_store_reviews_complete.csv,so,0.7,True,contextual,151
Great experience. good Worth trying.,5.0,Moharman arman,2025-10-26T21:24:53-07:00,25.1003.06,app_store_reviews_complete.csv,so,0.7,True,template,151
upright,5.0,Moharman arman,2025-10-26T21:24:53-07:00,25.1003.06,app_store_reviews_complete.csv,so,0.7,True,synonym,151
118,5.0,Moharman arman,2025-10-26T21:24:53-07:00,25.1003.06,app_store_reviews_complete.csv,so,0.7,True,contextual,151
acha bhai helium,5.0,I’m lulling,2025-10-26T08:20:16-07:00,25.1003.06,app_store_reviews_complete.csv,cy,0.0,True,synonym,152
acha kala mandir,5.0,I’m lulling,2025-10-26T08:20:16-07:00,25.1003.06,app_store_reviews_complete.csv,cy,0.0,True,contextual,152
Great experience. acha bhai he Worth trying.,5.0,I’m lulling,2025-10-26T08:20:16-07:00,25.1003.06,app_store_reviews_complete.csv,cy,0.0,True,template,152
acha bhai he,5.0,I’m lulling,2025-10-26T08:20:16-07:00,25.1003.06,app_store_reviews_complete.csv,cy,0.0,True,synonym,152
an ’ he,5.0,I’m lulling,2025-10-26T08:20:16-07:00,25.1003.06,app_store_reviews_complete.csv,cy,0.0,True,contextual,152
aadii,5.0,Aadii Aadil,2025-10-25T23:59:20-07:00,25.1003.06,app_store_reviews_complete.csv,so,0.0,True,synonym,153
53,5.0,Aadii Aadil,2025-10-25T23:59:20-07:00,25.1003.06,app_store_reviews_complete.csv,so,0.0,True,contextual,153
Great experience. aadii Best app ever.,5.0,Aadii Aadil,2025-10-25T23:59:20-07:00,25.1003.06,app_store_reviews_complete.csv,so,0.0,True,template,153
aadii,5.0,Aadii Aadil,2025-10-25T23:59:20-07:00,25.1003.06,app_store_reviews_complete.csv,so,0.0,True,synonym,153
·,5.0,Aadii Aadil,2025-10-25T23:59:20-07:00,25.1003.06,app_store_reviews_complete.csv,so,0.0,True,contextual,153
nonpareil star,1.0,Mr Jamna persad,2025-10-25T23:41:25-07:00,25.1003.06,app_store_reviews_complete.csv,it,0.0,True,synonym,154
red star,1.0,Mr Jamna persad,2025-10-25T23:41:25-07:00,25.1003.06,app_store_reviews_complete.csv,it,0.0,True,contextual,154
Terrible experience. one star Fix this ASAP!,1.0,Mr Jamna persad,2025-10-25T23:41:25-07:00,25.1003.06,app_store_reviews_complete.csv,it,0.0,True,template,154
one mavin,1.0,Mr Jamna persad,2025-10-25T23:41:25-07:00,25.1003.06,app_store_reviews_complete.csv,it,0.0,True,synonym,154
one wishes,1.0,Mr Jamna persad,2025-10-25T23:41:25-07:00,25.1003.06,app_store_reviews_complete.csv,it,0.0,True,contextual,154
and my preferent app,5.0,Rt@156,2025-10-25T21:11:08-07:00,25.1003.06,app_store_reviews_complete.csv,en,0.0,True,synonym,155
and personal favourite guitar,5.0,Rt@156,2025-10-25T21:11:08-07:00,25.1003.06,app_store_reviews_complete.csv,en,0.0,True,contextual,155
Amazing! and my favourite app Best ap ever.,5.0,Rt@156,2025-10-25T21:11:08-07:00,25.1003.06,app_store_reviews_complete.csv,en,0.0,True,template,155
and my favourite app,5.0,Rt@156,2025-10-25T21:11:08-07:00,25.1003.06,app_store_reviews_complete.csv,en,0.0,True,synonym,155
nd peoples favorite app,5.0,Rt@156,2025-10-25T21:11:08-07:00,25.1003.06,app_store_reviews_complete.csv,en,0.0,True,contextual,155
all rounder peachy service,5.0,Mr.Gpreet,2025-10-25T18:22:06-07:00,25.1003.06,app_store_reviews_complete.csv,en,0.8,True,synonym,156
all rounder elimination game,5.0,Mr.Gpreet,2025-10-25T18:22:06-07:00,25.1003.06,app_store_reviews_complete.csv,en,0.8,True,contextual,156
Great experience. all rounder great service Five stars!,5.0,Mr.Gpreet,2025-10-25T18:22:06-07:00,25.1003.06,app_store_reviews_complete.csv,en,0.8,True,template,156
all rounder bully divine service,5.0,Mr.Gpreet,2025-10-25T18:22:06-07:00,25.1003.06,app_store_reviews_complete.csv,en,0.8,True,synonym,156
• ranks great service,5.0,Mr.Gpreet,2025-10-25T18:22:06-07:00,25.1003.06,app_store_reviews_complete.csv,en,0.8,True,contextual,156
quick and easy robert william service,5.0,Shaan C Lad,2025-10-25T03:19:55-07:00,25.1003.06,app_store_reviews_complete.csv,en,0.3833333333333333,True,synonym,157
careful and easy picking,5.0,Shaan C Lad,2025-10-25T03:19:55-07:00,25.1003.06,app_store_reviews_complete.csv,en,0.3833333333333333,True,contextual,157
Great experience. quick and easy service Best app ever.,5.0,Shaan C Lad,2025-10-25T03:19:55-07:00,25.1003.06,app_store_reviews_complete.csv,en,0.3833333333333333,True,template,157
quick and well situated service,5.0,Shaan C Lad,2025-10-25T03:19:55-07:00,25.1003.06,app_store_reviews_complete.csv,en,0.3833333333333333,True,synonym,157
quick … easy …,5.0,Shaan C Lad,2025-10-25T03:19:55-07:00,25.1003.06,app_store_reviews_complete.csv,en,0.3833333333333333,True,contextual,157
this app is so estimable,5.0,Tojinder Rathour,2025-10-24T20:54:02-07:00,25.1003.06,app_store_reviews_complete.csv,en,0.7,True,synonym,160
this road is very good,5.0,Tojinder Rathour,2025-10-24T20:54:02-07:00,25.1003.06,app_store_reviews_complete.csv,en,0.7,True,contextual,160
Love this app! this app is so good Five stars!,5.0,Tojinder Rathour,2025-10-24T20:54:02-07:00,25.1003.06,app_store_reviews_complete.csv,en,0.7,True,template,160
this app is so full,5.0,Tojinder Rathour,2025-10-24T20:54:02-07:00,25.1003.06,app_store_reviews_complete.csv,en,0.7,True,synonym,160
our situation is so good,5.0,Tojinder Rathour,2025-10-24T20:54:02-07:00,25.1003.06,app_store_reviews_complete.csv,en,0.7,True,contextual,160
fasting,5.0,A9966773640a,2025-10-29T06:31:31-07:00,25.1003.06,app_store_reviews_complete.csv,it,0.2,True,synonym,129
56,5.0,A9966773640a,2025-10-29T06:31:31-07:00,25.1003.06,app_store_reviews_complete.csv,it,0.2,True,contextual,129
Amazing! fast Worth trying.,5.0,A9966773640a,2025-10-29T06:31:31-07:00,25.1003.06,app_store_reviews_complete.csv,it,0.2,True,template,129
fasting,5.0,A9966773640a,2025-10-29T06:31:31-07:00,25.1003.06,app_store_reviews_complete.csv,it,0.2,True,synonym,129
38,5.0,A9966773640a,2025-10-29T06:31:31-07:00,25.1003.06,app_store_reviews_complete.csv,it,0.2,True,contextual,129
app non working on the spur of the moment getting out,1.0,Habjsjab,2025-10-29T02:28:44-07:00,25.1003.06,app_store_reviews_complete.csv,af,0.0,True,synonym,132
app not thinking like getting out,1.0,Habjsjab,2025-10-29T02:28:44-07:00,25.1003.06,app_store_reviews_complete.csv,af,0.0,True,contextual,132
Disappointed. app not working suddenly getting out Needs improvement.,1.0,Habjsjab,2025-10-29T02:28:44-07:00,25.1003.06,app_store_reviews_complete.csv,af,0.0,True,template,132
app not go suddenly getting proscribed,1.0,Habjsjab,2025-10-29T02:28:44-07:00,25.1003.06,app_store_reviews_complete.csv,af,0.0,True,synonym,132
app points like suddenly getting out,1.0,Habjsjab,2025-10-29T02:28:44-07:00,25.1003.06,app_store_reviews_complete.csv,af,0.0,True,contextual,132
feel good in all localization,5.0,Bharath Gangadhar Jois,2025-10-29T00:54:19-07:00,25.1003.06,app_store_reviews_complete.csv,en,0.7,True,synonym,133
infinitely good in all forms,5.0,Bharath Gangadhar Jois,2025-10-29T00:54:19-07:00,25.1003.06,app_store_reviews_complete.csv,en,0.7,True,contextual,133
Love this app! feeling good in all locations Worth trying.,5.0,Bharath Gangadhar Jois,2025-10-29T00:54:19-07:00,25.1003.06,app_store_reviews_complete.csv,en,0.7,True,template,133
feeling good in all positioning,5.0,Bharath Gangadhar Jois,2025-10-29T00:54:19-07:00,25.1003.06,app_store_reviews_complete.csv,en,0.7,True,synonym,133
feeling good at all directions,5.0,Bharath Gangadhar Jois,2025-10-29T00:54:19-07:00,25.1003.06,app_store_reviews_complete.csv,en,0.7,True,contextual,133
skilful,5.0,Sandeep Punul,2025-10-29T00:05:34-07:00,25.1003.06,app_store_reviews_complete.csv,so,0.7,True,synonym,134
2006,5.0,Sandeep Punul,2025-10-29T00:05:34-07:00,25.1003.06,app_store_reviews_complete.csv,so,0.7,True,contextual,134
Amazing! good Keep it up!,5.0,Sandeep Punul,2025-10-29T00:05:34-07:00,25.1003.06,app_store_reviews_complete.csv,so,0.7,True,template,134
dear,5.0,Sandeep Punul,2025-10-29T00:05:34-07:00,25.1003.06,app_store_reviews_complete.csv,so,0.7,True,synonym,134
123,5.0,Sandeep Punul,2025-10-29T00:05:34-07:00,25.1003.06,app_store_reviews_complete.csv,so,0.7,True,contextual,134
give maine cash backward,5.0,sunnYY SAAB,2025-10-24T10:24:08-07:00,25.1003.06,app_store_reviews_complete.csv,en,0.0,True,synonym,162
promise me cash if,5.0,sunnYY SAAB,2025-10-24T10:24:08-07:00,25.1003.06,app_store_reviews_complete.csv,en,0.0,True,contextual,162
Love this app! give me cash back Keep it up!,5.0,sunnYY SAAB,2025-10-24T10:24:08-07:00,25.1003.06,app_store_reviews_complete.csv,en,0.0,True,template,162
devote maine cash back,5.0,sunnYY SAAB,2025-10-24T10:24:08-07:00,25.1003.06,app_store_reviews_complete.csv,en,0.0,True,synonym,162
buy yourself cash back,5.0,sunnYY SAAB,2025-10-24T10:24:08-07:00,25.1003.06,app_store_reviews_complete.csv,en,0.0,True,contextual,162
right,5.0,زبير جمال,2025-10-24T08:56:27-07:00,25.1003.06,app_store_reviews_complete.csv,so,0.7,True,synonym,163
123,5.0,زبير جمال,2025-10-24T08:56:27-07:00,25.1003.06,app_store_reviews_complete.csv,so,0.7,True,contextual,163
Great experience. good Best app ever.,5.0,زبير جمال,2025-10-24T08:56:27-07:00,25.1003.06,app_store_reviews_complete.csv,so,0.7,True,template,163
salutary,5.0,زبير جمال,2025-10-24T08:56:27-07:00,25.1003.06,app_store_reviews_complete.csv,so,0.7,True,synonym,163
169,5.0,زبير جمال,2025-10-24T08:56:27-07:00,25.1003.06,app_store_reviews_complete.csv,so,0.7,True,contextual,163
erroneous belief occurred while undecided application,1.0,I lv me,2025-10-24T05:07:13-07:00,25.1003.06,app_store_reviews_complete.csv,en,0.0,True,synonym,165
exclusion occurred upon open application,1.0,I lv me,2025-10-24T05:07:13-07:00,25.1003.06,app_store_reviews_complete.csv,en,0.0,True,contextual,165
Waste of time. error occurred while open application Won't use again.,1.0,I lv me,2025-10-24T05:07:13-07:00,25.1003.06,app_store_reviews_complete.csv,en,0.0,True,template,165
error occurred while undecided diligence,1.0,I lv me,2025-10-24T05:07:13-07:00,25.1003.06,app_store_reviews_complete.csv,en,0.0,True,synonym,165
registration occurred on open application,1.0,I lv me,2025-10-24T05:07:13-07:00,25.1003.06,app_store_reviews_complete.csv,en,0.0,True,contextual,165
automatically close app,1.0,Sumitmndl,2025-10-24T04:14:18-07:00,25.1003.06,app_store_reviews_complete.csv,en,0.0,True,synonym,166
email closing app,1.0,Sumitmndl,2025-10-24T04:14:18-07:00,25.1003.06,app_store_reviews_complete.csv,en,0.0,True,contextual,166
Terrible experience. automatically closing app Fix this ASAP!,1.0,Sumitmndl,2025-10-24T04:14:18-07:00,25.1003.06,app_store_reviews_complete.csv,en,0.0,True,template,166
mechanically closing app,1.0,Sumitmndl,2025-10-24T04:14:18-07:00,25.1003.06,app_store_reviews_complete.csv,en,0.0,True,synonym,166
2010 closing app,1.0,Sumitmndl,2025-10-24T04:14:18-07:00,25.1003.06,app_store_reviews_complete.csv,en,0.0,True,contextual,166
excellent services,5.0,Junnuritik,2025-10-24T00:15:27-07:00,25.1003.06,app_store_reviews_complete.csv,fr,1.0,True,synonym,168
excellent illustrations,5.0,Junnuritik,2025-10-24T00:15:27-07:00,25.1003.06,app_store_reviews_complete.csv,fr,1.0,True,contextual,168
Love this app! excellent services Five stars!,5.0,Junnuritik,2025-10-24T00:15:27-07:00,25.1003.06,app_store_reviews_complete.csv,fr,1.0,True,template,168
excellent service,5.0,Junnuritik,2025-10-24T00:15:27-07:00,25.1003.06,app_store_reviews_complete.csv,fr,1.0,True,synonym,168
ferry services,5.0,Junnuritik,2025-10-24T00:15:27-07:00,25.1003.06,app_store_reviews_complete.csv,fr,1.0,True,contextual,168
apple buff,5.0,Gurzar is great,2025-10-23T09:53:44-07:00,25.1003.06,app_store_reviews_complete.csv,fr,0.0,True,synonym,170
apple platform,5.0,Gurzar is great,2025-10-23T09:53:44-07:00,25.1003.06,app_store_reviews_complete.csv,fr,0.0,True,contextual,170
Love this app! apple lover Five stars!,5.0,Gurzar is great,2025-10-23T09:53:44-07:00,25.1003.06,app_store_reviews_complete.csv,fr,0.0,True,template,170
apple fan,5.0,Gurzar is great,2025-10-23T09:53:44-07:00,25.1003.06,app_store_reviews_complete.csv,fr,0.0,True,synonym,170
apple software,5.0,Gurzar is great,2025-10-23T09:53:44-07:00,25.1003.06,app_store_reviews_complete.csv,fr,0.0,True,contextual,170
perfect invention nice,5.0,Smile Suri,2025-10-23T07:42:50-07:00,25.1003.06,app_store_reviews_complete.csv,en,0.8,True,synonym,171
perfect morning nice,5.0,Smile Suri,2025-10-23T07:42:50-07:00,25.1003.06,app_store_reviews_complete.csv,en,0.8,True,contextual,171
Amazing! perfect invention nice Best app ever.,5.0,Smile Suri,2025-10-23T07:42:50-07:00,25.1003.06,app_store_reviews_complete.csv,en,0.8,True,template,171
perfect invention nice,5.0,Smile Suri,2025-10-23T07:42:50-07:00,25.1003.06,app_store_reviews_complete.csv,en,0.8,True,synonym,171
• invention nice,5.0,Smile Suri,2025-10-23T07:42:50-07:00,25.1003.06,app_store_reviews_complete.csv,en,0.8,True,contextual,171
processing fourth dimension is to a greater extent,1.0,Kesavkt,2025-10-23T04:53:42-07:00,25.1003.06,app_store_reviews_complete.csv,en,0.5,True,synonym,172
processing time value estimated,1.0,Kesavkt,2025-10-23T04:53:42-07:00,25.1003.06,app_store_reviews_complete.csv,en,0.5,True,contextual,172
Terrible experience. processing time is more Fix this ASAP!,1.0,Kesavkt,2025-10-23T04:53:42-07:00,25.1003.06,app_store_reviews_complete.csv,en,0.5,True,template,172
processing time make up more,1.0,Kesavkt,2025-10-23T04:53:42-07:00,25.1003.06,app_store_reviews_complete.csv,en,0.5,True,synonym,172
total time is arbitrary,1.0,Kesavkt,2025-10-23T04:53:42-07:00,25.1003.06,app_store_reviews_complete.csv,en,0.5,True,contextual,172
bahut aacha h,5.0,Ibc aman Maurya,2025-10-27T20:41:50-07:00,25.1003.06,app_store_reviews_complete.csv,so,0.0,True,synonym,141
bahut allah ।,5.0,Ibc aman Maurya,2025-10-27T20:41:50-07:00,25.1003.06,app_store_reviews_complete.csv,so,0.0,True,contextual,141
Amazing! bahut aacha h Best app ever.,5.0,Ibc aman Maurya,2025-10-27T20:41:50-07:00,25.1003.06,app_store_reviews_complete.csv,so,0.0,True,template,141
bahut aacha h,5.0,Ibc aman Maurya,2025-10-27T20:41:50-07:00,25.1003.06,app_store_reviews_complete.csv,so,0.0,True,synonym,141
bahut jung khan,5.0,Ibc aman Maurya,2025-10-27T20:41:50-07:00,25.1003.06,app_store_reviews_complete.csv,so,0.0,True,contextual,141
in force job,5.0,giriraj vaishnav,2025-11-09T21:51:51-07:00,25.1017.05,app_store_reviews_complete.csv,so,0.7,True,synonym,28
head job,5.0,giriraj vaishnav,2025-11-09T21:51:51-07:00,25.1017.05,app_store_reviews_complete.csv,so,0.7,True,contextual,28
Amazing! good job Five stars!,5.0,giriraj vaishnav,2025-11-09T21:51:51-07:00,25.1017.05,app_store_reviews_complete.csv,so,0.7,True,template,28
adept job,5.0,giriraj vaishnav,2025-11-09T21:51:51-07:00,25.1017.05,app_store_reviews_complete.csv,so,0.7,True,synonym,28
big job,5.0,giriraj vaishnav,2025-11-09T21:51:51-07:00,25.1017.05,app_store_reviews_complete.csv,so,0.7,True,contextual,28
fully prepare app,5.0,Sudha1967,2025-09-29T02:57:13-07:00,25.0905.05,app_store_reviews_complete.csv,en,0.1,True,synonym,373
recently developed app,5.0,Sudha1967,2025-09-29T02:57:13-07:00,25.0905.05,app_store_reviews_complete.csv,en,0.1,True,contextual,373
Great experience. fully developed app Best app ever.,5.0,Sudha1967,2025-09-29T02:57:13-07:00,25.0905.05,app_store_reviews_complete.csv,en,0.1,True,template,373
fully develop app,5.0,Sudha1967,2025-09-29T02:57:13-07:00,25.0905.05,app_store_reviews_complete.csv,en,0.1,True,synonym,373
fully developed software,5.0,Sudha1967,2025-09-29T02:57:13-07:00,25.0905.05,app_store_reviews_complete.csv,en,0.1,True,contextual,373
awesome,5.0,rajesh cherry,2025-09-28T12:43:33-07:00,25.0905.05,app_store_reviews_complete.csv,af,1.0,True,synonym,374
6,5.0,rajesh cherry,2025-09-28T12:43:33-07:00,25.0905.05,app_store_reviews_complete.csv,af,1.0,True,contextual,374
Love this app! awesome Keep it up!,5.0,rajesh cherry,2025-09-28T12:43:33-07:00,25.0905.05,app_store_reviews_complete.csv,af,1.0,True,template,374
awesome,5.0,rajesh cherry,2025-09-28T12:43:33-07:00,25.0905.05,app_store_reviews_complete.csv,af,1.0,True,synonym,374
46,5.0,rajesh cherry,2025-09-28T12:43:33-07:00,25.0905.05,app_store_reviews_complete.csv,af,1.0,True,contextual,374
awesome sir,5.0,Bijay Kumar mallick,2025-11-09T22:28:28-07:00,25.1017.05,app_store_reviews_complete.csv,af,0.91,True,synonym,27
sweet good sir,5.0,Bijay Kumar mallick,2025-11-09T22:28:28-07:00,25.1017.05,app_store_reviews_complete.csv,af,0.91,True,contextual,27
Highly recommend. very good sir Five stars!,5.0,Bijay Kumar mallick,2025-11-09T22:28:28-07:00,25.1017.05,app_store_reviews_complete.csv,af,0.91,True,template,27
real good sir,5.0,Bijay Kumar mallick,2025-11-09T22:28:28-07:00,25.1017.05,app_store_reviews_complete.csv,af,0.91,True,synonym,27
• good sir,5.0,Bijay Kumar mallick,2025-11-09T22:28:28-07:00,25.1017.05,app_store_reviews_complete.csv,af,0.91,True,contextual,27
exallent,5.0,Babu@@,2025-09-28T00:54:12-07:00,25.0905.05,app_store_reviews_complete.csv,ca,0.0,True,synonym,378
‡,5.0,Babu@@,2025-09-28T00:54:12-07:00,25.0905.05,app_store_reviews_complete.csv,ca,0.0,True,contextual,378
Amazing! exallent Worth trying.,5.0,Babu@@,2025-09-28T00:54:12-07:00,25.0905.05,app_store_reviews_complete.csv,ca,0.0,True,template,378
exallent,5.0,Babu@@,2025-09-28T00:54:12-07:00,25.0905.05,app_store_reviews_complete.csv,ca,0.0,True,synonym,378
see,5.0,Babu@@,2025-09-28T00:54:12-07:00,25.0905.05,app_store_reviews_complete.csv,ca,0.0,True,contextual,378
good actor,5.0,Nabu Thakur,2025-09-27T03:18:36-07:00,25.0905.05,app_store_reviews_complete.csv,af,0.7,True,synonym,381
miracle worker,5.0,Nabu Thakur,2025-09-27T03:18:36-07:00,25.0905.05,app_store_reviews_complete.csv,af,0.7,True,contextual,381
Love this app! good worker Worth trying.,5.0,Nabu Thakur,2025-09-27T03:18:36-07:00,25.0905.05,app_store_reviews_complete.csv,af,0.7,True,template,381
good prole,5.0,Nabu Thakur,2025-09-27T03:18:36-07:00,25.0905.05,app_store_reviews_complete.csv,af,0.7,True,synonym,381
hazardous worker,5.0,Nabu Thakur,2025-09-27T03:18:36-07:00,25.0905.05,app_store_reviews_complete.csv,af,0.7,True,contextual,381
excellent,5.0,Kanchan Sriram,2025-09-26T07:37:54-07:00,25.0905.05,app_store_reviews_complete.csv,ca,1.0,True,synonym,384
2007,5.0,Kanchan Sriram,2025-09-26T07:37:54-07:00,25.0905.05,app_store_reviews_complete.csv,ca,1.0,True,contextual,384
Amazing! excellent Worth trying.,5.0,Kanchan Sriram,2025-09-26T07:37:54-07:00,25.0905.05,app_store_reviews_complete.csv,ca,1.0,True,template,384
excellent,5.0,Kanchan Sriram,2025-09-26T07:37:54-07:00,25.0905.05,app_store_reviews_complete.csv,ca,1.0,True,synonym,384
117,5.0,Kanchan Sriram,2025-09-26T07:37:54-07:00,25.0905.05,app_store_reviews_complete.csv,ca,1.0,True,contextual,384
5stars,5.0,Vahid aslam shaikh,2025-10-20T15:21:25-07:00,25.1003.00,app_store_reviews_complete.csv,sv,0.0,True,synonym,186
57,5.0,Vahid aslam shaikh,2025-10-20T15:21:25-07:00,25.1003.00,app_store_reviews_complete.csv,sv,0.0,True,contextual,186
Great experience. 5stars Best app ever.,5.0,Vahid aslam shaikh,2025-10-20T15:21:25-07:00,25.1003.00,app_store_reviews_complete.csv,sv,0.0,True,template,186
5stars,5.0,Vahid aslam shaikh,2025-10-20T15:21:25-07:00,25.1003.00,app_store_reviews_complete.csv,sv,0.0,True,synonym,186
14,5.0,Vahid aslam shaikh,2025-10-20T15:21:25-07:00,25.1003.00,app_store_reviews_complete.csv,sv,0.0,True,contextual,186
e'er recharge gain rattling easy in phone pe,5.0,Aian’s apple,2025-10-20T08:40:05-07:00,25.1003.00,app_store_reviews_complete.csv,en,0.5633333333333334,True,synonym,187
always he is very easy in phone caller,5.0,Aian’s apple,2025-10-20T08:40:05-07:00,25.1003.00,app_store_reviews_complete.csv,en,0.5633333333333334,True,contextual,187
Highly recommend. always recharge making very easy in phone pe Keep it up!,5.0,Aian’s apple,2025-10-20T08:40:05-07:00,25.1003.00,app_store_reviews_complete.csv,en,0.5633333333333334,True,template,187
always recharge making very easygoing in phone pe,5.0,Aian’s apple,2025-10-20T08:40:05-07:00,25.1003.00,app_store_reviews_complete.csv,en,0.5633333333333334,True,synonym,187
always for making very easy dial phone numbers,5.0,Aian’s apple,2025-10-20T08:40:05-07:00,25.1003.00,app_store_reviews_complete.csv,en,0.5633333333333334,True,contextual,187
secure and comfortable payment. . very less failures,5.0,NayeemR22,2025-10-20T06:04:16-07:00,25.1003.00,app_store_reviews_complete.csv,en,0.2055555555555555,True,synonym,188
associated with easy payments.. very trivial failures,5.0,NayeemR22,2025-10-20T06:04:16-07:00,25.1003.00,app_store_reviews_complete.csv,en,0.2055555555555555,True,contextual,188
Highly recommend. secure and easy payments.. very less failures Best app ever.,5.0,NayeemR22,2025-10-20T06:04:16-07:00,25.1003.00,app_store_reviews_complete.csv,en,0.2055555555555555,True,template,188
secure and well to do defrayment. . very less failures,5.0,NayeemR22,2025-10-20T06:04:16-07:00,25.1003.00,app_store_reviews_complete.csv,en,0.2055555555555555,True,synonym,188
secure and easy payments.. web user accessible,5.0,NayeemR22,2025-10-20T06:04:16-07:00,25.1003.00,app_store_reviews_complete.csv,en,0.2055555555555555,True,contextual,188
skillful,5.0,Sayan Mandal,2025-10-20T04:02:24-07:00,25.1003.00,app_store_reviews_complete.csv,pl,0.6,True,synonym,189
51,5.0,Sayan Mandal,2025-10-20T04:02:24-07:00,25.1003.00,app_store_reviews_complete.csv,pl,0.6,True,contextual,189
Highly recommend. nice Keep it up!,5.0,Sayan Mandal,2025-10-20T04:02:24-07:00,25.1003.00,app_store_reviews_complete.csv,pl,0.6,True,template,189
gracious,5.0,Sayan Mandal,2025-10-20T04:02:24-07:00,25.1003.00,app_store_reviews_complete.csv,pl,0.6,True,synonym,189
43,5.0,Sayan Mandal,2025-10-20T04:02:24-07:00,25.1003.00,app_store_reviews_complete.csv,pl,0.6,True,contextual,189
what a good functioning involve more than cashback,5.0,Shammmas rafeeque,2025-10-19T23:53:33-07:00,25.1003.00,app_store_reviews_complete.csv,en,0.6,True,synonym,192
what a good word is for cashback,5.0,Shammmas rafeeque,2025-10-19T23:53:33-07:00,25.1003.00,app_store_reviews_complete.csv,en,0.6,True,contextual,192
Love this app! what a good performance need more cashback Keep it up!,5.0,Shammmas rafeeque,2025-10-19T23:53:33-07:00,25.1003.00,app_store_reviews_complete.csv,en,0.6,True,template,192
what a good performance call for more than cashback,5.0,Shammmas rafeeque,2025-10-19T23:53:33-07:00,25.1003.00,app_store_reviews_complete.csv,en,0.6,True,synonym,192
what proves useful performance need more information,5.0,Shammmas rafeeque,2025-10-19T23:53:33-07:00,25.1003.00,app_store_reviews_complete.csv,en,0.6,True,contextual,192
best app for upi,5.0,Usman choksi,2025-09-30T11:14:38-07:00,25.0905.05,app_store_reviews_complete.csv,no,1.0,True,synonym,353
best app awards ios,5.0,Usman choksi,2025-09-30T11:14:38-07:00,25.0905.05,app_store_reviews_complete.csv,no,1.0,True,contextual,353
Great experience. best app for upi Keep it up!,5.0,Usman choksi,2025-09-30T11:14:38-07:00,25.0905.05,app_store_reviews_complete.csv,no,1.0,True,template,353
good app for upi,5.0,Usman choksi,2025-09-30T11:14:38-07:00,25.0905.05,app_store_reviews_complete.csv,no,1.0,True,synonym,353
3d app with upi,5.0,Usman choksi,2025-09-30T11:14:38-07:00,25.0905.05,app_store_reviews_complete.csv,no,1.0,True,contextual,353
sound service,5.0,kiran j patel,2025-09-30T05:33:47-07:00,25.0905.05,app_store_reviews_complete.csv,hr,0.7,True,synonym,356
good news,5.0,kiran j patel,2025-09-30T05:33:47-07:00,25.0905.05,app_store_reviews_complete.csv,hr,0.7,True,contextual,356
Highly recommend. good service Best app ever.,5.0,kiran j patel,2025-09-30T05:33:47-07:00,25.0905.05,app_store_reviews_complete.csv,hr,0.7,True,template,356
honorable service,5.0,kiran j patel,2025-09-30T05:33:47-07:00,25.0905.05,app_store_reviews_complete.csv,hr,0.7,True,synonym,356
escort service,5.0,kiran j patel,2025-09-30T05:33:47-07:00,25.0905.05,app_store_reviews_complete.csv,hr,0.7,True,contextual,356
good fast accurate wanton to transmit and receive money,5.0,Nothing less,2025-09-30T04:46:26-07:00,25.0905.05,app_store_reviews_complete.csv,en,0.4333333333333333,True,synonym,357
good computers accurate easy to detect and receive commands,5.0,Nothing less,2025-09-30T04:46:26-07:00,25.0905.05,app_store_reviews_complete.csv,en,0.4333333333333333,True,contextual,357
Love this app! good fast accurate easy to send and receive money Keep it up!,5.0,Nothing less,2025-09-30T04:46:26-07:00,25.0905.05,app_store_reviews_complete.csv,en,0.4333333333333333,True,template,357
good fasting accurate easygoing to send and receive money,5.0,Nothing less,2025-09-30T04:46:26-07:00,25.0905.05,app_store_reviews_complete.csv,en,0.4333333333333333,True,synonym,357
good photo accurate easy mobile send customers receive money,5.0,Nothing less,2025-09-30T04:46:26-07:00,25.0905.05,app_store_reviews_complete.csv,en,0.4333333333333333,True,contextual,357
good body of work,5.0,Zhatur pakshi,2025-09-30T03:33:58-07:00,25.0905.05,app_store_reviews_complete.csv,af,0.7,True,synonym,359
creative work,5.0,Zhatur pakshi,2025-09-30T03:33:58-07:00,25.0905.05,app_store_reviews_complete.csv,af,0.7,True,contextual,359
Great experience. good work Best app ever.,5.0,Zhatur pakshi,2025-09-30T03:33:58-07:00,25.0905.05,app_store_reviews_complete.csv,af,0.7,True,template,359
good workplace,5.0,Zhatur pakshi,2025-09-30T03:33:58-07:00,25.0905.05,app_store_reviews_complete.csv,af,0.7,True,synonym,359
translation work,5.0,Zhatur pakshi,2025-09-30T03:33:58-07:00,25.0905.05,app_store_reviews_complete.csv,af,0.7,True,contextual,359
near,5.0,Divyesh y,2025-09-30T02:12:13-07:00,25.0905.05,app_store_reviews_complete.csv,so,0.7,True,synonym,361
103,5.0,Divyesh y,2025-09-30T02:12:13-07:00,25.0905.05,app_store_reviews_complete.csv,so,0.7,True,contextual,361
Love this app! good Best app ever.,5.0,Divyesh y,2025-09-30T02:12:13-07:00,25.0905.05,app_store_reviews_complete.csv,so,0.7,True,template,361
beneficial,5.0,Divyesh y,2025-09-30T02:12:13-07:00,25.0905.05,app_store_reviews_complete.csv,so,0.7,True,synonym,361
127,5.0,Divyesh y,2025-09-30T02:12:13-07:00,25.0905.05,app_store_reviews_complete.csv,so,0.7,True,contextual,361
working very dainty,5.0,Advocate tyagi ji,2025-09-30T00:40:48-07:00,25.0905.05,app_store_reviews_complete.csv,af,0.78,True,synonym,363
working too nice,5.0,Advocate tyagi ji,2025-09-30T00:40:48-07:00,25.0905.05,app_store_reviews_complete.csv,af,0.78,True,contextual,363
Amazing! working very nice Best app ever.,5.0,Advocate tyagi ji,2025-09-30T00:40:48-07:00,25.0905.05,app_store_reviews_complete.csv,af,0.78,True,template,363
working very gracious,5.0,Advocate tyagi ji,2025-09-30T00:40:48-07:00,25.0905.05,app_store_reviews_complete.csv,af,0.78,True,synonym,363
working very correctly,5.0,Advocate tyagi ji,2025-09-30T00:40:48-07:00,25.0905.05,app_store_reviews_complete.csv,af,0.78,True,contextual,363
full,5.0,uma chintala,2025-09-29T20:43:38-07:00,25.0905.05,app_store_reviews_complete.csv,so,0.7,True,synonym,364
41,5.0,uma chintala,2025-09-29T20:43:38-07:00,25.0905.05,app_store_reviews_complete.csv,so,0.7,True,contextual,364
Love this app! good Five stars!,5.0,uma chintala,2025-09-29T20:43:38-07:00,25.0905.05,app_store_reviews_complete.csv,so,0.7,True,template,364
well,5.0,uma chintala,2025-09-29T20:43:38-07:00,25.0905.05,app_store_reviews_complete.csv,so,0.7,True,synonym,364
2015,5.0,uma chintala,2025-09-29T20:43:38-07:00,25.0905.05,app_store_reviews_complete.csv,so,0.7,True,contextual,364
rattling,5.0,V3_store_,2025-09-29T18:34:25-07:00,25.0905.05,app_store_reviews_complete.csv,af,0.2,True,synonym,365
↑,5.0,V3_store_,2025-09-29T18:34:25-07:00,25.0905.05,app_store_reviews_complete.csv,af,0.2,True,contextual,365
Amazing! very Worth trying.,5.0,V3_store_,2025-09-29T18:34:25-07:00,25.0905.05,app_store_reviews_complete.csv,af,0.2,True,template,365
really,5.0,V3_store_,2025-09-29T18:34:25-07:00,25.0905.05,app_store_reviews_complete.csv,af,0.2,True,synonym,365
111,5.0,V3_store_,2025-09-29T18:34:25-07:00,25.0905.05,app_store_reviews_complete.csv,af,0.2,True,contextual,365
astound,5.0,Abhi0492,2025-09-29T18:32:20-07:00,25.0905.05,app_store_reviews_complete.csv,sw,0.6000000000000001,True,synonym,366
6,5.0,Abhi0492,2025-09-29T18:32:20-07:00,25.0905.05,app_store_reviews_complete.csv,sw,0.6000000000000001,True,contextual,366
Love this app! amazing Best app ever.,5.0,Abhi0492,2025-09-29T18:32:20-07:00,25.0905.05,app_store_reviews_complete.csv,sw,0.6000000000000001,True,template,366
amaze,5.0,Abhi0492,2025-09-29T18:32:20-07:00,25.0905.05,app_store_reviews_complete.csv,sw,0.6000000000000001,True,synonym,366
•,5.0,Abhi0492,2025-09-29T18:32:20-07:00,25.0905.05,app_store_reviews_complete.csv,sw,0.6000000000000001,True,contextual,366
delight add rent payment,5.0,saisweety,2025-09-29T10:17:09-07:00,25.0905.05,app_store_reviews_complete.csv,en,0.0,True,synonym,368
please avoid additional payment,5.0,saisweety,2025-09-29T10:17:09-07:00,25.0905.05,app_store_reviews_complete.csv,en,0.0,True,contextual,368
Highly recommend. please add rent payment Best app ever.,5.0,saisweety,2025-09-29T10:17:09-07:00,25.0905.05,app_store_reviews_complete.csv,en,0.0,True,template,368
delight add rent payment,5.0,saisweety,2025-09-29T10:17:09-07:00,25.0905.05,app_store_reviews_complete.csv,en,0.0,True,synonym,368
· add quarterly payment,5.0,saisweety,2025-09-29T10:17:09-07:00,25.0905.05,app_store_reviews_complete.csv,en,0.0,True,contextual,368
best defrayment apps,5.0,Deepaksing,2025-10-24T19:50:50-07:00,25.1003.06,app_store_reviews_complete.csv,fr,1.0,True,synonym,161
best ipad apps,5.0,Deepaksing,2025-10-24T19:50:50-07:00,25.1003.06,app_store_reviews_complete.csv,fr,1.0,True,contextual,161
Highly recommend. best payment apps Best app ever.,5.0,Deepaksing,2025-10-24T19:50:50-07:00,25.1003.06,app_store_reviews_complete.csv,fr,1.0,True,template,161
well payment apps,5.0,Deepaksing,2025-10-24T19:50:50-07:00,25.1003.06,app_store_reviews_complete.csv,fr,1.0,True,synonym,161
best payment tool,5.0,Deepaksing,2025-10-24T19:50:50-07:00,25.1003.06,app_store_reviews_complete.csv,fr,1.0,True,contextual,161
dependable,5.0,Zikrul alam,2025-10-19T23:16:13-07:00,25.1003.00,app_store_reviews_complete.csv,so,0.7,True,synonym,193
।,5.0,Zikrul alam,2025-10-19T23:16:13-07:00,25.1003.00,app_store_reviews_complete.csv,so,0.7,True,contextual,193
Great experience. good Worth trying.,5.0,Zikrul alam,2025-10-19T23:16:13-07:00,25.1003.00,app_store_reviews_complete.csv,so,0.7,True,template,193
effective,5.0,Zikrul alam,2025-10-19T23:16:13-07:00,25.1003.00,app_store_reviews_complete.csv,so,0.7,True,synonym,193
॥,5.0,Zikrul alam,2025-10-19T23:16:13-07:00,25.1003.00,app_store_reviews_complete.csv,so,0.7,True,contextual,193
excellent for all defrayal purposes,5.0,Mangal11144,2025-10-19T16:53:05-07:00,25.1003.00,app_store_reviews_complete.csv,ca,1.0,True,synonym,195
excellent for debt payment rights,5.0,Mangal11144,2025-10-19T16:53:05-07:00,25.1003.00,app_store_reviews_complete.csv,ca,1.0,True,contextual,195
Love this app! excellent for all payment purposes Keep it up!,5.0,Mangal11144,2025-10-19T16:53:05-07:00,25.1003.00,app_store_reviews_complete.csv,ca,1.0,True,template,195
excellent for all requital function,5.0,Mangal11144,2025-10-19T16:53:05-07:00,25.1003.00,app_store_reviews_complete.csv,ca,1.0,True,synonym,195
excellent for mortgage payment reasons,5.0,Mangal11144,2025-10-19T16:53:05-07:00,25.1003.00,app_store_reviews_complete.csv,ca,1.0,True,contextual,195
real good,5.0,TOM SHIBU,2025-10-19T07:38:33-07:00,25.1003.00,app_store_reviews_complete.csv,af,0.91,True,synonym,198
very powerful,5.0,TOM SHIBU,2025-10-19T07:38:33-07:00,25.1003.00,app_store_reviews_complete.csv,af,0.91,True,contextual,198
Highly recommend. very good Worth trying.,5.0,TOM SHIBU,2025-10-19T07:38:33-07:00,25.1003.00,app_store_reviews_complete.csv,af,0.91,True,template,198
real good,5.0,TOM SHIBU,2025-10-19T07:38:33-07:00,25.1003.00,app_store_reviews_complete.csv,af,0.91,True,synonym,198
damn good,5.0,TOM SHIBU,2025-10-19T07:38:33-07:00,25.1003.00,app_store_reviews_complete.csv,af,0.91,True,contextual,198
bully,5.0,Nadeem46,2025-10-19T01:20:29-07:00,25.1003.00,app_store_reviews_complete.csv,ro,0.8,True,synonym,200
3,5.0,Nadeem46,2025-10-19T01:20:29-07:00,25.1003.00,app_store_reviews_complete.csv,ro,0.8,True,contextual,200
Love this app! great Worth trying.,5.0,Nadeem46,2025-10-19T01:20:29-07:00,25.1003.00,app_store_reviews_complete.csv,ro,0.8,True,template,200
slap up,5.0,Nadeem46,2025-10-19T01:20:29-07:00,25.1003.00,app_store_reviews_complete.csv,ro,0.8,True,synonym,200
2012,5.0,Nadeem46,2025-10-19T01:20:29-07:00,25.1003.00,app_store_reviews_complete.csv,ro,0.8,True,contextual,200
honorable sevices,5.0,MKS@22,2025-10-19T01:08:02-07:00,25.1003.00,app_store_reviews_complete.csv,hr,0.7,True,synonym,201
wednesday morning,5.0,MKS@22,2025-10-19T01:08:02-07:00,25.1003.00,app_store_reviews_complete.csv,hr,0.7,True,contextual,201
Love this app! good sevices Keep it up!,5.0,MKS@22,2025-10-19T01:08:02-07:00,25.1003.00,app_store_reviews_complete.csv,hr,0.7,True,template,201
good sevices,5.0,MKS@22,2025-10-19T01:08:02-07:00,25.1003.00,app_store_reviews_complete.csv,hr,0.7,True,synonym,201
wednesday friday,5.0,MKS@22,2025-10-19T01:08:02-07:00,25.1003.00,app_store_reviews_complete.csv,hr,0.7,True,contextual,201
perfect tense,5.0,Ashokkumar's,2025-10-18T23:53:40-07:00,25.1003.00,app_store_reviews_complete.csv,ca,1.0,True,synonym,202
·,5.0,Ashokkumar's,2025-10-18T23:53:40-07:00,25.1003.00,app_store_reviews_complete.csv,ca,1.0,True,contextual,202
Amazing! perfect Five stars!,5.0,Ashokkumar's,2025-10-18T23:53:40-07:00,25.1003.00,app_store_reviews_complete.csv,ca,1.0,True,template,202
perfective,5.0,Ashokkumar's,2025-10-18T23:53:40-07:00,25.1003.00,app_store_reviews_complete.csv,ca,1.0,True,synonym,202
‡,5.0,Ashokkumar's,2025-10-18T23:53:40-07:00,25.1003.00,app_store_reviews_complete.csv,ca,1.0,True,contextual,202
enjoying but their cost a no cash backward offer,5.0,Kunal Lal Patil,2025-11-10T01:53:19-07:00,25.1017.05,app_store_reviews_complete.csv,en,0.25,True,synonym,26
enjoying jesse louie is earning no cash back offer,5.0,Kunal Lal Patil,2025-11-10T01:53:19-07:00,25.1017.05,app_store_reviews_complete.csv,en,0.25,True,contextual,26
Amazing! enjoying but their is a no cash back offer Five stars!,5.0,Kunal Lal Patil,2025-11-10T01:53:19-07:00,25.1017.05,app_store_reviews_complete.csv,en,0.25,True,template,26
enjoying merely their is a no cash backward go,5.0,Kunal Lal Patil,2025-11-10T01:53:19-07:00,25.1017.05,app_store_reviews_complete.csv,en,0.25,True,synonym,26
enjoying but their bank allowed no cash back payment,5.0,Kunal Lal Patil,2025-11-10T01:53:19-07:00,25.1017.05,app_store_reviews_complete.csv,en,0.25,True,contextual,26
rajpurohit,5.0,Kishanraj Balotra,2025-10-18T21:02:14-07:00,25.1003.00,app_store_reviews_complete.csv,sq,0.0,True,synonym,206
notes,5.0,Kishanraj Balotra,2025-10-18T21:02:14-07:00,25.1003.00,app_store_reviews_complete.csv,sq,0.0,True,contextual,206
Highly recommend. rajpurohit Keep it up!,5.0,Kishanraj Balotra,2025-10-18T21:02:14-07:00,25.1003.00,app_store_reviews_complete.csv,sq,0.0,True,template,206
rajpurohit,5.0,Kishanraj Balotra,2025-10-18T21:02:14-07:00,25.1003.00,app_store_reviews_complete.csv,sq,0.0,True,synonym,206
133,5.0,Kishanraj Balotra,2025-10-18T21:02:14-07:00,25.1003.00,app_store_reviews_complete.csv,sq,0.0,True,contextual,206
cook a sprightliness very gentle!!,5.0,shaz 😘,2025-10-18T20:32:09-07:00,25.1003.00,app_store_reviews_complete.csv,en,0.8802083333333334,True,synonym,207
spend a life extremely enjoyable!!,5.0,shaz 😘,2025-10-18T20:32:09-07:00,25.1003.00,app_store_reviews_complete.csv,en,0.8802083333333334,True,contextual,207
Amazing! make a life very easy !! Worth trying.,5.0,shaz 😘,2025-10-18T20:32:09-07:00,25.1003.00,app_store_reviews_complete.csv,en,0.8802083333333334,True,template,207
make a life history really well to do!!,5.0,shaz 😘,2025-10-18T20:32:09-07:00,25.1003.00,app_store_reviews_complete.csv,en,0.8802083333333334,True,synonym,207
make a spell quite simple!!,5.0,shaz 😘,2025-10-18T20:32:09-07:00,25.1003.00,app_store_reviews_complete.csv,en,0.8802083333333334,True,contextual,207
we will not let you survive go through,5.0,Prakashk@king,2025-10-18T19:41:13-07:00,25.1003.00,app_store_reviews_complete.csv,pl,-0.1555555555555555,True,synonym,208
we will hardly make you go now,5.0,Prakashk@king,2025-10-18T19:41:13-07:00,25.1003.00,app_store_reviews_complete.csv,pl,-0.1555555555555555,True,contextual,208
Great experience. we will not let you go down Five stars!,5.0,Prakashk@king,2025-10-18T19:41:13-07:00,25.1003.00,app_store_reviews_complete.csv,pl,-0.1555555555555555,True,template,208
we will not permit you go go through,5.0,Prakashk@king,2025-10-18T19:41:13-07:00,25.1003.00,app_store_reviews_complete.csv,pl,-0.1555555555555555,True,synonym,208
we will literally make them go down,5.0,Prakashk@king,2025-10-18T19:41:13-07:00,25.1003.00,app_store_reviews_complete.csv,pl,-0.1555555555555555,True,contextual,208
ordinary or good,1.0,Gjsjskknebee,2025-10-22T12:49:17-07:00,25.1003.00,app_store_reviews_complete.csv,no,0.2749999999999999,True,synonym,177
evil or good,1.0,Gjsjskknebee,2025-10-22T12:49:17-07:00,25.1003.00,app_store_reviews_complete.csv,no,0.2749999999999999,True,contextual,177
Disappointed. average or good Fix this ASAP!,1.0,Gjsjskknebee,2025-10-22T12:49:17-07:00,25.1003.00,app_store_reviews_complete.csv,no,0.2749999999999999,True,template,177
average oregon good,1.0,Gjsjskknebee,2025-10-22T12:49:17-07:00,25.1003.00,app_store_reviews_complete.csv,no,0.2749999999999999,True,synonym,177
average situation good,1.0,Gjsjskknebee,2025-10-22T12:49:17-07:00,25.1003.00,app_store_reviews_complete.csv,no,0.2749999999999999,True,contextual,177
raza,5.0,Touqer raza,2025-10-22T09:25:11-07:00,25.1003.00,app_store_reviews_complete.csv,hr,0.0,True,synonym,178
。,5.0,Touqer raza,2025-10-22T09:25:11-07:00,25.1003.00,app_store_reviews_complete.csv,hr,0.0,True,contextual,178
Love this app! raza Keep it up!,5.0,Touqer raza,2025-10-22T09:25:11-07:00,25.1003.00,app_store_reviews_complete.csv,hr,0.0,True,template,178
raza,5.0,Touqer raza,2025-10-22T09:25:11-07:00,25.1003.00,app_store_reviews_complete.csv,hr,0.0,True,synonym,178
62,5.0,Touqer raza,2025-10-22T09:25:11-07:00,25.1003.00,app_store_reviews_complete.csv,hr,0.0,True,contextual,178
new phone pe,5.0,Avesh khan 1313,2025-10-22T04:18:51-07:00,25.1003.00,app_store_reviews_complete.csv,en,0.1363636363636363,True,synonym,179
portable phone pe,5.0,Avesh khan 1313,2025-10-22T04:18:51-07:00,25.1003.00,app_store_reviews_complete.csv,en,0.1363636363636363,True,contextual,179
Love this app! new phone pe Keep it up!,5.0,Avesh khan 1313,2025-10-22T04:18:51-07:00,25.1003.00,app_store_reviews_complete.csv,en,0.1363636363636363,True,template,179
new phone pe,5.0,Avesh khan 1313,2025-10-22T04:18:51-07:00,25.1003.00,app_store_reviews_complete.csv,en,0.1363636363636363,True,synonym,179
new phone generation,5.0,Avesh khan 1313,2025-10-22T04:18:51-07:00,25.1003.00,app_store_reviews_complete.csv,en,0.1363636363636363,True,contextual,179
real good,5.0,A C Reddy,2025-10-21T23:39:43-07:00,25.1003.00,app_store_reviews_complete.csv,af,0.91,True,synonym,182
smells good,5.0,A C Reddy,2025-10-21T23:39:43-07:00,25.1003.00,app_store_reviews_complete.csv,af,0.91,True,contextual,182
Great experience. very good Five stars!,5.0,A C Reddy,2025-10-21T23:39:43-07:00,25.1003.00,app_store_reviews_complete.csv,af,0.91,True,template,182
really good,5.0,A C Reddy,2025-10-21T23:39:43-07:00,25.1003.00,app_store_reviews_complete.csv,af,0.91,True,synonym,182
nothing good,5.0,A C Reddy,2025-10-21T23:39:43-07:00,25.1003.00,app_store_reviews_complete.csv,af,0.91,True,contextual,182
shibah,5.0,Gurrala shiva,2025-10-21T22:10:02-07:00,25.1003.00,app_store_reviews_complete.csv,sq,0.0,True,synonym,183
00,5.0,Gurrala shiva,2025-10-21T22:10:02-07:00,25.1003.00,app_store_reviews_complete.csv,sq,0.0,True,contextual,183
Amazing! shiva Worth trying.,5.0,Gurrala shiva,2025-10-21T22:10:02-07:00,25.1003.00,app_store_reviews_complete.csv,sq,0.0,True,template,183
siva,5.0,Gurrala shiva,2025-10-21T22:10:02-07:00,25.1003.00,app_store_reviews_complete.csv,sq,0.0,True,synonym,183
14,5.0,Gurrala shiva,2025-10-21T22:10:02-07:00,25.1003.00,app_store_reviews_complete.csv,sq,0.0,True,contextual,183
excellent,5.0,Darshan shaiva,2025-10-21T03:24:06-07:00,25.1003.00,app_store_reviews_complete.csv,ca,1.0,True,synonym,185
136,5.0,Darshan shaiva,2025-10-21T03:24:06-07:00,25.1003.00,app_store_reviews_complete.csv,ca,1.0,True,contextual,185
Great experience. excellent Five stars!,5.0,Darshan shaiva,2025-10-21T03:24:06-07:00,25.1003.00,app_store_reviews_complete.csv,ca,1.0,True,template,185
excellent,5.0,Darshan shaiva,2025-10-21T03:24:06-07:00,25.1003.00,app_store_reviews_complete.csv,ca,1.0,True,synonym,185
notes,5.0,Darshan shaiva,2025-10-21T03:24:06-07:00,25.1003.00,app_store_reviews_complete.csv,ca,1.0,True,contextual,185
very dependable and good app. know it,5.0,Vishesh pant,2025-10-17T21:51:40-07:00,25.1003.00,app_store_reviews_complete.csv,en,0.5166666666666667,True,synonym,217
very happy and healthy woman. love it,5.0,Vishesh pant,2025-10-17T21:51:40-07:00,25.1003.00,app_store_reviews_complete.csv,en,0.5166666666666667,True,contextual,217
Highly recommend. very safe and secure app. love it Best app ever.,5.0,Vishesh pant,2025-10-17T21:51:40-07:00,25.1003.00,app_store_reviews_complete.csv,en,0.5166666666666667,True,template,217
very secure and strong app. love information technology,5.0,Vishesh pant,2025-10-17T21:51:40-07:00,25.1003.00,app_store_reviews_complete.csv,en,0.5166666666666667,True,synonym,217
very safe weather secure website. love google,5.0,Vishesh pant,2025-10-17T21:51:40-07:00,25.1003.00,app_store_reviews_complete.csv,en,0.5166666666666667,True,contextual,217
it ' s really leisurely to pretend defrayal,5.0,Sij1985,2025-10-17T08:52:52-07:00,25.1003.00,app_store_reviews_complete.csv,en,0.2,True,synonym,218
it ' re really exciting to make sounds,5.0,Sij1985,2025-10-17T08:52:52-07:00,25.1003.00,app_store_reviews_complete.csv,en,0.2,True,contextual,218
Highly recommend. it's really easier to make payments Keep it up!,5.0,Sij1985,2025-10-17T08:52:52-07:00,25.1003.00,app_store_reviews_complete.csv,en,0.2,True,template,218
information technology ' s rattling easier to make payments,5.0,Sij1985,2025-10-17T08:52:52-07:00,25.1003.00,app_store_reviews_complete.csv,en,0.2,True,synonym,218
it ' n definitely easier to obtain payments,5.0,Sij1985,2025-10-17T08:52:52-07:00,25.1003.00,app_store_reviews_complete.csv,en,0.2,True,contextual,218
no ace can bear upi credit,1.0,Sharry7777,2025-10-17T05:52:09-07:00,25.1003.00,app_store_reviews_complete.csv,it,0.0,True,synonym,219
allowing one to accept sufficient credit,1.0,Sharry7777,2025-10-17T05:52:09-07:00,25.1003.00,app_store_reviews_complete.csv,it,0.0,True,contextual,219
Not recommended. no one can accept upi credit Won't use again.,1.0,Sharry7777,2025-10-17T05:52:09-07:00,25.1003.00,app_store_reviews_complete.csv,it,0.0,True,template,219
no one can swallow upi credit,1.0,Sharry7777,2025-10-17T05:52:09-07:00,25.1003.00,app_store_reviews_complete.csv,it,0.0,True,synonym,219
any organization can afford upi credit,1.0,Sharry7777,2025-10-17T05:52:09-07:00,25.1003.00,app_store_reviews_complete.csv,it,0.0,True,contextual,219
salient,5.0,Bike service @,2025-10-17T04:50:36-07:00,25.1003.00,app_store_reviews_complete.csv,af,0.5,True,synonym,220
3,5.0,Bike service @,2025-10-17T04:50:36-07:00,25.1003.00,app_store_reviews_complete.csv,af,0.5,True,contextual,220
Amazing! outstanding Best app ever.,5.0,Bike service @,2025-10-17T04:50:36-07:00,25.1003.00,app_store_reviews_complete.csv,af,0.5,True,template,220
undischarged,5.0,Bike service @,2025-10-17T04:50:36-07:00,25.1003.00,app_store_reviews_complete.csv,af,0.5,True,synonym,220
॥,5.0,Bike service @,2025-10-17T04:50:36-07:00,25.1003.00,app_store_reviews_complete.csv,af,0.5,True,contextual,220
concern,5.0,Apsra je,2025-10-17T02:59:40-07:00,25.1003.00,app_store_reviews_complete.csv,en,0.5,True,synonym,221
2007,5.0,Apsra je,2025-10-17T02:59:40-07:00,25.1003.00,app_store_reviews_complete.csv,en,0.5,True,contextual,221
Great experience. interesting Keep it up!,5.0,Apsra je,2025-10-17T02:59:40-07:00,25.1003.00,app_store_reviews_complete.csv,en,0.5,True,template,221
interest,5.0,Apsra je,2025-10-17T02:59:40-07:00,25.1003.00,app_store_reviews_complete.csv,en,0.5,True,synonym,221
2014,5.0,Apsra je,2025-10-17T02:59:40-07:00,25.1003.00,app_store_reviews_complete.csv,en,0.5,True,contextual,221
nice app,5.0,Hemanth11,2025-10-16T22:44:51-07:00,25.0919.07,app_store_reviews_complete.csv,it,0.6,True,synonym,222
nice press,5.0,Hemanth11,2025-10-16T22:44:51-07:00,25.0919.07,app_store_reviews_complete.csv,it,0.6,True,contextual,222
Love this app! nice app Best app ever.,5.0,Hemanth11,2025-10-16T22:44:51-07:00,25.0919.07,app_store_reviews_complete.csv,it,0.6,True,template,222
dainty app,5.0,Hemanth11,2025-10-16T22:44:51-07:00,25.0919.07,app_store_reviews_complete.csv,it,0.6,True,synonym,222
mobile app,5.0,Hemanth11,2025-10-16T22:44:51-07:00,25.0919.07,app_store_reviews_complete.csv,it,0.6,True,contextual,222
superintendent,5.0,Madiga manohar,2025-10-16T18:55:56-07:00,25.0919.07,app_store_reviews_complete.csv,ro,0.3333333333333333,True,synonym,224
‡,5.0,Madiga manohar,2025-10-16T18:55:56-07:00,25.0919.07,app_store_reviews_complete.csv,ro,0.3333333333333333,True,contextual,224
Great experience. super Five stars!,5.0,Madiga manohar,2025-10-16T18:55:56-07:00,25.0919.07,app_store_reviews_complete.csv,ro,0.3333333333333333,True,template,224
superintendent,5.0,Madiga manohar,2025-10-16T18:55:56-07:00,25.0919.07,app_store_reviews_complete.csv,ro,0.3333333333333333,True,synonym,224
42,5.0,Madiga manohar,2025-10-16T18:55:56-07:00,25.0919.07,app_store_reviews_complete.csv,ro,0.3333333333333333,True,contextual,224
real slow,5.0,drshivchoudhary,2025-10-02T08:51:09-07:00,25.0905.05,app_store_reviews_complete.csv,cs,-0.39,True,synonym,338
speak slow,5.0,drshivchoudhary,2025-10-02T08:51:09-07:00,25.0905.05,app_store_reviews_complete.csv,cs,-0.39,True,contextual,338
Amazing! very slow Keep it up!,5.0,drshivchoudhary,2025-10-02T08:51:09-07:00,25.0905.05,app_store_reviews_complete.csv,cs,-0.39,True,template,338
real slow,5.0,drshivchoudhary,2025-10-02T08:51:09-07:00,25.0905.05,app_store_reviews_complete.csv,cs,-0.39,True,synonym,338
very frequent,5.0,drshivchoudhary,2025-10-02T08:51:09-07:00,25.0905.05,app_store_reviews_complete.csv,cs,-0.39,True,contextual,338
super ap,5.0,RatnaPaul,2025-10-02T08:02:19-07:00,25.0905.05,app_store_reviews_complete.csv,fr,0.3333333333333333,True,synonym,339
super tuesday,5.0,RatnaPaul,2025-10-02T08:02:19-07:00,25.0905.05,app_store_reviews_complete.csv,fr,0.3333333333333333,True,contextual,339
Great experience. super app Keep it up!,5.0,RatnaPaul,2025-10-02T08:02:19-07:00,25.0905.05,app_store_reviews_complete.csv,fr,0.3333333333333333,True,template,339
super app,5.0,RatnaPaul,2025-10-02T08:02:19-07:00,25.0905.05,app_store_reviews_complete.csv,fr,0.3333333333333333,True,synonym,339
super dragon,5.0,RatnaPaul,2025-10-02T08:02:19-07:00,25.0905.05,app_store_reviews_complete.csv,fr,0.3333333333333333,True,contextual,339
phone pe rattling good,5.0,Lakshya Sahu,2025-10-02T07:26:44-07:00,25.0905.05,app_store_reviews_complete.csv,en,0.91,True,synonym,340
phone pe wires often,5.0,Lakshya Sahu,2025-10-02T07:26:44-07:00,25.0905.05,app_store_reviews_complete.csv,en,0.91,True,contextual,340
Love this app! phone pe very good Worth trying.,5.0,Lakshya Sahu,2025-10-02T07:26:44-07:00,25.0905.05,app_store_reviews_complete.csv,en,0.91,True,template,340
phone pe very unspoilt,5.0,Lakshya Sahu,2025-10-02T07:26:44-07:00,25.0905.05,app_store_reviews_complete.csv,en,0.91,True,synonym,340
phone pe que popular,5.0,Lakshya Sahu,2025-10-02T07:26:44-07:00,25.0905.05,app_store_reviews_complete.csv,en,0.91,True,contextual,340
like it for upi transactions,5.0,Mayur_marq,2025-10-02T06:43:29-07:00,25.0905.05,app_store_reviews_complete.csv,en,0.6,True,synonym,342
reprinted it from upi transactions,5.0,Mayur_marq,2025-10-02T06:43:29-07:00,25.0905.05,app_store_reviews_complete.csv,en,0.6,True,contextual,342
Great experience. liked it for upi transactions Keep it up!,5.0,Mayur_marq,2025-10-02T06:43:29-07:00,25.0905.05,app_store_reviews_complete.csv,en,0.6,True,template,342
liked it for upi transactions,5.0,Mayur_marq,2025-10-02T06:43:29-07:00,25.0905.05,app_store_reviews_complete.csv,en,0.6,True,synonym,342
liked them for big transactions,5.0,Mayur_marq,2025-10-02T06:43:29-07:00,25.0905.05,app_store_reviews_complete.csv,en,0.6,True,contextual,342
awesome and expert service,5.0,Adv Tanmay,2025-10-01T07:49:06-07:00,25.0905.05,app_store_reviews_complete.csv,en,0.85,True,synonym,346
bright and good news,5.0,Adv Tanmay,2025-10-01T07:49:06-07:00,25.0905.05,app_store_reviews_complete.csv,en,0.85,True,contextual,346
Highly recommend. awesome and good service Worth trying.,5.0,Adv Tanmay,2025-10-01T07:49:06-07:00,25.0905.05,app_store_reviews_complete.csv,en,0.85,True,template,346
awe inspiring and good service,5.0,Adv Tanmay,2025-10-01T07:49:06-07:00,25.0905.05,app_store_reviews_complete.csv,en,0.85,True,synonym,346
strength and good intentions,5.0,Adv Tanmay,2025-10-01T07:49:06-07:00,25.0905.05,app_store_reviews_complete.csv,en,0.85,True,contextual,346
goood,5.0,Shabu fatha,2025-10-01T00:27:21-07:00,25.0905.05,app_store_reviews_complete.csv,so,0.0,True,synonym,348
49,5.0,Shabu fatha,2025-10-01T00:27:21-07:00,25.0905.05,app_store_reviews_complete.csv,so,0.0,True,contextual,348
Great experience. goood Best app ever.,5.0,Shabu fatha,2025-10-01T00:27:21-07:00,25.0905.05,app_store_reviews_complete.csv,so,0.0,True,template,348
goood,5.0,Shabu fatha,2025-10-01T00:27:21-07:00,25.0905.05,app_store_reviews_complete.csv,so,0.0,True,synonym,348
‡,5.0,Shabu fatha,2025-10-01T00:27:21-07:00,25.0905.05,app_store_reviews_complete.csv,so,0.0,True,contextual,348
world good app good workings,5.0,JAGDISHSINH VAGHELA,2025-09-30T22:22:33-07:00,25.0905.05,app_store_reviews_complete.csv,af,0.85,True,synonym,349
world best app mobile apps,5.0,JAGDISHSINH VAGHELA,2025-09-30T22:22:33-07:00,25.0905.05,app_store_reviews_complete.csv,af,0.85,True,contextual,349
Amazing! world best app good working Best app ever.,5.0,JAGDISHSINH VAGHELA,2025-09-30T22:22:33-07:00,25.0905.05,app_store_reviews_complete.csv,af,0.85,True,template,349
world best app well workings,5.0,JAGDISHSINH VAGHELA,2025-09-30T22:22:33-07:00,25.0905.05,app_store_reviews_complete.csv,af,0.85,True,synonym,349
world wide app developers working,5.0,JAGDISHSINH VAGHELA,2025-09-30T22:22:33-07:00,25.0905.05,app_store_reviews_complete.csv,af,0.85,True,contextual,349
u r taking too much bang,1.0,srk0425,2025-09-30T22:15:02-07:00,25.0905.05,app_store_reviews_complete.csv,en,0.2,True,synonym,350
u begin taking pretty much charges,1.0,srk0425,2025-09-30T22:15:02-07:00,25.0905.05,app_store_reviews_complete.csv,en,0.2,True,contextual,350
Terrible experience. u r taking too much charges Won't use again.,1.0,srk0425,2025-09-30T22:15:02-07:00,25.0905.05,app_store_reviews_complete.csv,en,0.2,True,template,350
u gas constant taking as well much charges,1.0,srk0425,2025-09-30T22:15:02-07:00,25.0905.05,app_store_reviews_complete.csv,en,0.2,True,synonym,350
u on taking too much risk,1.0,srk0425,2025-09-30T22:15:02-07:00,25.0905.05,app_store_reviews_complete.csv,en,0.2,True,contextual,350
rattling safe and secure app,5.0,Phone Pay App,2025-09-30T19:19:18-07:00,25.0905.05,app_store_reviews_complete.csv,en,0.525,True,synonym,351
overall safe and secure vessel,5.0,Phone Pay App,2025-09-30T19:19:18-07:00,25.0905.05,app_store_reviews_complete.csv,en,0.525,True,contextual,351
Great experience. very safe and secure app Best app ever.,5.0,Phone Pay App,2025-09-30T19:19:18-07:00,25.0905.05,app_store_reviews_complete.csv,en,0.525,True,template,351
rattling secure and secure app,5.0,Phone Pay App,2025-09-30T19:19:18-07:00,25.0905.05,app_store_reviews_complete.csv,en,0.525,True,synonym,351
very efficient and secure environment,5.0,Phone Pay App,2025-09-30T19:19:18-07:00,25.0905.05,app_store_reviews_complete.csv,en,0.525,True,contextual,351
it ' s outstanding,5.0,Vanshiiiiiiiiiiiiii,2025-10-16T10:02:57-07:00,25.0919.07,app_store_reviews_complete.csv,en,0.8,True,synonym,227
friends ' re great,5.0,Vanshiiiiiiiiiiiiii,2025-10-16T10:02:57-07:00,25.0919.07,app_store_reviews_complete.csv,en,0.8,True,contextual,227
Love this app! it's great Worth trying.,5.0,Vanshiiiiiiiiiiiiii,2025-10-16T10:02:57-07:00,25.0919.07,app_store_reviews_complete.csv,en,0.8,True,template,227
information technology ' s great,5.0,Vanshiiiiiiiiiiiiii,2025-10-16T10:02:57-07:00,25.0919.07,app_store_reviews_complete.csv,en,0.8,True,synonym,227
it ' g weird,5.0,Vanshiiiiiiiiiiiiii,2025-10-16T10:02:57-07:00,25.0919.07,app_store_reviews_complete.csv,en,0.8,True,contextual,227
native american app,5.0,@(e54,2025-10-16T09:57:31-07:00,25.0919.07,app_store_reviews_complete.csv,it,0.0,True,synonym,228
facebook app,5.0,@(e54,2025-10-16T09:57:31-07:00,25.0919.07,app_store_reviews_complete.csv,it,0.0,True,contextual,228
Love this app! indian app Keep it up!,5.0,@(e54,2025-10-16T09:57:31-07:00,25.0919.07,app_store_reviews_complete.csv,it,0.0,True,template,228
indian app,5.0,@(e54,2025-10-16T09:57:31-07:00,25.0919.07,app_store_reviews_complete.csv,it,0.0,True,synonym,228
smartphone app,5.0,@(e54,2025-10-16T09:57:31-07:00,25.0919.07,app_store_reviews_complete.csv,it,0.0,True,contextual,228
awesome divine service,5.0,Pappu Choubey,2025-10-16T05:47:59-07:00,25.0919.07,app_store_reviews_complete.csv,en,0.91,True,synonym,229
all good service,5.0,Pappu Choubey,2025-10-16T05:47:59-07:00,25.0919.07,app_store_reviews_complete.csv,en,0.91,True,contextual,229
Great experience. awesome service Worth trying.,5.0,Pappu Choubey,2025-10-16T05:47:59-07:00,25.0919.07,app_store_reviews_complete.csv,en,0.91,True,template,229
really good service,5.0,Pappu Choubey,2025-10-16T05:47:59-07:00,25.0919.07,app_store_reviews_complete.csv,en,0.91,True,synonym,229
conspicuous good service,5.0,Pappu Choubey,2025-10-16T05:47:59-07:00,25.0919.07,app_store_reviews_complete.csv,en,0.91,True,contextual,229
ne'er ever stuck my money,5.0,ronystar13,2025-10-16T03:31:05-07:00,25.0919.07,app_store_reviews_complete.csv,no,0.0,True,synonym,230
never about stuck my badge,5.0,ronystar13,2025-10-16T03:31:05-07:00,25.0919.07,app_store_reviews_complete.csv,no,0.0,True,contextual,230
Love this app! never ever stuck my money Best app ever.,5.0,ronystar13,2025-10-16T03:31:05-07:00,25.0919.07,app_store_reviews_complete.csv,no,0.0,True,template,230
never ever get my money,5.0,ronystar13,2025-10-16T03:31:05-07:00,25.0919.07,app_store_reviews_complete.csv,no,0.0,True,synonym,230
rarely ever stuck my finger,5.0,ronystar13,2025-10-16T03:31:05-07:00,25.0919.07,app_store_reviews_complete.csv,no,0.0,True,contextual,230
best shopping app,5.0,As aman,2025-10-15T21:00:52-07:00,25.0919.07,app_store_reviews_complete.csv,en,1.0,True,synonym,233
best mobile app,5.0,As aman,2025-10-15T21:00:52-07:00,25.0919.07,app_store_reviews_complete.csv,en,1.0,True,contextual,233
Love this app! best shopping app Best app ever.,5.0,As aman,2025-10-15T21:00:52-07:00,25.0919.07,app_store_reviews_complete.csv,en,1.0,True,template,233
best shopping app,5.0,As aman,2025-10-15T21:00:52-07:00,25.0919.07,app_store_reviews_complete.csv,en,1.0,True,synonym,233
best new app,5.0,As aman,2025-10-15T21:00:52-07:00,25.0919.07,app_store_reviews_complete.csv,en,1.0,True,contextual,233
good and very authentic,5.0,Fantastic and pure reliable,2025-10-15T20:31:33-07:00,25.0919.07,app_store_reviews_complete.csv,en,0.4499999999999999,True,synonym,234
public roads very reliable,5.0,Fantastic and pure reliable,2025-10-15T20:31:33-07:00,25.0919.07,app_store_reviews_complete.csv,en,0.4499999999999999,True,contextual,234
Highly recommend. good and very reliable Worth trying.,5.0,Fantastic and pure reliable,2025-10-15T20:31:33-07:00,25.0919.07,app_store_reviews_complete.csv,en,0.4499999999999999,True,template,234
good and really reliable,5.0,Fantastic and pure reliable,2025-10-15T20:31:33-07:00,25.0919.07,app_store_reviews_complete.csv,en,0.4499999999999999,True,synonym,234
broad and very sharp,5.0,Fantastic and pure reliable,2025-10-15T20:31:33-07:00,25.0919.07,app_store_reviews_complete.csv,en,0.4499999999999999,True,contextual,234
dependable,5.0,Pankaj kumar good balu,2025-10-15T19:01:41-07:00,25.0919.07,app_store_reviews_complete.csv,so,0.7,True,synonym,235
38,5.0,Pankaj kumar good balu,2025-10-15T19:01:41-07:00,25.0919.07,app_store_reviews_complete.csv,so,0.7,True,contextual,235
Amazing! good Five stars!,5.0,Pankaj kumar good balu,2025-10-15T19:01:41-07:00,25.0919.07,app_store_reviews_complete.csv,so,0.7,True,template,235
proficient,5.0,Pankaj kumar good balu,2025-10-15T19:01:41-07:00,25.0919.07,app_store_reviews_complete.csv,so,0.7,True,synonym,235
pdf,5.0,Pankaj kumar good balu,2025-10-15T19:01:41-07:00,25.0919.07,app_store_reviews_complete.csv,so,0.7,True,contextual,235
best upi app beneficial and easy to used user interface,5.0,nanhansjjjs,2025-10-15T10:19:40-07:00,25.0919.07,app_store_reviews_complete.csv,en,0.7111111111111111,True,synonym,237
android upi app lets ict easy to used interface,5.0,nanhansjjjs,2025-10-15T10:19:40-07:00,25.0919.07,app_store_reviews_complete.csv,en,0.7111111111111111,True,contextual,237
Highly recommend. best upi app good and easy to used interface Keep it up!,5.0,nanhansjjjs,2025-10-15T10:19:40-07:00,25.0919.07,app_store_reviews_complete.csv,en,0.7111111111111111,True,template,237
good upi app good and easy to used user interface,5.0,nanhansjjjs,2025-10-15T10:19:40-07:00,25.0919.07,app_store_reviews_complete.csv,en,0.7111111111111111,True,synonym,237
latest upi app suitable and easy to used iphone,5.0,nanhansjjjs,2025-10-15T10:19:40-07:00,25.0919.07,app_store_reviews_complete.csv,en,0.7111111111111111,True,contextual,237
honest app for payment,5.0,SAHIL MastNath,2025-10-15T08:45:46-07:00,25.0919.07,app_store_reviews_complete.csv,no,1.0,True,synonym,238
mobile app online payment,5.0,SAHIL MastNath,2025-10-15T08:45:46-07:00,25.0919.07,app_store_reviews_complete.csv,no,1.0,True,contextual,238
Amazing! best app for payment Worth trying.,5.0,SAHIL MastNath,2025-10-15T08:45:46-07:00,25.0919.07,app_store_reviews_complete.csv,no,1.0,True,template,238
best app for defrayal,5.0,SAHIL MastNath,2025-10-15T08:45:46-07:00,25.0919.07,app_store_reviews_complete.csv,no,1.0,True,synonym,238
best monthly check payment,5.0,SAHIL MastNath,2025-10-15T08:45:46-07:00,25.0919.07,app_store_reviews_complete.csv,no,1.0,True,contextual,238
skillful,5.0,Vishhahah,2025-10-14T23:30:28-07:00,25.0919.07,app_store_reviews_complete.csv,so,0.7,True,synonym,240
2015,5.0,Vishhahah,2025-10-14T23:30:28-07:00,25.0919.07,app_store_reviews_complete.csv,so,0.7,True,contextual,240
Love this app! good Worth trying.,5.0,Vishhahah,2025-10-14T23:30:28-07:00,25.0919.07,app_store_reviews_complete.csv,so,0.7,True,template,240
dear,5.0,Vishhahah,2025-10-14T23:30:28-07:00,25.0919.07,app_store_reviews_complete.csv,so,0.7,True,synonym,240
5,5.0,Vishhahah,2025-10-14T23:30:28-07:00,25.0919.07,app_store_reviews_complete.csv,so,0.7,True,contextual,240
overnice,5.0,Vkb bas,2025-10-18T09:14:56-07:00,25.1003.00,app_store_reviews_complete.csv,pl,0.6,True,synonym,210
13,5.0,Vkb bas,2025-10-18T09:14:56-07:00,25.1003.00,app_store_reviews_complete.csv,pl,0.6,True,contextual,210
Great experience. nice Worth trying.,5.0,Vkb bas,2025-10-18T09:14:56-07:00,25.1003.00,app_store_reviews_complete.csv,pl,0.6,True,template,210
decent,5.0,Vkb bas,2025-10-18T09:14:56-07:00,25.1003.00,app_store_reviews_complete.csv,pl,0.6,True,synonym,210
58,5.0,Vkb bas,2025-10-18T09:14:56-07:00,25.1003.00,app_store_reviews_complete.csv,pl,0.6,True,contextual,210
dear,5.0,Ujhfgghhj,2025-10-18T07:56:52-07:00,25.1003.00,app_store_reviews_complete.csv,so,0.7,True,synonym,211
2015,5.0,Ujhfgghhj,2025-10-18T07:56:52-07:00,25.1003.00,app_store_reviews_complete.csv,so,0.7,True,contextual,211
Highly recommend. good Best app ever.,5.0,Ujhfgghhj,2025-10-18T07:56:52-07:00,25.1003.00,app_store_reviews_complete.csv,so,0.7,True,template,211
practiced,5.0,Ujhfgghhj,2025-10-18T07:56:52-07:00,25.1003.00,app_store_reviews_complete.csv,so,0.7,True,synonym,211
pdf,5.0,Ujhfgghhj,2025-10-18T07:56:52-07:00,25.1003.00,app_store_reviews_complete.csv,so,0.7,True,contextual,211
maja aa raha hai simple minded soft and libertine,5.0,Zaki @50,2025-10-18T06:12:37-07:00,25.1003.00,app_store_reviews_complete.csv,et,0.2111111111111111,True,synonym,212
maja ka sa pa simple easy and fast,5.0,Zaki @50,2025-10-18T06:12:37-07:00,25.1003.00,app_store_reviews_complete.csv,et,0.2111111111111111,True,contextual,212
Amazing! maja aa raha hai simple easy and fast Five stars!,5.0,Zaki @50,2025-10-18T06:12:37-07:00,25.1003.00,app_store_reviews_complete.csv,et,0.2111111111111111,True,template,212
maja aa raha hai simple well heeled and libertine,5.0,Zaki @50,2025-10-18T06:12:37-07:00,25.1003.00,app_store_reviews_complete.csv,et,0.2111111111111111,True,synonym,212
wah aa mein hai simple easy and quiet,5.0,Zaki @50,2025-10-18T06:12:37-07:00,25.1003.00,app_store_reviews_complete.csv,et,0.2111111111111111,True,contextual,212
superintendent,5.0,Barad Harshad,2025-10-18T04:16:56-07:00,25.1003.00,app_store_reviews_complete.csv,ro,0.3333333333333333,True,synonym,213
1,5.0,Barad Harshad,2025-10-18T04:16:56-07:00,25.1003.00,app_store_reviews_complete.csv,ro,0.3333333333333333,True,contextual,213
Amazing! super Keep it up!,5.0,Barad Harshad,2025-10-18T04:16:56-07:00,25.1003.00,app_store_reviews_complete.csv,ro,0.3333333333333333,True,template,213
superintendent,5.0,Barad Harshad,2025-10-18T04:16:56-07:00,25.1003.00,app_store_reviews_complete.csv,ro,0.3333333333333333,True,synonym,213
111,5.0,Barad Harshad,2025-10-18T04:16:56-07:00,25.1003.00,app_store_reviews_complete.csv,ro,0.3333333333333333,True,contextual,213
respectable luck,5.0,Bavnjibhia bariy,2025-10-18T02:12:28-07:00,25.1003.00,app_store_reviews_complete.csv,so,0.7,True,synonym,215
free luck,5.0,Bavnjibhia bariy,2025-10-18T02:12:28-07:00,25.1003.00,app_store_reviews_complete.csv,so,0.7,True,contextual,215
Amazing! good luck Keep it up!,5.0,Bavnjibhia bariy,2025-10-18T02:12:28-07:00,25.1003.00,app_store_reviews_complete.csv,so,0.7,True,template,215
good hazard,5.0,Bavnjibhia bariy,2025-10-18T02:12:28-07:00,25.1003.00,app_store_reviews_complete.csv,so,0.7,True,synonym,215
good deed,5.0,Bavnjibhia bariy,2025-10-18T02:12:28-07:00,25.1003.00,app_store_reviews_complete.csv,so,0.7,True,contextual,215
ripe,5.0,vaghela kiran,2025-10-17T22:05:21-07:00,25.1003.00,app_store_reviews_complete.csv,so,0.7,True,synonym,216
●,5.0,vaghela kiran,2025-10-17T22:05:21-07:00,25.1003.00,app_store_reviews_complete.csv,so,0.7,True,contextual,216
Highly recommend. good Five stars!,5.0,vaghela kiran,2025-10-17T22:05:21-07:00,25.1003.00,app_store_reviews_complete.csv,so,0.7,True,template,216
practiced,5.0,vaghela kiran,2025-10-17T22:05:21-07:00,25.1003.00,app_store_reviews_complete.csv,so,0.7,True,synonym,216
[UNK],5.0,vaghela kiran,2025-10-17T22:05:21-07:00,25.1003.00,app_store_reviews_complete.csv,so,0.7,True,contextual,216
serious,5.0,GP1750,2025-10-12T23:23:15-07:00,25.0919.06,app_store_reviews_complete.csv,so,0.7,True,synonym,253
11,5.0,GP1750,2025-10-12T23:23:15-07:00,25.0919.06,app_store_reviews_complete.csv,so,0.7,True,contextual,253
Highly recommend. good Worth trying.,5.0,GP1750,2025-10-12T23:23:15-07:00,25.0919.06,app_store_reviews_complete.csv,so,0.7,True,template,253
honest,5.0,GP1750,2025-10-12T23:23:15-07:00,25.0919.06,app_store_reviews_complete.csv,so,0.7,True,synonym,253
pdf,5.0,GP1750,2025-10-12T23:23:15-07:00,25.0919.06,app_store_reviews_complete.csv,so,0.7,True,contextual,253
right,5.0,gssony,2025-10-12T22:40:21-07:00,25.0919.06,app_store_reviews_complete.csv,so,0.7,True,synonym,254
251,5.0,gssony,2025-10-12T22:40:21-07:00,25.0919.06,app_store_reviews_complete.csv,so,0.7,True,contextual,254
Great experience. good Keep it up!,5.0,gssony,2025-10-12T22:40:21-07:00,25.0919.06,app_store_reviews_complete.csv,so,0.7,True,template,254
in effect,5.0,gssony,2025-10-12T22:40:21-07:00,25.0919.06,app_store_reviews_complete.csv,so,0.7,True,synonym,254
13,5.0,gssony,2025-10-12T22:40:21-07:00,25.0919.06,app_store_reviews_complete.csv,so,0.7,True,contextual,254
excellent,5.0,Naveen nannu,2025-10-12T19:53:33-07:00,25.0919.06,app_store_reviews_complete.csv,ca,1.0,True,synonym,256
222,5.0,Naveen nannu,2025-10-12T19:53:33-07:00,25.0919.06,app_store_reviews_complete.csv,ca,1.0,True,contextual,256
Love this app! excellent Worth trying.,5.0,Naveen nannu,2025-10-12T19:53:33-07:00,25.0919.06,app_store_reviews_complete.csv,ca,1.0,True,template,256
excellent,5.0,Naveen nannu,2025-10-12T19:53:33-07:00,25.0919.06,app_store_reviews_complete.csv,ca,1.0,True,synonym,256
·,5.0,Naveen nannu,2025-10-12T19:53:33-07:00,25.0919.06,app_store_reviews_complete.csv,ca,1.0,True,contextual,256
real good,5.0,Ankushrao,2025-10-04T07:35:37-07:00,25.0905.05,app_store_reviews_complete.csv,af,0.91,True,synonym,322
very rare,5.0,Ankushrao,2025-10-04T07:35:37-07:00,25.0905.05,app_store_reviews_complete.csv,af,0.91,True,contextual,322
Great experience. very good Best app ever.,5.0,Ankushrao,2025-10-04T07:35:37-07:00,25.0905.05,app_store_reviews_complete.csv,af,0.91,True,template,322
really good,5.0,Ankushrao,2025-10-04T07:35:37-07:00,25.0905.05,app_store_reviews_complete.csv,af,0.91,True,synonym,322
very rare,5.0,Ankushrao,2025-10-04T07:35:37-07:00,25.0905.05,app_store_reviews_complete.csv,af,0.91,True,contextual,322
salutary,5.0,Sahil1171,2025-10-04T06:37:10-07:00,25.0905.05,app_store_reviews_complete.csv,so,0.7,True,synonym,324
42,5.0,Sahil1171,2025-10-04T06:37:10-07:00,25.0905.05,app_store_reviews_complete.csv,so,0.7,True,contextual,324
Highly recommend. good Five stars!,5.0,Sahil1171,2025-10-04T06:37:10-07:00,25.0905.05,app_store_reviews_complete.csv,so,0.7,True,template,324
effective,5.0,Sahil1171,2025-10-04T06:37:10-07:00,25.0905.05,app_store_reviews_complete.csv,so,0.7,True,synonym,324
·,5.0,Sahil1171,2025-10-04T06:37:10-07:00,25.0905.05,app_store_reviews_complete.csv,so,0.7,True,contextual,324
adept i am felicitous,5.0,Aniket gotad,2025-11-10T02:29:26-07:00,25.1017.05,app_store_reviews_complete.csv,cy,0.75,True,synonym,25
whom i am thee,5.0,Aniket gotad,2025-11-10T02:29:26-07:00,25.1017.05,app_store_reviews_complete.csv,cy,0.75,True,contextual,25
Amazing! good i am happy Keep it up!,5.0,Aniket gotad,2025-11-10T02:29:26-07:00,25.1017.05,app_store_reviews_complete.csv,cy,0.75,True,template,25
dependable i am well chosen,5.0,Aniket gotad,2025-11-10T02:29:26-07:00,25.1017.05,app_store_reviews_complete.csv,cy,0.75,True,synonym,25
good thy am thee,5.0,Aniket gotad,2025-11-10T02:29:26-07:00,25.1017.05,app_store_reviews_complete.csv,cy,0.75,True,contextual,25
very real fast,5.0,ankit.timbadia,2025-10-04T01:07:24-07:00,25.0905.05,app_store_reviews_complete.csv,en,0.26,True,synonym,326
steer very fast,5.0,ankit.timbadia,2025-10-04T01:07:24-07:00,25.0905.05,app_store_reviews_complete.csv,en,0.26,True,contextual,326
Love this app! very very fast Five stars!,5.0,ankit.timbadia,2025-10-04T01:07:24-07:00,25.0905.05,app_store_reviews_complete.csv,en,0.26,True,template,326
very real fast,5.0,ankit.timbadia,2025-10-04T01:07:24-07:00,25.0905.05,app_store_reviews_complete.csv,en,0.26,True,synonym,326
accelerate very fast,5.0,ankit.timbadia,2025-10-04T01:07:24-07:00,25.0905.05,app_store_reviews_complete.csv,en,0.26,True,contextual,326
remove lend,5.0,dr.rahul0987,2025-10-03T20:33:55-07:00,25.0905.05,app_store_reviews_complete.csv,sl,0.0,True,synonym,328
google adds,5.0,dr.rahul0987,2025-10-03T20:33:55-07:00,25.0905.05,app_store_reviews_complete.csv,sl,0.0,True,contextual,328
Highly recommend. remove adds Best app ever.,5.0,dr.rahul0987,2025-10-03T20:33:55-07:00,25.0905.05,app_store_reviews_complete.csv,sl,0.0,True,template,328
polish off adds,5.0,dr.rahul0987,2025-10-03T20:33:55-07:00,25.0905.05,app_store_reviews_complete.csv,sl,0.0,True,synonym,328
remove traces,5.0,dr.rahul0987,2025-10-03T20:33:55-07:00,25.0905.05,app_store_reviews_complete.csv,sl,0.0,True,contextual,328
this be a beautifully design app,5.0,Tonhi11,2025-10-03T09:36:32-07:00,25.0905.05,app_store_reviews_complete.csv,en,0.85,True,synonym,330
this yields a custom designed app,5.0,Tonhi11,2025-10-03T09:36:32-07:00,25.0905.05,app_store_reviews_complete.csv,en,0.85,True,contextual,330
Great experience. this is a beautifully designed app Best app ever.,5.0,Tonhi11,2025-10-03T09:36:32-07:00,25.0905.05,app_store_reviews_complete.csv,en,0.85,True,template,330
this be a beautifully designed app,5.0,Tonhi11,2025-10-03T09:36:32-07:00,25.0905.05,app_store_reviews_complete.csv,en,0.85,True,synonym,330
this is a poorly designed clubhouse,5.0,Tonhi11,2025-10-03T09:36:32-07:00,25.0905.05,app_store_reviews_complete.csv,en,0.85,True,contextual,330
sang froid,5.0,DarrenFern,2025-11-10T03:23:06-07:00,25.1017.05,app_store_reviews_complete.csv,en,0.35,True,synonym,24
·,5.0,DarrenFern,2025-11-10T03:23:06-07:00,25.1017.05,app_store_reviews_complete.csv,en,0.35,True,contextual,24
Love this app! cool Keep it up!,5.0,DarrenFern,2025-11-10T03:23:06-07:00,25.1017.05,app_store_reviews_complete.csv,en,0.35,True,template,24
sang froid,5.0,DarrenFern,2025-11-10T03:23:06-07:00,25.1017.05,app_store_reviews_complete.csv,en,0.35,True,synonym,24
•,5.0,DarrenFern,2025-11-10T03:23:06-07:00,25.1017.05,app_store_reviews_complete.csv,en,0.35,True,contextual,24
real good,5.0,dpshori,2025-10-02T21:37:05-07:00,25.0905.05,app_store_reviews_complete.csv,af,0.91,True,synonym,332
very simple,5.0,dpshori,2025-10-02T21:37:05-07:00,25.0905.05,app_store_reviews_complete.csv,af,0.91,True,contextual,332
Great experience. very good Best app ever.,5.0,dpshori,2025-10-02T21:37:05-07:00,25.0905.05,app_store_reviews_complete.csv,af,0.91,True,template,332
real good,5.0,dpshori,2025-10-02T21:37:05-07:00,25.0905.05,app_store_reviews_complete.csv,af,0.91,True,synonym,332
holy good,5.0,dpshori,2025-10-02T21:37:05-07:00,25.0905.05,app_store_reviews_complete.csv,af,0.91,True,contextual,332
dependable,5.0,Pedestal ku,2025-10-02T21:13:23-07:00,25.0905.05,app_store_reviews_complete.csv,so,0.7,True,synonym,333
117,5.0,Pedestal ku,2025-10-02T21:13:23-07:00,25.0905.05,app_store_reviews_complete.csv,so,0.7,True,contextual,333
Great experience. good Five stars!,5.0,Pedestal ku,2025-10-02T21:13:23-07:00,25.0905.05,app_store_reviews_complete.csv,so,0.7,True,template,333
skillful,5.0,Pedestal ku,2025-10-02T21:13:23-07:00,25.0905.05,app_store_reviews_complete.csv,so,0.7,True,synonym,333
•,5.0,Pedestal ku,2025-10-02T21:13:23-07:00,25.0905.05,app_store_reviews_complete.csv,so,0.7,True,contextual,333
very safe,5.0,LokeshRaghav,2025-10-02T21:09:45-07:00,25.0905.05,app_store_reviews_complete.csv,af,0.91,True,synonym,334
very handsome,5.0,LokeshRaghav,2025-10-02T21:09:45-07:00,25.0905.05,app_store_reviews_complete.csv,af,0.91,True,contextual,334
Great experience. awesome Five stars!,5.0,LokeshRaghav,2025-10-02T21:09:45-07:00,25.0905.05,app_store_reviews_complete.csv,af,0.91,True,template,334
very honorable,5.0,LokeshRaghav,2025-10-02T21:09:45-07:00,25.0905.05,app_store_reviews_complete.csv,af,0.91,True,synonym,334
live good,5.0,LokeshRaghav,2025-10-02T21:09:45-07:00,25.0905.05,app_store_reviews_complete.csv,af,0.91,True,contextual,334
"no glitch, no fault, no worry",5.0,Chetan_Bandge,2025-10-02T20:51:39-07:00,25.0905.05,app_store_reviews_complete.csv,en,0.0,True,synonym,335
"technical flaws, no errors, no twists",5.0,Chetan_Bandge,2025-10-02T20:51:39-07:00,25.0905.05,app_store_reviews_complete.csv,en,0.0,True,contextual,335
"Amazing! no glitches, no errors, no worries Worth trying.",5.0,Chetan_Bandge,2025-10-02T20:51:39-07:00,25.0905.05,app_store_reviews_complete.csv,en,0.0,True,template,335
"no glitch, no error, no worry",5.0,Chetan_Bandge,2025-10-02T20:51:39-07:00,25.0905.05,app_store_reviews_complete.csv,en,0.0,True,synonym,335
"no errors, never errors, without worries",5.0,Chetan_Bandge,2025-10-02T20:51:39-07:00,25.0905.05,app_store_reviews_complete.csv,en,0.0,True,contextual,335
tussle free transfer,5.0,Varma Rajesh,2025-10-02T11:57:14-07:00,25.0905.05,app_store_reviews_complete.csv,no,0.4,True,synonym,336
parachute free ascent,5.0,Varma Rajesh,2025-10-02T11:57:14-07:00,25.0905.05,app_store_reviews_complete.csv,no,0.4,True,contextual,336
Great experience. hassle free transfer Best app ever.,5.0,Varma Rajesh,2025-10-02T11:57:14-07:00,25.0905.05,app_store_reviews_complete.csv,no,0.4,True,template,336
scuffle free transfer,5.0,Varma Rajesh,2025-10-02T11:57:14-07:00,25.0905.05,app_store_reviews_complete.csv,no,0.4,True,synonym,336
australian free walk,5.0,Varma Rajesh,2025-10-02T11:57:14-07:00,25.0905.05,app_store_reviews_complete.csv,no,0.4,True,contextual,336
well,5.0,Lalmidhun k,2025-10-16T12:36:23-07:00,25.0919.07,app_store_reviews_complete.csv,so,0.7,True,synonym,225
see,5.0,Lalmidhun k,2025-10-16T12:36:23-07:00,25.0919.07,app_store_reviews_complete.csv,so,0.7,True,contextual,225
Love this app! good Keep it up!,5.0,Lalmidhun k,2025-10-16T12:36:23-07:00,25.0919.07,app_store_reviews_complete.csv,so,0.7,True,template,225
safe,5.0,Lalmidhun k,2025-10-16T12:36:23-07:00,25.0919.07,app_store_reviews_complete.csv,so,0.7,True,synonym,225
‡,5.0,Lalmidhun k,2025-10-16T12:36:23-07:00,25.0919.07,app_store_reviews_complete.csv,so,0.7,True,contextual,225
9999,5.0,Samadhan bodkhe,2025-10-11T22:13:12-07:00,25.0919.06,app_store_reviews_complete.csv,unknown,0.0,True,synonym,261
•,5.0,Samadhan bodkhe,2025-10-11T22:13:12-07:00,25.0919.06,app_store_reviews_complete.csv,unknown,0.0,True,contextual,261
Great experience. 9999 Worth trying.,5.0,Samadhan bodkhe,2025-10-11T22:13:12-07:00,25.0919.06,app_store_reviews_complete.csv,unknown,0.0,True,template,261
9999,5.0,Samadhan bodkhe,2025-10-11T22:13:12-07:00,25.0919.06,app_store_reviews_complete.csv,unknown,0.0,True,synonym,261
1,5.0,Samadhan bodkhe,2025-10-11T22:13:12-07:00,25.0919.06,app_store_reviews_complete.csv,unknown,0.0,True,contextual,261
very good estimate,5.0,avtar brar pola,2025-10-11T21:54:58-07:00,25.0919.06,app_store_reviews_complete.csv,af,0.91,True,synonym,262
very general idea,5.0,avtar brar pola,2025-10-11T21:54:58-07:00,25.0919.06,app_store_reviews_complete.csv,af,0.91,True,contextual,262
Highly recommend. very good idea Keep it up!,5.0,avtar brar pola,2025-10-11T21:54:58-07:00,25.0919.06,app_store_reviews_complete.csv,af,0.91,True,template,262
very skillful idea,5.0,avtar brar pola,2025-10-11T21:54:58-07:00,25.0919.06,app_store_reviews_complete.csv,af,0.91,True,synonym,262
very nice idea,5.0,avtar brar pola,2025-10-11T21:54:58-07:00,25.0919.06,app_store_reviews_complete.csv,af,0.91,True,contextual,262
tmkc,1.0,harshit7711,2025-10-11T09:30:33-07:00,25.0919.06,app_store_reviews_complete.csv,sl,0.0,True,synonym,263
252,1.0,harshit7711,2025-10-11T09:30:33-07:00,25.0919.06,app_store_reviews_complete.csv,sl,0.0,True,contextual,263
Not recommended. tmkc Very frustrated.,1.0,harshit7711,2025-10-11T09:30:33-07:00,25.0919.06,app_store_reviews_complete.csv,sl,0.0,True,template,263
tmkc,1.0,harshit7711,2025-10-11T09:30:33-07:00,25.0919.06,app_store_reviews_complete.csv,sl,0.0,True,synonym,263
48,1.0,harshit7711,2025-10-11T09:30:33-07:00,25.0919.06,app_store_reviews_complete.csv,sl,0.0,True,contextual,263
daud,5.0,Arbaz  nadaf,2025-11-10T06:48:46-07:00,25.1017.05,app_store_reviews_complete.csv,cy,0.0,True,synonym,23
§,5.0,Arbaz  nadaf,2025-11-10T06:48:46-07:00,25.1017.05,app_store_reviews_complete.csv,cy,0.0,True,contextual,23
Amazing! daud Best app ever.,5.0,Arbaz  nadaf,2025-11-10T06:48:46-07:00,25.1017.05,app_store_reviews_complete.csv,cy,0.0,True,template,23
daud,5.0,Arbaz  nadaf,2025-11-10T06:48:46-07:00,25.1017.05,app_store_reviews_complete.csv,cy,0.0,True,synonym,23
2,5.0,Arbaz  nadaf,2025-11-10T06:48:46-07:00,25.1017.05,app_store_reviews_complete.csv,cy,0.0,True,contextual,23
good service of process,5.0,Ketan chhatrola,2025-10-11T01:40:20-07:00,25.0919.06,app_store_reviews_complete.csv,hr,0.7,True,synonym,265
customs service,5.0,Ketan chhatrola,2025-10-11T01:40:20-07:00,25.0919.06,app_store_reviews_complete.csv,hr,0.7,True,contextual,265
Amazing! good service Five stars!,5.0,Ketan chhatrola,2025-10-11T01:40:20-07:00,25.0919.06,app_store_reviews_complete.csv,hr,0.7,True,template,265
good overhaul,5.0,Ketan chhatrola,2025-10-11T01:40:20-07:00,25.0919.06,app_store_reviews_complete.csv,hr,0.7,True,synonym,265
good enough,5.0,Ketan chhatrola,2025-10-11T01:40:20-07:00,25.0919.06,app_store_reviews_complete.csv,hr,0.7,True,contextual,265
flawless upi system,5.0,Krishan Kr,2025-10-10T21:11:54-07:00,25.0919.06,app_store_reviews_complete.csv,sv,1.0,True,synonym,266
flawless eagle logo,5.0,Krishan Kr,2025-10-10T21:11:54-07:00,25.0919.06,app_store_reviews_complete.csv,sv,1.0,True,contextual,266
Highly recommend. flawless upi system Best app ever.,5.0,Krishan Kr,2025-10-10T21:11:54-07:00,25.0919.06,app_store_reviews_complete.csv,sv,1.0,True,template,266
flawless upi organization,5.0,Krishan Kr,2025-10-10T21:11:54-07:00,25.0919.06,app_store_reviews_complete.csv,sv,1.0,True,synonym,266
slope grading system,5.0,Krishan Kr,2025-10-10T21:11:54-07:00,25.0919.06,app_store_reviews_complete.csv,sv,1.0,True,contextual,266
recharge,5.0,Tata recharge,2025-10-10T18:40:46-07:00,25.0919.06,app_store_reviews_complete.csv,en,0.0,True,synonym,267
118,5.0,Tata recharge,2025-10-10T18:40:46-07:00,25.0919.06,app_store_reviews_complete.csv,en,0.0,True,contextual,267
Great experience. recharge Worth trying.,5.0,Tata recharge,2025-10-10T18:40:46-07:00,25.0919.06,app_store_reviews_complete.csv,en,0.0,True,template,267
recharge,5.0,Tata recharge,2025-10-10T18:40:46-07:00,25.0919.06,app_store_reviews_complete.csv,en,0.0,True,synonym,267
3,5.0,Tata recharge,2025-10-10T18:40:46-07:00,25.0919.06,app_store_reviews_complete.csv,en,0.0,True,contextual,267
thriftlessness adds,5.0,sgsankar,2025-10-10T08:35:22-07:00,25.0919.06,app_store_reviews_complete.csv,af,-0.2,True,synonym,270
waste farming,5.0,sgsankar,2025-10-10T08:35:22-07:00,25.0919.06,app_store_reviews_complete.csv,af,-0.2,True,contextual,270
Amazing! waste adds Worth trying.,5.0,sgsankar,2025-10-10T08:35:22-07:00,25.0919.06,app_store_reviews_complete.csv,af,-0.2,True,template,270
waste add,5.0,sgsankar,2025-10-10T08:35:22-07:00,25.0919.06,app_store_reviews_complete.csv,af,-0.2,True,synonym,270
software adds,5.0,sgsankar,2025-10-10T08:35:22-07:00,25.0919.06,app_store_reviews_complete.csv,af,-0.2,True,contextual,270
well,5.0,Bheemanath,2025-10-10T07:37:19-07:00,25.0919.06,app_store_reviews_complete.csv,no,0.5,True,synonym,272
133,5.0,Bheemanath,2025-10-10T07:37:19-07:00,25.0919.06,app_store_reviews_complete.csv,no,0.5,True,contextual,272
Love this app! better Keep it up!,5.0,Bheemanath,2025-10-10T07:37:19-07:00,25.0919.06,app_store_reviews_complete.csv,no,0.5,True,template,272
intimately,5.0,Bheemanath,2025-10-10T07:37:19-07:00,25.0919.06,app_store_reviews_complete.csv,no,0.5,True,synonym,272
•,5.0,Bheemanath,2025-10-10T07:37:19-07:00,25.0919.06,app_store_reviews_complete.csv,no,0.5,True,contextual,272
user friendly,5.0,Pikuukanam,2025-10-14T22:41:03-07:00,25.0919.07,app_store_reviews_complete.csv,da,0.375,True,synonym,241
user guide,5.0,Pikuukanam,2025-10-14T22:41:03-07:00,25.0919.07,app_store_reviews_complete.csv,da,0.375,True,contextual,241
Amazing! user friendly Five stars!,5.0,Pikuukanam,2025-10-14T22:41:03-07:00,25.0919.07,app_store_reviews_complete.csv,da,0.375,True,template,241
user favorable,5.0,Pikuukanam,2025-10-14T22:41:03-07:00,25.0919.07,app_store_reviews_complete.csv,da,0.375,True,synonym,241
• friendly,5.0,Pikuukanam,2025-10-14T22:41:03-07:00,25.0919.07,app_store_reviews_complete.csv,da,0.375,True,contextual,241
very good iodine similar and prefer others to use,5.0,Omshreee,2025-10-14T09:24:01-07:00,25.0919.07,app_store_reviews_complete.csv,en,0.91,True,synonym,244
look good i hope you prefer others to use,5.0,Omshreee,2025-10-14T09:24:01-07:00,25.0919.07,app_store_reviews_complete.csv,en,0.91,True,contextual,244
Amazing! very good i like and prefer others to use Keep it up!,5.0,Omshreee,2025-10-14T09:24:01-07:00,25.0919.07,app_store_reviews_complete.csv,en,0.91,True,template,244
very good i corresponding and opt others to use,5.0,Omshreee,2025-10-14T09:24:01-07:00,25.0919.07,app_store_reviews_complete.csv,en,0.91,True,synonym,244
very good i like we prefer learn to behave,5.0,Omshreee,2025-10-14T09:24:01-07:00,25.0919.07,app_store_reviews_complete.csv,en,0.91,True,contextual,244
serious,5.0,Pradeep chinni,2025-10-14T08:09:20-07:00,25.0919.07,app_store_reviews_complete.csv,so,0.7,True,synonym,245
2012,5.0,Pradeep chinni,2025-10-14T08:09:20-07:00,25.0919.07,app_store_reviews_complete.csv,so,0.7,True,contextual,245
Love this app! good Keep it up!,5.0,Pradeep chinni,2025-10-14T08:09:20-07:00,25.0919.07,app_store_reviews_complete.csv,so,0.7,True,template,245
practiced,5.0,Pradeep chinni,2025-10-14T08:09:20-07:00,25.0919.07,app_store_reviews_complete.csv,so,0.7,True,synonym,245
pdf,5.0,Pradeep chinni,2025-10-14T08:09:20-07:00,25.0919.07,app_store_reviews_complete.csv,so,0.7,True,contextual,245
safe,5.0,Manita manger,2025-10-14T05:03:18-07:00,25.0919.07,app_store_reviews_complete.csv,so,0.7,True,synonym,246
•,5.0,Manita manger,2025-10-14T05:03:18-07:00,25.0919.07,app_store_reviews_complete.csv,so,0.7,True,contextual,246
Great experience. good Keep it up!,5.0,Manita manger,2025-10-14T05:03:18-07:00,25.0919.07,app_store_reviews_complete.csv,so,0.7,True,template,246
dear,5.0,Manita manger,2025-10-14T05:03:18-07:00,25.0919.07,app_store_reviews_complete.csv,so,0.7,True,synonym,246
theorem,5.0,Manita manger,2025-10-14T05:03:18-07:00,25.0919.07,app_store_reviews_complete.csv,so,0.7,True,contextual,246
gravel,5.0,Manju m g,2025-10-13T11:17:49-07:00,25.0919.06,app_store_reviews_complete.csv,sw,0.6000000000000001,True,synonym,248
·,5.0,Manju m g,2025-10-13T11:17:49-07:00,25.0919.06,app_store_reviews_complete.csv,sw,0.6000000000000001,True,contextual,248
Highly recommend. amazing Keep it up!,5.0,Manju m g,2025-10-13T11:17:49-07:00,25.0919.06,app_store_reviews_complete.csv,sw,0.6000000000000001,True,template,248
stick,5.0,Manju m g,2025-10-13T11:17:49-07:00,25.0919.06,app_store_reviews_complete.csv,sw,0.6000000000000001,True,synonym,248
2011,5.0,Manju m g,2025-10-13T11:17:49-07:00,25.0919.06,app_store_reviews_complete.csv,sw,0.6000000000000001,True,contextual,248
very decent,5.0,Nity Kishori,2025-10-13T10:13:26-07:00,25.0919.06,app_store_reviews_complete.csv,cs,0.78,True,synonym,249
hotel nice,5.0,Nity Kishori,2025-10-13T10:13:26-07:00,25.0919.06,app_store_reviews_complete.csv,cs,0.78,True,contextual,249
Amazing! very nice Worth trying.,5.0,Nity Kishori,2025-10-13T10:13:26-07:00,25.0919.06,app_store_reviews_complete.csv,cs,0.78,True,template,249
very dainty,5.0,Nity Kishori,2025-10-13T10:13:26-07:00,25.0919.06,app_store_reviews_complete.csv,cs,0.78,True,synonym,249
awesome,5.0,Nity Kishori,2025-10-13T10:13:26-07:00,25.0919.06,app_store_reviews_complete.csv,cs,0.78,True,contextual,249
ghatiya,1.0,Dc mehra,2025-10-13T08:45:10-07:00,25.0919.06,app_store_reviews_complete.csv,tl,0.0,True,synonym,250
52,1.0,Dc mehra,2025-10-13T08:45:10-07:00,25.0919.06,app_store_reviews_complete.csv,tl,0.0,True,contextual,250
Not recommended. ghatiya Won't use again.,1.0,Dc mehra,2025-10-13T08:45:10-07:00,25.0919.06,app_store_reviews_complete.csv,tl,0.0,True,template,250
ghatiya,1.0,Dc mehra,2025-10-13T08:45:10-07:00,25.0919.06,app_store_reviews_complete.csv,tl,0.0,True,synonym,250
111,1.0,Dc mehra,2025-10-13T08:45:10-07:00,25.0919.06,app_store_reviews_complete.csv,tl,0.0,True,contextual,250
slap up,5.0,Abhu panda,2025-10-09T01:43:17-07:00,25.0919.06,app_store_reviews_complete.csv,ro,0.8,True,synonym,285
°,5.0,Abhu panda,2025-10-09T01:43:17-07:00,25.0919.06,app_store_reviews_complete.csv,ro,0.8,True,contextual,285
Amazing! great Best app ever.,5.0,Abhu panda,2025-10-09T01:43:17-07:00,25.0919.06,app_store_reviews_complete.csv,ro,0.8,True,template,285
neat,5.0,Abhu panda,2025-10-09T01:43:17-07:00,25.0919.06,app_store_reviews_complete.csv,ro,0.8,True,synonym,285
•,5.0,Abhu panda,2025-10-09T01:43:17-07:00,25.0919.06,app_store_reviews_complete.csv,ro,0.8,True,contextual,285
excellent organization!,5.0,Arjan M’Ratta!,2025-10-09T00:40:35-07:00,25.0919.06,app_store_reviews_complete.csv,fr,1.0,True,synonym,286
excellent response!,5.0,Arjan M’Ratta!,2025-10-09T00:40:35-07:00,25.0919.06,app_store_reviews_complete.csv,fr,1.0,True,contextual,286
Love this app! excellent system! Keep it up!,5.0,Arjan M’Ratta!,2025-10-09T00:40:35-07:00,25.0919.06,app_store_reviews_complete.csv,fr,1.0,True,template,286
excellent organization!,5.0,Arjan M’Ratta!,2025-10-09T00:40:35-07:00,25.0919.06,app_store_reviews_complete.csv,fr,1.0,True,synonym,286
excellent training!,5.0,Arjan M’Ratta!,2025-10-09T00:40:35-07:00,25.0919.06,app_store_reviews_complete.csv,fr,1.0,True,contextual,286
app not mould decent on iphone vii plus,1.0,Veeraswamy gouda141,2025-10-06T04:23:57-07:00,25.0613.05,app_store_reviews_complete.csv,en,0.0,True,synonym,305
app not functioning successfully on nexus 7 plus,1.0,Veeraswamy gouda141,2025-10-06T04:23:57-07:00,25.0613.05,app_store_reviews_complete.csv,en,0.0,True,contextual,305
Terrible experience. app broken properly on iphone 7 plus Fix this ASAP!,1.0,Veeraswamy gouda141,2025-10-06T04:23:57-07:00,25.0613.05,app_store_reviews_complete.csv,en,0.0,True,template,305
app broken properly on iphone 7 asset,1.0,Veeraswamy gouda141,2025-10-06T04:23:57-07:00,25.0613.05,app_store_reviews_complete.csv,en,0.0,True,synonym,305
apps store working properly under iphone 7 plus,1.0,Veeraswamy gouda141,2025-10-06T04:23:57-07:00,25.0613.05,app_store_reviews_complete.csv,en,0.0,True,contextual,305
rattling tiresome and poor functioning app,1.0,Shank2198,2025-10-05T23:55:38-07:00,25.0905.05,app_store_reviews_complete.csv,en,-0.395,True,synonym,306
very slow and comfortable driving app,1.0,Shank2198,2025-10-05T23:55:38-07:00,25.0905.05,app_store_reviews_complete.csv,en,-0.395,True,contextual,306
Disappointed. very slow and poor functioning app Very frustrated.,1.0,Shank2198,2025-10-05T23:55:38-07:00,25.0905.05,app_store_reviews_complete.csv,en,-0.395,True,template,306
very slow and pitiable operation app,1.0,Shank2198,2025-10-05T23:55:38-07:00,25.0905.05,app_store_reviews_complete.csv,en,-0.395,True,synonym,306
very sensitive and not functioning app,1.0,Shank2198,2025-10-05T23:55:38-07:00,25.0905.05,app_store_reviews_complete.csv,en,-0.395,True,contextual,306
1177,5.0,gcigit,2025-10-05T23:10:55-07:00,25.0905.05,app_store_reviews_complete.csv,unknown,0.0,True,synonym,307
§,5.0,gcigit,2025-10-05T23:10:55-07:00,25.0905.05,app_store_reviews_complete.csv,unknown,0.0,True,contextual,307
Love this app! 1177 Worth trying.,5.0,gcigit,2025-10-05T23:10:55-07:00,25.0905.05,app_store_reviews_complete.csv,unknown,0.0,True,template,307
1177,5.0,gcigit,2025-10-05T23:10:55-07:00,25.0905.05,app_store_reviews_complete.csv,unknown,0.0,True,synonym,307
52,5.0,gcigit,2025-10-05T23:10:55-07:00,25.0905.05,app_store_reviews_complete.csv,unknown,0.0,True,contextual,307
good forfarance,5.0,Swamy pbn,2025-10-05T22:08:58-07:00,25.0905.05,app_store_reviews_complete.csv,cy,0.7,True,synonym,308
gypsy girl,5.0,Swamy pbn,2025-10-05T22:08:58-07:00,25.0905.05,app_store_reviews_complete.csv,cy,0.7,True,contextual,308
Great experience. good forfarance Worth trying.,5.0,Swamy pbn,2025-10-05T22:08:58-07:00,25.0905.05,app_store_reviews_complete.csv,cy,0.7,True,template,308
honorable forfarance,5.0,Swamy pbn,2025-10-05T22:08:58-07:00,25.0905.05,app_store_reviews_complete.csv,cy,0.7,True,synonym,308
beautiful things,5.0,Swamy pbn,2025-10-05T22:08:58-07:00,25.0905.05,app_store_reviews_complete.csv,cy,0.7,True,contextual,308
ezi h good comparable this app,5.0,Alisha mokhtar,2025-10-05T21:05:02-07:00,25.0905.05,app_store_reviews_complete.csv,nl,0.7,True,synonym,309
ezi x u eats this app,5.0,Alisha mokhtar,2025-10-05T21:05:02-07:00,25.0905.05,app_store_reviews_complete.csv,nl,0.7,True,contextual,309
Great experience. ezi h good like this app Worth trying.,5.0,Alisha mokhtar,2025-10-05T21:05:02-07:00,25.0905.05,app_store_reviews_complete.csv,nl,0.7,True,template,309
ezi h good like this ap,5.0,Alisha mokhtar,2025-10-05T21:05:02-07:00,25.0905.05,app_store_reviews_complete.csv,nl,0.7,True,synonym,309
ezi no good is this app,5.0,Alisha mokhtar,2025-10-05T21:05:02-07:00,25.0905.05,app_store_reviews_complete.csv,nl,0.7,True,contextual,309
dependable payment all type,5.0,Prakashsingh Chouhan,2025-10-05T20:09:06-07:00,25.0905.05,app_store_reviews_complete.csv,en,0.4,True,synonym,310
flexible payment option types,5.0,Prakashsingh Chouhan,2025-10-05T20:09:06-07:00,25.0905.05,app_store_reviews_complete.csv,en,0.4,True,contextual,310
Great experience. secure payment all types Best app ever.,5.0,Prakashsingh Chouhan,2025-10-05T20:09:06-07:00,25.0905.05,app_store_reviews_complete.csv,en,0.4,True,template,310
unattackable defrayment all types,5.0,Prakashsingh Chouhan,2025-10-05T20:09:06-07:00,25.0905.05,app_store_reviews_complete.csv,en,0.4,True,synonym,310
secure document management types,5.0,Prakashsingh Chouhan,2025-10-05T20:09:06-07:00,25.0905.05,app_store_reviews_complete.csv,en,0.4,True,contextual,310
very fast operating these days maintain information technology upward,5.0,paras somaiya,2025-10-05T19:48:20-07:00,25.0905.05,app_store_reviews_complete.csv,en,0.26,True,synonym,311
relatively few operating race days keep it up,5.0,paras somaiya,2025-10-05T19:48:20-07:00,25.0905.05,app_store_reviews_complete.csv,en,0.26,True,contextual,311
Highly recommend. very fast operating these days keep it up Keep it up!,5.0,paras somaiya,2025-10-05T19:48:20-07:00,25.0905.05,app_store_reviews_complete.csv,en,0.26,True,template,311
rattling fast operating these days keep information technology upward,5.0,paras somaiya,2025-10-05T19:48:20-07:00,25.0905.05,app_store_reviews_complete.csv,en,0.26,True,synonym,311
very fast operating piston engines keep it quiet,5.0,paras somaiya,2025-10-05T19:48:20-07:00,25.0905.05,app_store_reviews_complete.csv,en,0.26,True,contextual,311
good,5.0,Pankaj Kumar Mehta,2025-10-05T19:07:00-07:00,25.0905.05,app_store_reviews_complete.csv,af,1.0,True,synonym,312
•,5.0,Pankaj Kumar Mehta,2025-10-05T19:07:00-07:00,25.0905.05,app_store_reviews_complete.csv,af,1.0,True,contextual,312
Great experience. best Worth trying.,5.0,Pankaj Kumar Mehta,2025-10-05T19:07:00-07:00,25.0905.05,app_store_reviews_complete.csv,af,1.0,True,template,312
respectable,5.0,Pankaj Kumar Mehta,2025-10-05T19:07:00-07:00,25.0905.05,app_store_reviews_complete.csv,af,1.0,True,synonym,312
†,5.0,Pankaj Kumar Mehta,2025-10-05T19:07:00-07:00,25.0905.05,app_store_reviews_complete.csv,af,1.0,True,contextual,312
work well,5.0,Prusty Kailash,2025-10-04T04:24:21-07:00,25.0905.05,app_store_reviews_complete.csv,af,0.0,True,synonym,325
bloody well,5.0,Prusty Kailash,2025-10-04T04:24:21-07:00,25.0905.05,app_store_reviews_complete.csv,af,0.0,True,contextual,325
Amazing! working well Five stars!,5.0,Prusty Kailash,2025-10-04T04:24:21-07:00,25.0905.05,app_store_reviews_complete.csv,af,0.0,True,template,325
form well,5.0,Prusty Kailash,2025-10-04T04:24:21-07:00,25.0905.05,app_store_reviews_complete.csv,af,0.0,True,synonym,325
perfectly well,5.0,Prusty Kailash,2025-10-04T04:24:21-07:00,25.0905.05,app_store_reviews_complete.csv,af,0.0,True,contextual,325
it ' s only awing,5.0,tammup,2025-10-05T06:47:16-07:00,25.0905.05,app_store_reviews_complete.csv,en,1.0,True,synonym,316
molly ' s completely awesome,5.0,tammup,2025-10-05T06:47:16-07:00,25.0905.05,app_store_reviews_complete.csv,en,1.0,True,contextual,316
Love this app! it's simply awesome Keep it up!,5.0,tammup,2025-10-05T06:47:16-07:00,25.0905.05,app_store_reviews_complete.csv,en,1.0,True,template,316
information technology ' s only awesome,5.0,tammup,2025-10-05T06:47:16-07:00,25.0905.05,app_store_reviews_complete.csv,en,1.0,True,synonym,316
you ' l simply awesome,5.0,tammup,2025-10-05T06:47:16-07:00,25.0905.05,app_store_reviews_complete.csv,en,1.0,True,contextual,316
very useful app for smooth transition,5.0,Gaurav-9764,2025-10-05T01:22:19-07:00,25.0905.05,app_store_reviews_complete.csv,en,0.395,True,synonym,317
very simple app for smooth scaling,5.0,Gaurav-9764,2025-10-05T01:22:19-07:00,25.0905.05,app_store_reviews_complete.csv,en,0.395,True,contextual,317
Great experience. very useful app for smooth transition Five stars!,5.0,Gaurav-9764,2025-10-05T01:22:19-07:00,25.0905.05,app_store_reviews_complete.csv,en,0.395,True,template,317
very useful app for smooth modulation,5.0,Gaurav-9764,2025-10-05T01:22:19-07:00,25.0905.05,app_store_reviews_complete.csv,en,0.395,True,synonym,317
very useful app in linux transition,5.0,Gaurav-9764,2025-10-05T01:22:19-07:00,25.0905.05,app_store_reviews_complete.csv,en,0.395,True,contextual,317
near app,5.0,Vaibhavmama,2025-11-10T21:08:57-07:00,25.1017.05,app_store_reviews_complete.csv,en,0.7,True,synonym,21
good things,5.0,Vaibhavmama,2025-11-10T21:08:57-07:00,25.1017.05,app_store_reviews_complete.csv,en,0.7,True,contextual,21
Highly recommend. good app Keep it up!,5.0,Vaibhavmama,2025-11-10T21:08:57-07:00,25.1017.05,app_store_reviews_complete.csv,en,0.7,True,template,21
proficient app,5.0,Vaibhavmama,2025-11-10T21:08:57-07:00,25.1017.05,app_store_reviews_complete.csv,en,0.7,True,synonym,21
good luck,5.0,Vaibhavmama,2025-11-10T21:08:57-07:00,25.1017.05,app_store_reviews_complete.csv,en,0.7,True,contextual,21
5 star quaker,5.0,Sona Dhaliwal,2025-10-12T16:12:51-07:00,25.0919.06,app_store_reviews_complete.csv,sv,0.0,True,synonym,257
5 star review,5.0,Sona Dhaliwal,2025-10-12T16:12:51-07:00,25.0919.06,app_store_reviews_complete.csv,sv,0.0,True,contextual,257
Amazing! 5 star friend Worth trying.,5.0,Sona Dhaliwal,2025-10-12T16:12:51-07:00,25.0919.06,app_store_reviews_complete.csv,sv,0.0,True,template,257
5 star booster,5.0,Sona Dhaliwal,2025-10-12T16:12:51-07:00,25.0919.06,app_store_reviews_complete.csv,sv,0.0,True,synonym,257
seven star friend,5.0,Sona Dhaliwal,2025-10-12T16:12:51-07:00,25.0919.06,app_store_reviews_complete.csv,sv,0.0,True,contextual,257
phonepe,5.0,Rokhda💲,2025-10-12T12:56:35-07:00,25.0919.06,app_store_reviews_complete.csv,en,0.0,True,synonym,258
。,5.0,Rokhda💲,2025-10-12T12:56:35-07:00,25.0919.06,app_store_reviews_complete.csv,en,0.0,True,contextual,258
Amazing! phonepe Five stars!,5.0,Rokhda💲,2025-10-12T12:56:35-07:00,25.0919.06,app_store_reviews_complete.csv,en,0.0,True,template,258
phonepe,5.0,Rokhda💲,2025-10-12T12:56:35-07:00,25.0919.06,app_store_reviews_complete.csv,en,0.0,True,synonym,258
1,5.0,Rokhda💲,2025-10-12T12:56:35-07:00,25.0919.06,app_store_reviews_complete.csv,en,0.0,True,contextual,258
as well fast,5.0,Malik S K,2025-10-07T08:14:43-07:00,25.0905.05,app_store_reviews_complete.csv,en,0.2,True,synonym,298
too dangerous,5.0,Malik S K,2025-10-07T08:14:43-07:00,25.0905.05,app_store_reviews_complete.csv,en,0.2,True,contextual,298
Amazing! too fast Keep it up!,5.0,Malik S K,2025-10-07T08:14:43-07:00,25.0905.05,app_store_reviews_complete.csv,en,0.2,True,template,298
too tight,5.0,Malik S K,2025-10-07T08:14:43-07:00,25.0905.05,app_store_reviews_complete.csv,en,0.2,True,synonym,298
so fast,5.0,Malik S K,2025-10-07T08:14:43-07:00,25.0905.05,app_store_reviews_complete.csv,en,0.2,True,contextual,298
bs keshapur,5.0,Keshapur,2025-11-09T03:28:59-07:00,25.1017.05,app_store_reviews_complete.csv,sq,0.0,True,synonym,35
highway 58,5.0,Keshapur,2025-11-09T03:28:59-07:00,25.1017.05,app_store_reviews_complete.csv,sq,0.0,True,contextual,35
Highly recommend. bs keshapur Best app ever.,5.0,Keshapur,2025-11-09T03:28:59-07:00,25.1017.05,app_store_reviews_complete.csv,sq,0.0,True,template,35
vitamin b keshapur,5.0,Keshapur,2025-11-09T03:28:59-07:00,25.1017.05,app_store_reviews_complete.csv,sq,0.0,True,synonym,35
142 ।,5.0,Keshapur,2025-11-09T03:28:59-07:00,25.1017.05,app_store_reviews_complete.csv,sq,0.0,True,contextual,35
ne'er ever so underestimate indian ' entropy.,5.0,Reddychot,2025-11-08T19:17:16-07:00,25.1017.05,app_store_reviews_complete.csv,da,0.0,True,synonym,37
who ever tasted mcdonald ' s.,5.0,Reddychot,2025-11-08T19:17:16-07:00,25.1017.05,app_store_reviews_complete.csv,da,0.0,True,contextual,37
Great experience. never ever underestimate indian's. Best app ever.,5.0,Reddychot,2025-11-08T19:17:16-07:00,25.1017.05,app_store_reviews_complete.csv,da,0.0,True,template,37
never always underestimate native american ' s.,5.0,Reddychot,2025-11-08T19:17:16-07:00,25.1017.05,app_store_reviews_complete.csv,da,0.0,True,synonym,37
nothing ever hit oscar ' s.,5.0,Reddychot,2025-11-08T19:17:16-07:00,25.1017.05,app_store_reviews_complete.csv,da,0.0,True,contextual,37
app personify so much smooth,5.0,Vyankatesh Pillay,2025-11-08T06:35:30-07:00,25.1017.05,app_store_reviews_complete.csv,en,0.4,True,synonym,40
app and otherwise much smooth,5.0,Vyankatesh Pillay,2025-11-08T06:35:30-07:00,25.1017.05,app_store_reviews_complete.csv,en,0.4,True,contextual,40
Amazing! app is so much smooth Worth trying.,5.0,Vyankatesh Pillay,2025-11-08T06:35:30-07:00,25.1017.05,app_store_reviews_complete.csv,en,0.4,True,template,40
app be then much smooth,5.0,Vyankatesh Pillay,2025-11-08T06:35:30-07:00,25.1017.05,app_store_reviews_complete.csv,en,0.4,True,synonym,40
app is moderately nicely smooth,5.0,Vyankatesh Pillay,2025-11-08T06:35:30-07:00,25.1017.05,app_store_reviews_complete.csv,en,0.4,True,contextual,40
impertinent sk,5.0,Smart Arkhit,2025-11-08T06:26:04-07:00,25.1017.05,app_store_reviews_complete.csv,sv,0.2142857142857142,True,synonym,41
arsenal sk,5.0,Smart Arkhit,2025-11-08T06:26:04-07:00,25.1017.05,app_store_reviews_complete.csv,sv,0.2142857142857142,True,contextual,41
Highly recommend. smart sk Keep it up!,5.0,Smart Arkhit,2025-11-08T06:26:04-07:00,25.1017.05,app_store_reviews_complete.csv,sv,0.2142857142857142,True,template,41
impertinent sk,5.0,Smart Arkhit,2025-11-08T06:26:04-07:00,25.1017.05,app_store_reviews_complete.csv,sv,0.2142857142857142,True,synonym,41
copenhagen sk,5.0,Smart Arkhit,2025-11-08T06:26:04-07:00,25.1017.05,app_store_reviews_complete.csv,sv,0.2142857142857142,True,contextual,41
mani,5.0,mani9346,2025-11-08T05:28:29-07:00,25.1017.05,app_store_reviews_complete.csv,sw,0.0,True,synonym,42
·,5.0,mani9346,2025-11-08T05:28:29-07:00,25.1017.05,app_store_reviews_complete.csv,sw,0.0,True,contextual,42
Great experience. mani Best app ever.,5.0,mani9346,2025-11-08T05:28:29-07:00,25.1017.05,app_store_reviews_complete.csv,sw,0.0,True,template,42
mani,5.0,mani9346,2025-11-08T05:28:29-07:00,25.1017.05,app_store_reviews_complete.csv,sw,0.0,True,synonym,42
·,5.0,mani9346,2025-11-08T05:28:29-07:00,25.1017.05,app_store_reviews_complete.csv,sw,0.0,True,contextual,42
good divine service,5.0,SAHEB DEBNATH,2025-11-08T05:02:47-07:00,25.1017.05,app_store_reviews_complete.csv,hr,0.7,True,synonym,43
scheduled service,5.0,SAHEB DEBNATH,2025-11-08T05:02:47-07:00,25.1017.05,app_store_reviews_complete.csv,hr,0.7,True,contextual,43
Love this app! good service Five stars!,5.0,SAHEB DEBNATH,2025-11-08T05:02:47-07:00,25.1017.05,app_store_reviews_complete.csv,hr,0.7,True,template,43
good table service,5.0,SAHEB DEBNATH,2025-11-08T05:02:47-07:00,25.1017.05,app_store_reviews_complete.csv,hr,0.7,True,synonym,43
good manners,5.0,SAHEB DEBNATH,2025-11-08T05:02:47-07:00,25.1017.05,app_store_reviews_complete.csv,hr,0.7,True,contextual,43
excellent servicing,5.0,kmvasava,2025-11-08T04:07:55-07:00,25.1017.05,app_store_reviews_complete.csv,fr,1.0,True,synonym,44
excellent performance,5.0,kmvasava,2025-11-08T04:07:55-07:00,25.1017.05,app_store_reviews_complete.csv,fr,1.0,True,contextual,44
Amazing! excellent service Keep it up!,5.0,kmvasava,2025-11-08T04:07:55-07:00,25.1017.05,app_store_reviews_complete.csv,fr,1.0,True,template,44
fantabulous service,5.0,kmvasava,2025-11-08T04:07:55-07:00,25.1017.05,app_store_reviews_complete.csv,fr,1.0,True,synonym,44
excellent editing,5.0,kmvasava,2025-11-08T04:07:55-07:00,25.1017.05,app_store_reviews_complete.csv,fr,1.0,True,contextual,44
non like,1.0,Mhsnmohmed,2025-11-07T22:42:52-07:00,25.1017.05,app_store_reviews_complete.csv,sl,0.0,True,synonym,46
not complete,1.0,Mhsnmohmed,2025-11-07T22:42:52-07:00,25.1017.05,app_store_reviews_complete.csv,sl,0.0,True,contextual,46
Not recommended. not like Very frustrated.,1.0,Mhsnmohmed,2025-11-07T22:42:52-07:00,25.1017.05,app_store_reviews_complete.csv,sl,0.0,True,template,46
not comparable,1.0,Mhsnmohmed,2025-11-07T22:42:52-07:00,25.1017.05,app_store_reviews_complete.csv,sl,0.0,True,synonym,46
not solved,1.0,Mhsnmohmed,2025-11-07T22:42:52-07:00,25.1017.05,app_store_reviews_complete.csv,sl,0.0,True,contextual,46
skilful,5.0,Purushottam bunny,2025-11-07T16:37:33-07:00,25.1017.05,app_store_reviews_complete.csv,af,1.0,True,synonym,48
169,5.0,Purushottam bunny,2025-11-07T16:37:33-07:00,25.1017.05,app_store_reviews_complete.csv,af,1.0,True,contextual,48
Amazing! best Keep it up!,5.0,Purushottam bunny,2025-11-07T16:37:33-07:00,25.1017.05,app_store_reviews_complete.csv,af,1.0,True,template,48
good,5.0,Purushottam bunny,2025-11-07T16:37:33-07:00,25.1017.05,app_store_reviews_complete.csv,af,1.0,True,synonym,48
222,5.0,Purushottam bunny,2025-11-07T16:37:33-07:00,25.1017.05,app_store_reviews_complete.csv,af,1.0,True,contextual,48
cowling one,5.0,Ziggi jsm,2025-11-11T05:44:00-07:00,25.1017.05,app_store_reviews_complete.csv,en,0.0,True,synonym,17
plus one,5.0,Ziggi jsm,2025-11-11T05:44:00-07:00,25.1017.05,app_store_reviews_complete.csv,en,0.0,True,contextual,17
Highly recommend. hood one Keep it up!,5.0,Ziggi jsm,2025-11-11T05:44:00-07:00,25.1017.05,app_store_reviews_complete.csv,en,0.0,True,template,17
hood peerless,5.0,Ziggi jsm,2025-11-11T05:44:00-07:00,25.1017.05,app_store_reviews_complete.csv,en,0.0,True,synonym,17
hood shop,5.0,Ziggi jsm,2025-11-11T05:44:00-07:00,25.1017.05,app_store_reviews_complete.csv,en,0.0,True,contextual,17
keen experience!,5.0,MaliniKB,2025-10-15T19:49:13-07:00,25.0919.07,dataset_apple-app-store-review-scraper.csv,ro,1.0,True,synonym,480
sensory experience!,5.0,MaliniKB,2025-10-15T19:49:13-07:00,25.0919.07,dataset_apple-app-store-review-scraper.csv,ro,1.0,True,contextual,480
Great experience. great experience! Five stars!,5.0,MaliniKB,2025-10-15T19:49:13-07:00,25.0919.07,dataset_apple-app-store-review-scraper.csv,ro,1.0,True,template,480
neat experience!,5.0,MaliniKB,2025-10-15T19:49:13-07:00,25.0919.07,dataset_apple-app-store-review-scraper.csv,ro,1.0,True,synonym,480
instant experience!,5.0,MaliniKB,2025-10-15T19:49:13-07:00,25.0919.07,dataset_apple-app-store-review-scraper.csv,ro,1.0,True,contextual,480
rattling nice,5.0,nazimroy,2025-09-13T05:08:00-07:00,25.0822.06,app_store_reviews_complete.csv,cs,0.78,True,synonym,473
very profitable,5.0,nazimroy,2025-09-13T05:08:00-07:00,25.0822.06,app_store_reviews_complete.csv,cs,0.78,True,contextual,473
Amazing! very nice Worth trying.,5.0,nazimroy,2025-09-13T05:08:00-07:00,25.0822.06,app_store_reviews_complete.csv,cs,0.78,True,template,473
very courteous,5.0,nazimroy,2025-09-13T05:08:00-07:00,25.0822.06,app_store_reviews_complete.csv,cs,0.78,True,synonym,473
nice nice,5.0,nazimroy,2025-09-13T05:08:00-07:00,25.0822.06,app_store_reviews_complete.csv,cs,0.78,True,contextual,473
excellent and reliable service,5.0,Parayya,2025-11-12T03:25:32-07:00,25.1017.05,dataset_apple-app-store-review-scraper.csv,en,1.0,True,synonym,474
excellent • reliable locomotives,5.0,Parayya,2025-11-12T03:25:32-07:00,25.1017.05,dataset_apple-app-store-review-scraper.csv,en,1.0,True,contextual,474
Amazing! excellent and reliable service Keep it up!,5.0,Parayya,2025-11-12T03:25:32-07:00,25.1017.05,dataset_apple-app-store-review-scraper.csv,en,1.0,True,template,474
excellent and reliable service,5.0,Parayya,2025-11-12T03:25:32-07:00,25.1017.05,dataset_apple-app-store-review-scraper.csv,en,1.0,True,synonym,474
excellent combat capable service,5.0,Parayya,2025-11-12T03:25:32-07:00,25.1017.05,dataset_apple-app-store-review-scraper.csv,en,1.0,True,contextual,474
very full overhaul.,5.0,Good providers,2025-10-26T07:18:44-07:00,25.1003.06,dataset_apple-app-store-review-scraper.csv,en,0.91,True,synonym,477
exceptionally rare service.,5.0,Good providers,2025-10-26T07:18:44-07:00,25.1003.06,dataset_apple-app-store-review-scraper.csv,en,0.91,True,contextual,477
Amazing! very good service. Five stars!,5.0,Good providers,2025-10-26T07:18:44-07:00,25.1003.06,dataset_apple-app-store-review-scraper.csv,en,0.91,True,template,477
very undecomposed serve.,5.0,Good providers,2025-10-26T07:18:44-07:00,25.1003.06,dataset_apple-app-store-review-scraper.csv,en,0.91,True,synonym,477
just good food.,5.0,Good providers,2025-10-26T07:18:44-07:00,25.1003.06,dataset_apple-app-store-review-scraper.csv,en,0.91,True,contextual,477
whip app i am really disappointed cashback not received information technology will fraded i volition share screenshot but information technology volition be no option share screenshot,,,,,phonepe_playstore_reviews.csv,en,-0.75,True,synonym,593
google info startup am really collecting cashback that received it will remain i will relay data but it will send no option share screenshot,,,,,phonepe_playstore_reviews.csv,en,-0.75,True,contextual,593
Okay app. worsted app i am really disappointed cashback not received it will fraded i will share screenshot but it will be no option share screenshot Could be better.,,,,,phonepe_playstore_reviews.csv,en,-0.75,True,template,593
whip app i am really defeated cashback not received it will fraded iodine will portion screenshot merely information technology leave be no choice share screenshot,,,,,phonepe_playstore_reviews.csv,en,-0.75,True,synonym,593
worsted buy ios never really lucky cashback not received it recently fraded i hate share screenshot online it will be best option share online,,,,,phonepe_playstore_reviews.csv,en,-0.75,True,contextual,593
very overnice,5.0,Kannada Chandru,2025-11-13T06:03:06-07:00,25.1031.00,app_store_reviews_complete.csv,cs,0.78,True,synonym,1
real nice,5.0,Kannada Chandru,2025-11-13T06:03:06-07:00,25.1031.00,app_store_reviews_complete.csv,cs,0.78,True,contextual,1
Amazing! very nice Keep it up!,5.0,Kannada Chandru,2025-11-13T06:03:06-07:00,25.1031.00,app_store_reviews_complete.csv,cs,0.78,True,template,1
very prissy,5.0,Kannada Chandru,2025-11-13T06:03:06-07:00,25.1031.00,app_store_reviews_complete.csv,cs,0.78,True,synonym,1
miss nice,5.0,Kannada Chandru,2025-11-13T06:03:06-07:00,25.1031.00,app_store_reviews_complete.csv,cs,0.78,True,contextual,1
for any inquiry beaver state escalation only ive available,1.0,Ranjeet Kumar Sharma,2025-10-07T00:35:17-07:00,25.0905.05,app_store_reviews_complete.csv,en,0.2,True,synonym,299
submit any enquiry upon inspection only transfers available,1.0,Ranjeet Kumar Sharma,2025-10-07T00:35:17-07:00,25.0905.05,app_store_reviews_complete.csv,en,0.2,True,contextual,299
Terrible experience. for any enquiry or escalation only ive available Needs improvement.,1.0,Ranjeet Kumar Sharma,2025-10-07T00:35:17-07:00,25.0905.05,app_store_reviews_complete.csv,en,0.2,True,template,299
for any enquiry or escalation but ive usable,1.0,Ranjeet Kumar Sharma,2025-10-07T00:35:17-07:00,25.0905.05,app_store_reviews_complete.csv,en,0.2,True,synonym,299
for legal enquiry or escalation without unanimous vote,1.0,Ranjeet Kumar Sharma,2025-10-07T00:35:17-07:00,25.0905.05,app_store_reviews_complete.csv,en,0.2,True,contextual,299
not able bodied to transplant more than pentad k,1.0,MSridevixyz,2025-10-06T23:01:23-07:00,25.0905.05,app_store_reviews_complete.csv,en,0.125,True,synonym,300
candidates wanting to transfer more of 5 k,1.0,MSridevixyz,2025-10-06T23:01:23-07:00,25.0905.05,app_store_reviews_complete.csv,en,0.125,True,contextual,300
Waste of time. not able to transfer more than 5 k Very frustrated.,1.0,MSridevixyz,2025-10-06T23:01:23-07:00,25.0905.05,app_store_reviews_complete.csv,en,0.125,True,template,300
non able to transfer more than little phoebe k,1.0,MSridevixyz,2025-10-06T23:01:23-07:00,25.0905.05,app_store_reviews_complete.csv,en,0.125,True,synonym,300
not able to eat fewer than 90 k,1.0,MSridevixyz,2025-10-06T23:01:23-07:00,25.0905.05,app_store_reviews_complete.csv,en,0.125,True,contextual,300
honest,5.0,fayazshaik,2025-10-06T22:43:14-07:00,25.0905.05,app_store_reviews_complete.csv,so,0.7,True,synonym,301
•,5.0,fayazshaik,2025-10-06T22:43:14-07:00,25.0905.05,app_store_reviews_complete.csv,so,0.7,True,contextual,301
Great experience. good Best app ever.,5.0,fayazshaik,2025-10-06T22:43:14-07:00,25.0905.05,app_store_reviews_complete.csv,so,0.7,True,template,301
dear,5.0,fayazshaik,2025-10-06T22:43:14-07:00,25.0905.05,app_store_reviews_complete.csv,so,0.7,True,synonym,301
170,5.0,fayazshaik,2025-10-06T22:43:14-07:00,25.0905.05,app_store_reviews_complete.csv,so,0.7,True,contextual,301
very wanton to utilise,5.0,Appie_82,2025-10-06T07:43:01-07:00,25.0905.05,app_store_reviews_complete.csv,en,0.5633333333333334,True,synonym,302
making easy procedure use,5.0,Appie_82,2025-10-06T07:43:01-07:00,25.0905.05,app_store_reviews_complete.csv,en,0.5633333333333334,True,contextual,302
Love this app! very easy to use Keep it up!,5.0,Appie_82,2025-10-06T07:43:01-07:00,25.0905.05,app_store_reviews_complete.csv,en,0.5633333333333334,True,template,302
really sluttish to use,5.0,Appie_82,2025-10-06T07:43:01-07:00,25.0905.05,app_store_reviews_complete.csv,en,0.5633333333333334,True,synonym,302
typical easy line use,5.0,Appie_82,2025-10-06T07:43:01-07:00,25.0905.05,app_store_reviews_complete.csv,en,0.5633333333333334,True,contextual,302
skillful payments,5.0,Avinashpandu,2025-10-06T07:34:12-07:00,25.0905.05,app_store_reviews_complete.csv,fr,0.6,True,synonym,303
regular payments,5.0,Avinashpandu,2025-10-06T07:34:12-07:00,25.0905.05,app_store_reviews_complete.csv,fr,0.6,True,contextual,303
Highly recommend. nice payments Keep it up!,5.0,Avinashpandu,2025-10-06T07:34:12-07:00,25.0905.05,app_store_reviews_complete.csv,fr,0.6,True,template,303
nice requital,5.0,Avinashpandu,2025-10-06T07:34:12-07:00,25.0905.05,app_store_reviews_complete.csv,fr,0.6,True,synonym,303
nice hotel,5.0,Avinashpandu,2025-10-06T07:34:12-07:00,25.0905.05,app_store_reviews_complete.csv,fr,0.6,True,contextual,303
decent and dependable aap.,5.0,bhupinderminhas,2025-10-10T07:14:12-07:00,25.0919.06,app_store_reviews_complete.csv,en,0.55,True,synonym,273
nice and unpleasant things.,5.0,bhupinderminhas,2025-10-10T07:14:12-07:00,25.0919.06,app_store_reviews_complete.csv,en,0.55,True,contextual,273
Highly recommend. nice and safe aap. Five stars!,5.0,bhupinderminhas,2025-10-10T07:14:12-07:00,25.0919.06,app_store_reviews_complete.csv,en,0.55,True,template,273
nice and dependable aap.,5.0,bhupinderminhas,2025-10-10T07:14:12-07:00,25.0919.06,app_store_reviews_complete.csv,en,0.55,True,synonym,273
nice really safe things.,5.0,bhupinderminhas,2025-10-10T07:14:12-07:00,25.0919.06,app_store_reviews_complete.csv,en,0.55,True,contextual,273
perfect tense,5.0,𝕤𝕒𝕘𝕒𝕣,2025-10-10T05:53:24-07:00,25.0919.06,app_store_reviews_complete.csv,ca,1.0,True,synonym,274
103,5.0,𝕤𝕒𝕘𝕒𝕣,2025-10-10T05:53:24-07:00,25.0919.06,app_store_reviews_complete.csv,ca,1.0,True,contextual,274
Great experience. perfect Worth trying.,5.0,𝕤𝕒𝕘𝕒𝕣,2025-10-10T05:53:24-07:00,25.0919.06,app_store_reviews_complete.csv,ca,1.0,True,template,274
perfective tense,5.0,𝕤𝕒𝕘𝕒𝕣,2025-10-10T05:53:24-07:00,25.0919.06,app_store_reviews_complete.csv,ca,1.0,True,synonym,274
3,5.0,𝕤𝕒𝕘𝕒𝕣,2025-10-10T05:53:24-07:00,25.0919.06,app_store_reviews_complete.csv,ca,1.0,True,contextual,274
very utilitarian,5.0,D Sankar,2025-10-10T00:33:48-07:00,25.0919.06,app_store_reviews_complete.csv,en,0.39,True,synonym,276
very rare,5.0,D Sankar,2025-10-10T00:33:48-07:00,25.0919.06,app_store_reviews_complete.csv,en,0.39,True,contextual,276
Amazing! very useful Keep it up!,5.0,D Sankar,2025-10-10T00:33:48-07:00,25.0919.06,app_store_reviews_complete.csv,en,0.39,True,template,276
rattling useful,5.0,D Sankar,2025-10-10T00:33:48-07:00,25.0919.06,app_store_reviews_complete.csv,en,0.39,True,synonym,276
very rare,5.0,D Sankar,2025-10-10T00:33:48-07:00,25.0919.06,app_store_reviews_complete.csv,en,0.39,True,contextual,276
great ap mass of decorative items,5.0,Ashifn,2025-10-09T23:13:12-07:00,25.0919.06,app_store_reviews_complete.csv,en,0.8,True,synonym,277
great app lots of natural beauty,5.0,Ashifn,2025-10-09T23:13:12-07:00,25.0919.06,app_store_reviews_complete.csv,en,0.8,True,contextual,277
Highly recommend. great app lots of cosmetic items Keep it up!,5.0,Ashifn,2025-10-09T23:13:12-07:00,25.0919.06,app_store_reviews_complete.csv,en,0.8,True,template,277
peachy app lots of cosmetic items,5.0,Ashifn,2025-10-09T23:13:12-07:00,25.0919.06,app_store_reviews_complete.csv,en,0.8,True,synonym,277
great ten lots of cosmetic creations,5.0,Ashifn,2025-10-09T23:13:12-07:00,25.0919.06,app_store_reviews_complete.csv,en,0.8,True,contextual,277
awesome,5.0,Mustafa patve,2025-10-09T08:55:38-07:00,25.0919.06,app_store_reviews_complete.csv,af,1.0,True,synonym,279
211,5.0,Mustafa patve,2025-10-09T08:55:38-07:00,25.0919.06,app_store_reviews_complete.csv,af,1.0,True,contextual,279
Great experience. awesome Five stars!,5.0,Mustafa patve,2025-10-09T08:55:38-07:00,25.0919.06,app_store_reviews_complete.csv,af,1.0,True,template,279
awesome,5.0,Mustafa patve,2025-10-09T08:55:38-07:00,25.0919.06,app_store_reviews_complete.csv,af,1.0,True,synonym,279
43,5.0,Mustafa patve,2025-10-09T08:55:38-07:00,25.0919.06,app_store_reviews_complete.csv,af,1.0,True,contextual,279
big app,5.0,Montypks,2025-10-09T07:58:22-07:00,25.0919.06,app_store_reviews_complete.csv,en,0.8,True,synonym,280
great lake,5.0,Montypks,2025-10-09T07:58:22-07:00,25.0919.06,app_store_reviews_complete.csv,en,0.8,True,contextual,280
Great experience. great app Five stars!,5.0,Montypks,2025-10-09T07:58:22-07:00,25.0919.06,app_store_reviews_complete.csv,en,0.8,True,template,280
majuscule app,5.0,Montypks,2025-10-09T07:58:22-07:00,25.0919.06,app_store_reviews_complete.csv,en,0.8,True,synonym,280
great escape,5.0,Montypks,2025-10-09T07:58:22-07:00,25.0919.06,app_store_reviews_complete.csv,en,0.8,True,contextual,280
after practice all came to this only,5.0,Balram308,2025-10-09T06:05:24-07:00,25.0919.06,app_store_reviews_complete.csv,en,0.0,True,synonym,281
after using all combinations to take effect,5.0,Balram308,2025-10-09T06:05:24-07:00,25.0919.06,app_store_reviews_complete.csv,en,0.0,True,contextual,281
Great experience. after using all came to this only Best app ever.,5.0,Balram308,2025-10-09T06:05:24-07:00,25.0919.06,app_store_reviews_complete.csv,en,0.0,True,template,281
after using all number to this only,5.0,Balram308,2025-10-09T06:05:24-07:00,25.0919.06,app_store_reviews_complete.csv,en,0.0,True,synonym,281
after checking all input through this only,5.0,Balram308,2025-10-09T06:05:24-07:00,25.0919.06,app_store_reviews_complete.csv,en,0.0,True,contextual,281
mahabad,5.0,મારુતિ ડીજે,2025-10-09T05:26:02-07:00,25.0919.06,app_store_reviews_complete.csv,so,0.0,True,synonym,282
52,5.0,મારુતિ ડીજે,2025-10-09T05:26:02-07:00,25.0919.06,app_store_reviews_complete.csv,so,0.0,True,contextual,282
Love this app! mahabad Keep it up!,5.0,મારુતિ ડીજે,2025-10-09T05:26:02-07:00,25.0919.06,app_store_reviews_complete.csv,so,0.0,True,template,282
mahabad,5.0,મારુતિ ડીજે,2025-10-09T05:26:02-07:00,25.0919.06,app_store_reviews_complete.csv,so,0.0,True,synonym,282
127,5.0,મારુતિ ડીજે,2025-10-09T05:26:02-07:00,25.0919.06,app_store_reviews_complete.csv,so,0.0,True,contextual,282
good economy,5.0,Prabh dang,2025-10-09T04:40:03-07:00,25.0919.06,app_store_reviews_complete.csv,hr,0.7,True,synonym,283
live saving,5.0,Prabh dang,2025-10-09T04:40:03-07:00,25.0919.06,app_store_reviews_complete.csv,hr,0.7,True,contextual,283
Love this app! good saving Keep it up!,5.0,Prabh dang,2025-10-09T04:40:03-07:00,25.0919.06,app_store_reviews_complete.csv,hr,0.7,True,template,283
good economy,5.0,Prabh dang,2025-10-09T04:40:03-07:00,25.0919.06,app_store_reviews_complete.csv,hr,0.7,True,synonym,283
good luck,5.0,Prabh dang,2025-10-09T04:40:03-07:00,25.0919.06,app_store_reviews_complete.csv,hr,0.7,True,contextual,283
phonepe,5.0,Khurshed so,2025-11-09T19:08:26-07:00,25.1017.05,app_store_reviews_complete.csv,en,0.0,True,synonym,31
॥,5.0,Khurshed so,2025-11-09T19:08:26-07:00,25.1017.05,app_store_reviews_complete.csv,en,0.0,True,contextual,31
Love this app! phonepe Worth trying.,5.0,Khurshed so,2025-11-09T19:08:26-07:00,25.1017.05,app_store_reviews_complete.csv,en,0.0,True,template,31
phonepe,5.0,Khurshed so,2025-11-09T19:08:26-07:00,25.1017.05,app_store_reviews_complete.csv,en,0.0,True,synonym,31
107,5.0,Khurshed so,2025-11-09T19:08:26-07:00,25.1017.05,app_store_reviews_complete.csv,en,0.0,True,contextual,31
"super app. user friendly, handy and commodious nice to address with",5.0,Rajashekar Hebbar C,2025-11-11T22:36:16-07:00,25.1017.05,app_store_reviews_complete.csv,en,0.4770833333333333,True,synonym,12
"super smash. user guide, handy app particularly nice to deal with",5.0,Rajashekar Hebbar C,2025-11-11T22:36:16-07:00,25.1017.05,app_store_reviews_complete.csv,en,0.4770833333333333,True,contextual,12
"Highly recommend. super app. user friendly, handy and convenient nice to deal with Five stars!",5.0,Rajashekar Hebbar C,2025-11-11T22:36:16-07:00,25.1017.05,app_store_reviews_complete.csv,en,0.4770833333333333,True,template,12
"super app. user friendly, ready to hand and convenient nice to deal with",5.0,Rajashekar Hebbar C,2025-11-11T22:36:16-07:00,25.1017.05,app_store_reviews_complete.csv,en,0.4770833333333333,True,synonym,12
"super pets. easy friendly, accessible and convenient nice services deal with",5.0,Rajashekar Hebbar C,2025-11-11T22:36:16-07:00,25.1017.05,app_store_reviews_complete.csv,en,0.4770833333333333,True,contextual,12
"need to shut down and open up for 2 times than information technology will open up. . phonepe app follow non opening for 1 time when we open,",1.0,Rockysince1997,2025-11-12T01:29:09-07:00,25.1017.05,app_store_reviews_complete.csv,en,0.0,True,synonym,10
"need one close nd open email 2 times time it would require.. phonepe app are not opening about 75 percent when we open,",1.0,Rockysince1997,2025-11-12T01:29:09-07:00,25.1017.05,app_store_reviews_complete.csv,en,0.0,True,contextual,10
"Terrible experience. need to close and open for 2 times than it will open .. phonepe app is not opening for 1 time when we open , Fix this ASAP!",1.0,Rockysince1997,2025-11-12T01:29:09-07:00,25.1017.05,app_store_reviews_complete.csv,en,0.0,True,template,10
"want to close and open for 2 sentence than it will open. . phonepe app is non opening for 1 metre when we spread out,",1.0,Rockysince1997,2025-11-12T01:29:09-07:00,25.1017.05,app_store_reviews_complete.csv,en,0.0,True,synonym,10
"wait to close now open for 2 minutes than it will open.. message codes must not close past 1 billion when we open,",1.0,Rockysince1997,2025-11-12T01:29:09-07:00,25.1017.05,app_store_reviews_complete.csv,en,0.0,True,contextual,10
1st whenever we enter the new number it ' s take on too long time to appear the gens 2nd in teh chronicle when i going to pay again it ' s non able to click 3rd when we click to mobile number in the recent it ' s showing quondam dealings not recent.,1.0,Kaushalrajhbd,2025-11-11T19:49:05-07:00,25.1017.05,app_store_reviews_complete.csv,en,-0.0079545454545454,True,synonym,14
1st when anyone enter first new telephone it ' s take a long time to appear teh name 2nd in the history when i plan to pay again it ' s not able to click 3rd when we click 2nd mobile number confirming the recent it ' s showing old mobile location recent.,1.0,Kaushalrajhbd,2025-11-11T19:49:05-07:00,25.1017.05,app_store_reviews_complete.csv,en,-0.0079545454545454,True,contextual,14
Not recommended. 1st whenever we enter the new number it's take too long time to appear the name 2nd in the history when i going to pay again it's not able to click 3rd when we click to mobile number in the recent it's showing old transaction not recent. Won't use again.,1.0,Kaushalrajhbd,2025-11-11T19:49:05-07:00,25.1017.05,app_store_reviews_complete.csv,en,-0.0079545454545454,True,template,14
1st whenever we enter the newfangled number it ' s take too long time to look the figure 2nd in the history when i going to pay again it ' s not able to click 3rd when we click to mobile number in the recent information technology ' s showing old transaction non recent.,1.0,Kaushalrajhbd,2025-11-11T19:49:05-07:00,25.1017.05,app_store_reviews_complete.csv,en,-0.0079545454545454,True,synonym,14
1st whenever we enter the new number it ' s take too long time to appear the name already in the history list i like to pay one it ' s usually able to click 3rd when we click before each number in new scheme it ' s showing old caller not recent.,1.0,Kaushalrajhbd,2025-11-11T19:49:05-07:00,25.1017.05,app_store_reviews_complete.csv,en,-0.0079545454545454,True,contextual,14
"i ' ve been trying to download my phonepe transaction statement for fy 2023 – 24, only the app shows a technical error every time. information technology ' s been over 3 days, and even after emailing customer support, i ' ve received no response or solution. phonepe is good for payments, but the supporting system and expert reliability be very poor. please fix the statement download issue and respond to users who genuinely need their transaction records for financial purposes.",1.0,Sikarwar vinay,2025-11-11T06:39:39-07:00,25.1017.05,app_store_reviews_complete.csv,en,0.0966666666666666,True,synonym,16
"readers ' ve already scheduled to download my phonepe transaction statement for fy 2023 – 24, but the app shows a technical error every time. it ' s been over 3 days, and even through emailing customer support, they ' ve received no response to solution. phonepe is good for payments, but the support system and technical reliability was very poor. please fix the statement download issue which respond to users may genuinely need their stored records for financial purposes.",1.0,Sikarwar vinay,2025-11-11T06:39:39-07:00,25.1017.05,app_store_reviews_complete.csv,en,0.0966666666666666,True,contextual,16
"Terrible experience. i've been trying to download my phonepe transaction statement for fy 2023–24, but the app shows a technical error every time. it's been over 3 days, and even after emailing customer support, i've received no response or solution. phonepe is good for payments, but the support system and technical reliability are very poor. please fix the statement download issue and respond to users who genuinely need their transaction records for financial purposes. Fix this ASAP!",1.0,Sikarwar vinay,2025-11-11T06:39:39-07:00,25.1017.05,app_store_reviews_complete.csv,en,0.0966666666666666,True,template,16
"i ' ve been trying to download my phonepe transaction statement for fy 2023 – xxiv, but the app shows a technical error every time. information technology ' s been over 3 days, and still after emailing client support, i ' ve received no answer or solution. phonepe be good for payments, but the support system and technical reliability are very poor. please fix the statement download issue and respond to users who genuinely need their transaction records for financial purposes.",1.0,Sikarwar vinay,2025-11-11T06:39:39-07:00,25.1017.05,app_store_reviews_complete.csv,en,0.0966666666666666,True,synonym,16
"i ' s mentioned trying to download my wallet transaction statement since fy 2015 – 24, but the app shows a technical error every time. it ' s kept about 3 days, and even after emailing customer notification, i ' ve received no response or solution. phonepe is good for payments, but the support system and technical reliability are very limited. please fix transaction statement download issue and respond to users who genuinely need their transaction records for financial purposes.",1.0,Sikarwar vinay,2025-11-11T06:39:39-07:00,25.1017.05,app_store_reviews_complete.csv,en,0.0966666666666666,True,contextual,16
switched to it from google pay really love teh speed and glitchless payments unlike gpay where machinelike requital requests took still 24 hours to show even after updating app simply hither withins second,5.0,Hemloooooooo,2025-10-14T03:00:25-07:00,25.0919.07,app_store_reviews_complete.csv,en,0.6,True,synonym,247
switched to it from google hq really loving the results from glitchless execution unlike gpay data automatic change requests took exactly 10 hours before show even after updating processes but here withins seconds,5.0,Hemloooooooo,2025-10-14T03:00:25-07:00,25.0919.07,app_store_reviews_complete.csv,en,0.6,True,contextual,247
Great experience. switched to it from google pay really loving the speed and glitchless payments unlike gpay where automatic payment requests took even 24 hours to show even after updating app but here withins seconds Keep it up!,5.0,Hemloooooooo,2025-10-14T03:00:25-07:00,25.0919.07,app_store_reviews_complete.csv,en,0.6,True,template,247
switched to it from google pay really loving the fastness and glitchless payments dissimilar gpay where automatic defrayment petition took still xxiv hours to show even after updating app but here withins seconds,5.0,Hemloooooooo,2025-10-14T03:00:25-07:00,25.0919.07,app_store_reviews_complete.csv,en,0.6,True,synonym,247
devoted to streaming from google pay really loving application speed and reliable messaging unlike ios where automatic payment requests is even an hours to show satisfaction after updating app but here 70 seconds,5.0,Hemloooooooo,2025-10-14T03:00:25-07:00,25.0919.07,app_store_reviews_complete.csv,en,0.6,True,contextual,247
earlier i use other upi apps like paytm but when i exchange to this i ne'er find toss off by this app information technology gui interface and easy to use and understandable icons represent good,5.0,Aryan chahar,2025-10-13T07:13:52-07:00,25.0919.06,app_store_reviews_complete.csv,en,0.1705555555555555,True,synonym,251
similarly i use other upi apps like google but while users switch from yahoo i never feel down by this hardware its complex interface and easy text use and understandable icons pretty good,5.0,Aryan chahar,2025-10-13T07:13:52-07:00,25.0919.06,app_store_reviews_complete.csv,en,0.1705555555555555,True,contextual,251
Highly recommend. earlier i use other upi apps like paytm but when i switch to this i never feel down by this app its gui interface and easy to use and understandable icons are good Best app ever.,5.0,Aryan chahar,2025-10-13T07:13:52-07:00,25.0919.06,app_store_reviews_complete.csv,en,0.1705555555555555,True,template,251
in the first place i use early upi apps like paytm just when i switch to this iodin never feel down by this app its gui user interface and easy to use and understandable image are skillful,5.0,Aryan chahar,2025-10-13T07:13:52-07:00,25.0919.06,app_store_reviews_complete.csv,en,0.1705555555555555,True,synonym,251
earlier i use other upi apps like paytm but since we switch to iphone it never feel overwhelmed by subscription app its gui interface makes easy software use and understandable features are handy,5.0,Aryan chahar,2025-10-13T07:13:52-07:00,25.0919.06,app_store_reviews_complete.csv,en,0.1705555555555555,True,contextual,251
"pls help to redress the fault, want to scan through back camera only, non finding any style to register complain",1.0,Awwshish,2025-10-12T21:35:59-07:00,25.0919.06,app_store_reviews_complete.csv,en,0.0,True,synonym,255
"pls help to correct the fault, want to scan the back channel exposure, or finding potential sources to easily complain",1.0,Awwshish,2025-10-12T21:35:59-07:00,25.0919.06,app_store_reviews_complete.csv,en,0.0,True,contextual,255
"Disappointed. pls help to correct the fault, want to scan through back camera only, not finding any way to register complain Won't use again.",1.0,Awwshish,2025-10-12T21:35:59-07:00,25.0919.06,app_store_reviews_complete.csv,en,0.0,True,template,255
"pls help to correct the fault, want to skim through back camera solely, not finding any means to record complain",1.0,Awwshish,2025-10-12T21:35:59-07:00,25.0919.06,app_store_reviews_complete.csv,en,0.0,True,synonym,255
"pls failing to recognize teh fault, want to scan in back camera only, i know teh way to further complain",1.0,Awwshish,2025-10-12T21:35:59-07:00,25.0919.06,app_store_reviews_complete.csv,en,0.0,True,contextual,255
i don ' t understand the conception of sending entirely 5000 at a time it ' s really irritate please wee wee my bill working like before,1.0,Hnnzla,2025-10-14T21:57:02-07:00,25.0919.07,app_store_reviews_complete.csv,en,-0.4,True,synonym,243
you don ' t understand a concept for sending unlimited 5000 at the time so ' s really annoying i stop my account working like before,1.0,Hnnzla,2025-10-14T21:57:02-07:00,25.0919.07,app_store_reviews_complete.csv,en,-0.4,True,contextual,243
Disappointed. i don't understand the concept of sending only 5000 at a time it's really annoying please make my account working like before Fix this ASAP!,1.0,Hnnzla,2025-10-14T21:57:02-07:00,25.0919.07,app_store_reviews_complete.csv,en,-0.4,True,template,243
i father ' tetraiodothyronine understand the concept of air only 5000 at a prison term it ' s actually rag please gain my account ferment like before,1.0,Hnnzla,2025-10-14T21:57:02-07:00,25.0919.07,app_store_reviews_complete.csv,en,-0.4,True,synonym,243
i don ' t understand the concept is pushing down 5000 at another time that ' s really annoying please see my friend behave like before,1.0,Hnnzla,2025-10-14T21:57:02-07:00,25.0919.07,app_store_reviews_complete.csv,en,-0.4,True,contextual,243
""" the phonepe app is first class, but information technology would personify even better if a voice alert feature for receiving money exist available for steady users, similar to what merchants have. this would enhance convenience and ensure users put on ' t miss any transactions. """,5.0,Shanteshwar,2025-09-30T10:55:44-07:00,25.0905.05,app_store_reviews_complete.csv,en,0.38,True,synonym,354
""" the phonepe app is expensive, but it would be far better if a voice alert app for real money are available for regular contact, similar other apps merchants have. this would offer convenience and ensure users shouldn ' t miss any transactions. """,5.0,Shanteshwar,2025-09-30T10:55:44-07:00,25.0905.05,app_store_reviews_complete.csv,en,0.38,True,contextual,354
"Amazing! ""the phonepe app is excellent, but it would be even better if a voice alert feature for receiving money was available for regular users, similar to what merchants have. this would enhance convenience and ensure users don't miss any transactions."" Best app ever.",5.0,Shanteshwar,2025-09-30T10:55:44-07:00,25.0905.05,app_store_reviews_complete.csv,en,0.38,True,template,354
""" the phonepe app is excellent, but it would follow even better if a voice alert feature for receive money embody available for unconstipated user, interchangeable to what merchants have. this would enhance convenience and see users put on ' t miss any transactions. """,5.0,Shanteshwar,2025-09-30T10:55:44-07:00,25.0905.05,app_store_reviews_complete.csv,en,0.38,True,synonym,354
""" the phonepe website gets redesigned, but it would be even better if a password alert feature enables saving money be available for regular users, similar to what merchants claim. this would enhance transparency and lets users don ' t miss any transactions. """,5.0,Shanteshwar,2025-09-30T10:55:44-07:00,25.0905.05,app_store_reviews_complete.csv,en,0.38,True,contextual,354
earphone earnings and iphone making us fool. ineffective to use telephone set pay in iphone 6. help maine,1.0,hr happy,2025-10-20T00:12:54-07:00,25.0613.05,app_store_reviews_complete.csv,en,-0.5,True,synonym,191
phone pay and iphone call us sick. unable to play line pay since iphone holder. help me,1.0,hr happy,2025-10-20T00:12:54-07:00,25.0613.05,app_store_reviews_complete.csv,en,-0.5,True,contextual,191
Waste of time. phone pay and iphone making us fool . unable to use phone pay in iphone 6 . help me Won't use again.,1.0,hr happy,2025-10-20T00:12:54-07:00,25.0613.05,app_store_reviews_complete.csv,en,-0.5,True,template,191
earpiece pay and iphone making u.s. fool. ineffective to use earpiece pay in iphone six. help me,1.0,hr happy,2025-10-20T00:12:54-07:00,25.0613.05,app_store_reviews_complete.csv,en,-0.5,True,synonym,191
chrome ap and iphone making cash scarce. unable to collect phone subscription in iphone 6. help me,1.0,hr happy,2025-10-20T00:12:54-07:00,25.0613.05,app_store_reviews_complete.csv,en,-0.5,True,contextual,191
after scan any qr and selecting bank account to proceed the page stucks at adulterate segment same issue with upi asking,1.0,rahulzuse,2025-10-04T00:29:05-07:00,25.0905.05,app_store_reviews_complete.csv,en,0.0,True,synonym,327
after scanning any app and my bank account item select from page file at any section starts issue with upi request,1.0,rahulzuse,2025-10-04T00:29:05-07:00,25.0905.05,app_store_reviews_complete.csv,en,0.0,True,contextual,327
Not recommended. after scanning any qr nd selecting bank account to proceed the page stucks at loading section same issue with upi request Very frustrated.,1.0,rahulzuse,2025-10-04T00:29:05-07:00,25.0905.05,app_store_reviews_complete.csv,en,0.0,True,template,327
after scanning any qr and selecting bank account to move the page stucks at lade section like issue with upi petition,1.0,rahulzuse,2025-10-04T00:29:05-07:00,25.0905.05,app_store_reviews_complete.csv,en,0.0,True,synonym,327
after scanning any page and gb bank account readers terminate teh page reads at loading section same block with corresponding profile,1.0,rahulzuse,2025-10-04T00:29:05-07:00,25.0905.05,app_store_reviews_complete.csv,en,0.0,True,contextual,327
it ' s non working in my phone my phone 1 sound dozen it ' s not downloaded in this app,1.0,marvel azu,2025-10-19T14:28:14-07:00,25.1003.00,app_store_reviews_complete.csv,en,0.0,True,synonym,196
it ' m still working off my phone my mail i phone 12 tia ' s not downloaded on this bag,1.0,marvel azu,2025-10-19T14:28:14-07:00,25.1003.00,app_store_reviews_complete.csv,en,0.0,True,contextual,196
Disappointed. it's not working in my phone my phone i phone 12 it's not downloaded in this app Needs improvement.,1.0,marvel azu,2025-10-19T14:28:14-07:00,25.1003.00,app_store_reviews_complete.csv,en,0.0,True,template,196
information technology ' s not work in my phone my phone i speech sound twelve it ' s not downloaded in this app,1.0,marvel azu,2025-10-19T14:28:14-07:00,25.1003.00,app_store_reviews_complete.csv,en,0.0,True,synonym,196
it ' d busy working in my phone... phone i am 12 it ' n not downloaded via this mode,1.0,marvel azu,2025-10-19T14:28:14-07:00,25.1003.00,app_store_reviews_complete.csv,en,0.0,True,contextual,196
i use phone pe using my dubai telephone number and nri money box account. this feature is non usable in gpay notwithstanding.,5.0,DrPraveenP,2025-10-22T02:54:34-07:00,25.1003.00,app_store_reviews_complete.csv,en,-0.2,True,synonym,180
i user phone pe using their dubai phone number and motorola email account. this code would not available as gpay packages.,5.0,DrPraveenP,2025-10-22T02:54:34-07:00,25.1003.00,app_store_reviews_complete.csv,en,-0.2,True,contextual,180
Amazing! i use phone pe using my dubai phone number and nri bank account. this feature is not available in gpay yet. Five stars!,5.0,DrPraveenP,2025-10-22T02:54:34-07:00,25.1003.00,app_store_reviews_complete.csv,en,-0.2,True,template,180
i employ phone pe using my dubai sound number and nri bank account. this feature be non available in gpay til now.,5.0,DrPraveenP,2025-10-22T02:54:34-07:00,25.1003.00,app_store_reviews_complete.csv,en,-0.2,True,synonym,180
customer use phone pe per my dubai identification number of nri bank account. this feature are also supported in gpay banking.,5.0,DrPraveenP,2025-10-22T02:54:34-07:00,25.1003.00,app_store_reviews_complete.csv,en,-0.2,True,contextual,180
"simpleton use, all payments and minutes at unrivaled lieu, simply awesome … honey you phonepe",5.0,Satya9933,2025-10-19T22:25:51-07:00,25.1003.00,app_store_reviews_complete.csv,en,0.5,True,synonym,194
"simple use, all payments and transactions for every instance, simply where you love your phonepe",5.0,Satya9933,2025-10-19T22:25:51-07:00,25.1003.00,app_store_reviews_complete.csv,en,0.5,True,contextual,194
"Love this app! simple use, all payments and transactions at one place, simply awesome … love you phonepe Five stars!",5.0,Satya9933,2025-10-19T22:25:51-07:00,25.1003.00,app_store_reviews_complete.csv,en,0.5,True,template,194
"simple use, all defrayment and proceedings at matchless place, simply awesome … honey you phonepe",5.0,Satya9933,2025-10-19T22:25:51-07:00,25.1003.00,app_store_reviews_complete.csv,en,0.5,True,synonym,194
"simple entertainment, all sales and sales started one time, simply awesome … love you ’",5.0,Satya9933,2025-10-19T22:25:51-07:00,25.1003.00,app_store_reviews_complete.csv,en,0.5,True,contextual,194
"iodin love phonepe, no former upi apps can ever match the port. well upi ever!",5.0,Xar1963,2025-10-15T14:58:45-07:00,25.0919.07,app_store_reviews_complete.csv,en,0.5208333333333334,True,synonym,236
"despite love phonepe, no other ios apps should adequately match the model. best desktop interface!",5.0,Xar1963,2025-10-15T14:58:45-07:00,25.0919.07,app_store_reviews_complete.csv,en,0.5208333333333334,True,contextual,236
"Highly recommend. i love phonepe, no other upi apps can ever match the interface. best upi ever! Best app ever.",5.0,Xar1963,2025-10-15T14:58:45-07:00,25.0919.07,app_store_reviews_complete.csv,en,0.5208333333333334,True,template,236
"1 love phonepe, no other upi apps can ever jibe the port. good upi of all time!",5.0,Xar1963,2025-10-15T14:58:45-07:00,25.0919.07,app_store_reviews_complete.csv,en,0.5208333333333334,True,synonym,236
"absolutely love dad, no other upi kid can ever play the videos. anytime video ever!",5.0,Xar1963,2025-10-15T14:58:45-07:00,25.0919.07,app_store_reviews_complete.csv,en,0.5208333333333334,True,contextual,236
non live any kind of bother while use the app these day. nice ui.,5.0,Reephat D,2025-10-16T10:31:10-07:00,25.0919.07,app_store_reviews_complete.csv,en,0.1499999999999999,True,synonym,226
not registering any kind before surfing but using their app these days. nice ui.,5.0,Reephat D,2025-10-16T10:31:10-07:00,25.0919.07,app_store_reviews_complete.csv,en,0.1499999999999999,True,contextual,226
Highly recommend. not experienced any kind of trouble while using the app these days. nice ui. Five stars!,5.0,Reephat D,2025-10-16T10:31:10-07:00,25.0919.07,app_store_reviews_complete.csv,en,0.1499999999999999,True,template,226
non experienced any form of problem while using the app these days. dainty ui.,5.0,Reephat D,2025-10-16T10:31:10-07:00,25.0919.07,app_store_reviews_complete.csv,en,0.1499999999999999,True,synonym,226
not feeling any kind or excitement while using the device these days. android ui.,5.0,Reephat D,2025-10-16T10:31:10-07:00,25.0919.07,app_store_reviews_complete.csv,en,0.1499999999999999,True,contextual,226
information technology ' s been more than 70 hours but still i tush ' t make payments in my novel iphone and non able to connect to customer care,1.0,Reddy-666,2025-10-03T12:45:11-07:00,25.0905.05,app_store_reviews_complete.csv,en,0.1287878787878787,True,synonym,329
it ' m often smaller than 70 hours but mostly they can ' t make payments in my new shoes and still able legally stick to customer care,1.0,Reddy-666,2025-10-03T12:45:11-07:00,25.0905.05,app_store_reviews_complete.csv,en,0.1287878787878787,True,contextual,329
Waste of time. it's been more than 70 hours but still i can't make payments in my new iphone and not able to connect to customer care Needs improvement.,1.0,Reddy-666,2025-10-03T12:45:11-07:00,25.0905.05,app_store_reviews_complete.csv,en,0.1287878787878787,True,template,329
it ' s cost more than than 70 hours simply still i can ' t make payment in my young iphone and not able bodied to connect to client aid,1.0,Reddy-666,2025-10-03T12:45:11-07:00,25.0905.05,app_store_reviews_complete.csv,en,0.1287878787878787,True,synonym,329
it ' t been rather than 5 hours but still users can ' t make arrangements in my new iphone and have really yet connect to customer services,1.0,Reddy-666,2025-10-03T12:45:11-07:00,25.0905.05,app_store_reviews_complete.csv,en,0.1287878787878787,True,contextual,329
"i ' ve been using this app for ages now information technology was all fine until. there was an emergence. i have cost trying to highlight this issue for over a month now. for the first one week the tickets were not being registered. and then on 1st oct a ticket was created and is still under "" be processed "" condition and it ' s 15th oct.",1.0,Diablo@1235,2025-10-15T01:31:13-07:00,25.0919.07,app_store_reviews_complete.csv,en,0.3333333333333333,True,synonym,239
"i ' re been using this app for ages now yours was all fine until. traffic was an issue. i just kept trying we fix this issue for over a month now. for the first one week this tickets were not being transferred. then on 1st oct a ticket was created he is still under "" being processed "" status and it ' s 15th oct.",1.0,Diablo@1235,2025-10-15T01:31:13-07:00,25.0919.07,app_store_reviews_complete.csv,en,0.3333333333333333,True,contextual,239
"Waste of time. i've been using this app for ages now it was all fine until. there was an issue. i have been trying to highlight this issue for over a month now. for the first one week the tickets were not being registered. then on 1st oct a ticket was created and is still under ""being processed"" status and it's 15th oct. Very frustrated.",1.0,Diablo@1235,2025-10-15T01:31:13-07:00,25.0919.07,app_store_reviews_complete.csv,en,0.3333333333333333,True,template,239
"i ' ve been using this app for ages now information technology was all fine until. there be an issue. i have been trying to highlight this military issue for over a calendar month straightaway. for the first one week the tickets were not being registered. then on first oct a ticket was created and equal still under "" be processed "" status and it ' s 15th october.",1.0,Diablo@1235,2025-10-15T01:31:13-07:00,25.0919.07,app_store_reviews_complete.csv,en,0.3333333333333333,True,synonym,239
"don ' ve been using this app before ages till it was all fine yesterday. there was an issue. i have been trying to highlight this issue for about a month now. for the first odd week the tickets were not being booked. then on 15th oct a ticket has created and is still under "" being processed "" account and it ' s 15th oct.",1.0,Diablo@1235,2025-10-15T01:31:13-07:00,25.0919.07,app_store_reviews_complete.csv,en,0.3333333333333333,True,contextual,239
"iodin want to highlight the germ, i have added qr scanner widget on my ios device ' s lockscreen. it doesn ' t open the camera ui, rather information technology have stuck at bloodless background. pls rectify thisissue",1.0,NoSupport001,2025-10-02T11:09:42-07:00,25.0905.05,app_store_reviews_complete.csv,en,0.0,True,synonym,337
"what want samsung highlight desktop bug, i have added the scanner widget that my gps device ' t lockscreen. it ain ' t open the user ui, instead it get stuck at white background. pls bug thisissue",1.0,NoSupport001,2025-10-02T11:09:42-07:00,25.0905.05,app_store_reviews_complete.csv,en,0.0,True,contextual,337
"Terrible experience. i want to highlight the bug, i have added qr scanner widget on my ios device's lockscreen. it doesn't open the camera ui, instead it get stuck at white background . pls rectify thisissue Fix this ASAP!",1.0,NoSupport001,2025-10-02T11:09:42-07:00,25.0905.05,app_store_reviews_complete.csv,en,0.0,True,template,337
"i want to spotlight the bug, i deliver added qr scanner gadget on my ios device ' s lockscreen. it doesn ' t capable the camera ui, alternatively information technology get stuck at white background. pls rectify thisissue",1.0,NoSupport001,2025-10-02T11:09:42-07:00,25.0905.05,app_store_reviews_complete.csv,en,0.0,True,synonym,337
"now want to highlight the flaws, we did patented qr scanner widget using my ios device ' s lockscreen. it couldn ' t open the camera lock, instead it seems stuck at my background. pls rectify thisissue",1.0,NoSupport001,2025-10-02T11:09:42-07:00,25.0905.05,app_store_reviews_complete.csv,en,0.0,True,contextual,337
arse around customers by practice dark pattern to generate revenue,1.0,Damnmakethisoptional,2025-10-02T07:26:00-07:00,25.0905.05,app_store_reviews_complete.csv,en,-0.15,True,synonym,341
labeling customers effectively using dark patterns will generate revenue,1.0,Damnmakethisoptional,2025-10-02T07:26:00-07:00,25.0905.05,app_store_reviews_complete.csv,en,-0.15,True,contextual,341
Not recommended. fooling customers by using dark patterns to generate revenue Very frustrated.,1.0,Damnmakethisoptional,2025-10-02T07:26:00-07:00,25.0905.05,app_store_reviews_complete.csv,en,-0.15,True,template,341
fritter away customers by use dark patterns to sire revenue,1.0,Damnmakethisoptional,2025-10-02T07:26:00-07:00,25.0905.05,app_store_reviews_complete.csv,en,-0.15,True,synonym,341
fooling customers involve using dark switches to attract revenue,1.0,Damnmakethisoptional,2025-10-02T07:26:00-07:00,25.0905.05,app_store_reviews_complete.csv,en,-0.15,True,contextual,341
after a phone reset my phonepe is non solve and i am not able to pause / delete my autopay. because of this i am losing money every week. their customer care be hopeless. they have no clue change resolution engagement one after another that ' s what they do.,1.0,Chith k,2025-10-02T01:23:44-07:00,25.0905.05,app_store_reviews_complete.csv,en,-0.25,True,synonym,343
i changing phone on my phonepe is not working yet i am not able to save / delete on autopay. because of this they start losing money every week. their customer care is limited. they have no clue change resolution date one after another that ' s what to do.,1.0,Chith k,2025-10-02T01:23:44-07:00,25.0905.05,app_store_reviews_complete.csv,en,-0.25,True,contextual,343
Waste of time. after a phone reset my phonepe is not working and i am not able to pause / delete my autopay. because of this i am losing money every week. their customer care is hopeless. they have no clue change resolution date one after another that's what they do. Fix this ASAP!,1.0,Chith k,2025-10-02T01:23:44-07:00,25.0905.05,app_store_reviews_complete.csv,en,-0.25,True,template,343
after a phone reset my phonepe follow not working and i am non able to pause / delete my autopay. because of this i am losing money every week. their customer care is hopeless. they have no clue change settlement date unmatched after another that ' s what they set.,1.0,Chith k,2025-10-02T01:23:44-07:00,25.0905.05,app_store_reviews_complete.csv,en,-0.25,True,synonym,343
after a phone reset my phonepe isnt working and consequently am rarely able to replace / restore my autopay. because of this i bother spending money every week. their customer reach is overwhelming. they have no direct change resolution date one after another that ' s because they do.,1.0,Chith k,2025-10-02T01:23:44-07:00,25.0905.05,app_store_reviews_complete.csv,en,-0.25,True,contextual,343
this payment app follow rattling thankful service i apply this app terminal 4th year but my earnings has even all payments successful!,5.0,Aksh510,2025-10-18T03:35:18-07:00,25.1003.00,app_store_reviews_complete.csv,en,0.3791666666666666,True,synonym,214
this payment ap is very restricted from being used by app on 4th year but my pay has even possibly proved successful!,5.0,Aksh510,2025-10-18T03:35:18-07:00,25.1003.00,app_store_reviews_complete.csv,en,0.3791666666666666,True,contextual,214
Amazing! this payment app is very grateful service i used this app last 4th year but my pay has even all payments successful ! Keep it up!,5.0,Aksh510,2025-10-18T03:35:18-07:00,25.1003.00,app_store_reviews_complete.csv,en,0.3791666666666666,True,template,214
this requital app cost very thankful service i employ this app last 4th year but my pay have even all payments successful!,5.0,Aksh510,2025-10-18T03:35:18-07:00,25.1003.00,app_store_reviews_complete.csv,en,0.3791666666666666,True,synonym,214
• payment app contains very grateful service i used this project last 4th year but the legacy involves even all payments withdrawn!,5.0,Aksh510,2025-10-18T03:35:18-07:00,25.1003.00,app_store_reviews_complete.csv,en,0.3791666666666666,True,contextual,214
"not capable to get word the selection to wrick cancelled notifications related to promotions, i don ' t see any option to discontinue telling what the hell represent wrong with this app?",1.0,Wisestfly1192,2025-10-02T00:41:59-07:00,25.0905.05,app_store_reviews_complete.csv,en,-0.25,True,synonym,344
"nt able to see an option to snap off notifications showing potential earthquakes, i shan ' t see any option but stop thinking what all hell is wrong with that app?",1.0,Wisestfly1192,2025-10-02T00:41:59-07:00,25.0905.05,app_store_reviews_complete.csv,en,-0.25,True,contextual,344
"Not recommended. not able to see the option to turn off notifications related to promotions, i don't see any option to stop notifications what the hell is wrong with this app ? Won't use again.",1.0,Wisestfly1192,2025-10-02T00:41:59-07:00,25.0905.05,app_store_reviews_complete.csv,en,-0.25,True,template,344
"non able to see the option to turn off telling related to promotions, ane get into ' tonne see any choice to stop notifications what the the pits is wrong with this app?",1.0,Wisestfly1192,2025-10-02T00:41:59-07:00,25.0905.05,app_store_reviews_complete.csv,en,-0.25,True,synonym,344
"though just to see the ability to make replay notifications related to promotions, i don ' t see any chances to dontifications what living hell is wrong on your app?",1.0,Wisestfly1192,2025-10-02T00:41:59-07:00,25.0905.05,app_store_reviews_complete.csv,en,-0.25,True,contextual,344
on that point equal good act of store utilise pgonepe and one f the flexible payment options.,5.0,Go-pee,2025-10-08T21:35:03-07:00,25.0919.06,app_store_reviews_complete.csv,en,0.7,True,synonym,288
there is many options of store using pgonepe and one enables the online payment options.,5.0,Go-pee,2025-10-08T21:35:03-07:00,25.0919.06,app_store_reviews_complete.csv,en,0.7,True,contextual,288
Highly recommend. there are good number of store using pgonepe and one f the flexible payment options. Worth trying.,5.0,Go-pee,2025-10-08T21:35:03-07:00,25.0919.06,app_store_reviews_complete.csv,en,0.7,True,template,288
there are good phone number of store use pgonepe and one atomic number 9 the flexible requital options.,5.0,Go-pee,2025-10-08T21:35:03-07:00,25.0919.06,app_store_reviews_complete.csv,en,0.7,True,synonym,288
off are good numbers of products using pgonepe plus one selling the flexible locking options.,5.0,Go-pee,2025-10-08T21:35:03-07:00,25.0919.06,app_store_reviews_complete.csv,en,0.7,True,contextual,288
by far the most easiest & well fixed user experience upi app,5.0,Patsav Academy,2025-10-05T11:16:23-07:00,25.0905.05,app_store_reviews_complete.csv,en,0.3333333333333333,True,synonym,313
by creating the most easiest & comfortable gaming experience software requires,5.0,Patsav Academy,2025-10-05T11:16:23-07:00,25.0905.05,app_store_reviews_complete.csv,en,0.3333333333333333,True,contextual,313
Amazing! by far the most easiest & comfortable user experience upi app Worth trying.,5.0,Patsav Academy,2025-10-05T11:16:23-07:00,25.0905.05,app_store_reviews_complete.csv,en,0.3333333333333333,True,template,313
by far the well nigh easiest & comfortable drug user experience upi app,5.0,Patsav Academy,2025-10-05T11:16:23-07:00,25.0905.05,app_store_reviews_complete.csv,en,0.3333333333333333,True,synonym,313
adobe itunes ranked most easiest & safe user experience upi app,5.0,Patsav Academy,2025-10-05T11:16:23-07:00,25.0905.05,app_store_reviews_complete.csv,en,0.3333333333333333,True,contextual,313
such a pathetic application. i had a unsound experience with phonepe. i used to follow a regular phonepe user and then i changed my phone and purchased a new telephone set and since then i am nt able bodied to utilise phone pe at all. it ' s giving me erroneousness and not even letting me add my bank accounts. i contacted their support and they are such useless people! !! ! no resolution no response and they closed my ticket. hence yes google pay is much better option nd i am switching to that permanently,1.0,riyalaha,2025-10-05T00:45:12-07:00,25.0905.05,app_store_reviews_complete.csv,en,-0.2713636363636363,True,synonym,318
such a pathetic application. i had a worst nightmare with phonepe. i used to be a regular phonepe user and then i changed my phone but purchased a regular iphone and since birth i am not able to use regular pe at present. it ' s giving up money and not even letting me add my bank accounts. i contacted their support and they are such useless people!!!! no resolution no response and they closed my ticket. so yes google pay is much better option and i am switching to that account,1.0,riyalaha,2025-10-05T00:45:12-07:00,25.0905.05,app_store_reviews_complete.csv,en,-0.2713636363636363,True,contextual,318
Terrible experience. such a pathetic application. i had a worst experience with phonepe. i used to be a regular phonepe user and then i changed my phone nd purchased a new phone nd since then i am nt able to use phone pe at all. it's giving me error and not even letting me add my bank accounts. i contacted their support and they are such useless people!!!! no resolution no response and they closed my ticket. so yes google pay is much better option and i am switching to that permanently Needs improvement.,1.0,riyalaha,2025-10-05T00:45:12-07:00,25.0905.05,app_store_reviews_complete.csv,en,-0.2713636363636363,True,template,318
such a pathetic application. i had a worst experience with phonepe. i used to be a regular phonepe exploiter and then i changed my phone and purchased a new telephone and since then i am not able to expend phone pe at all. it ' s giving me error and not even letting pine tree state add my bank accounts. i contacted their support and they are such useless the great unwashed! !! ! no resolution no response and they close my ticket. so yes google pay is much better option and i exist switching to that permanently,1.0,riyalaha,2025-10-05T00:45:12-07:00,25.0905.05,app_store_reviews_complete.csv,en,-0.2713636363636363,True,synonym,318
such a pathetic application. i had a worst experience with phonepe. nina used to be a regular phonepe user and then actually changed my phone and purchased a new phone code since then i am not able to use phone pe by all. it ' s making considerable error and confusing about letting me add my bank accounts. i contacted their support and they are such useless people!!!! no answer no response since they closed my ticket. so yes google pay is much better option and i am switching to that permanently,1.0,riyalaha,2025-10-05T00:45:12-07:00,25.0905.05,app_store_reviews_complete.csv,en,-0.2713636363636363,True,contextual,318
i savor to pay money in paytm its easy to pay off the upi,5.0,Sweetyrizu186,2025-10-12T02:07:25-07:00,25.0919.06,app_store_reviews_complete.csv,en,0.4666666666666667,True,synonym,260
i enjoyed losing gain insurance but paytm insurance easy to pay the upi,5.0,Sweetyrizu186,2025-10-12T02:07:25-07:00,25.0919.06,app_store_reviews_complete.csv,en,0.4666666666666667,True,contextual,260
Great experience. i enjoyed to pay money in paytm its easy to pay the upi Keep it up!,5.0,Sweetyrizu186,2025-10-12T02:07:25-07:00,25.0919.06,app_store_reviews_complete.csv,en,0.4666666666666667,True,template,260
i enjoy to pay off money in paytm it easy to pay the upi,5.0,Sweetyrizu186,2025-10-12T02:07:25-07:00,25.0919.06,app_store_reviews_complete.csv,en,0.4666666666666667,True,synonym,260
thieves enjoyed to pay money in having its easy charms serve the taxpayers,5.0,Sweetyrizu186,2025-10-12T02:07:25-07:00,25.0919.06,app_store_reviews_complete.csv,en,0.4666666666666667,True,contextual,260
worrst app ever employ in my life uninstalled correctly now,1.0,vishesh1213,2025-10-10T10:14:03-07:00,25.0919.06,app_store_reviews_complete.csv,en,0.2857142857142857,True,synonym,269
worrst app loud spoken in those words uninstalled ever now,1.0,vishesh1213,2025-10-10T10:14:03-07:00,25.0919.06,app_store_reviews_complete.csv,en,0.2857142857142857,True,contextual,269
Terrible experience. worrst app ever used in my life uninstalled right now Very frustrated.,1.0,vishesh1213,2025-10-10T10:14:03-07:00,25.0919.06,app_store_reviews_complete.csv,en,0.2857142857142857,True,template,269
worrst app ever used in my life uninstalled right instantly,1.0,vishesh1213,2025-10-10T10:14:03-07:00,25.0919.06,app_store_reviews_complete.csv,en,0.2857142857142857,True,synonym,269
what ever ever coming in my just uninstalled right blank,1.0,vishesh1213,2025-10-10T10:14:03-07:00,25.0919.06,app_store_reviews_complete.csv,en,0.2857142857142857,True,contextual,269
non useful for low network areas and transaction faliure problems are more than,1.0,Prasanna chowdary,2025-10-10T07:37:22-07:00,25.0919.06,app_store_reviews_complete.csv,en,0.1166666666666666,True,synonym,271
optimal solutions to low network areas and data resolution problems are more,1.0,Prasanna chowdary,2025-10-10T07:37:22-07:00,25.0919.06,app_store_reviews_complete.csv,en,0.1166666666666666,True,contextual,271
Disappointed. not useful for low network areas and transaction faliure problems are more Won't use again.,1.0,Prasanna chowdary,2025-10-10T07:37:22-07:00,25.0919.06,app_store_reviews_complete.csv,en,0.1166666666666666,True,template,271
not utilitarian for low electronic network areas and transaction faliure problem are more,1.0,Prasanna chowdary,2025-10-10T07:37:22-07:00,25.0919.06,app_store_reviews_complete.csv,en,0.1166666666666666,True,synonym,271
usually necessary since low network areas considering transaction switching problems are more,1.0,Prasanna chowdary,2025-10-10T07:37:22-07:00,25.0919.06,app_store_reviews_complete.csv,en,0.1166666666666666,True,contextual,271
iodine swap device and login on other device and it ask for verification and send foursome text msgs all monosodium glutamate personify sent just then it say technical error what a imbecility,1.0,Anonymousmshb,2025-10-14T22:06:26-07:00,25.0919.07,app_store_reviews_complete.csv,en,-0.2416666666666666,True,synonym,242
i switched device and login on connected device applications it ask for verification and estimated 1 billion msgs computer fraud were successful but here it says technical error what a fraud,1.0,Anonymousmshb,2025-10-14T22:06:26-07:00,25.0919.07,app_store_reviews_complete.csv,en,-0.2416666666666666,True,contextual,242
Waste of time. i switched device and login on other device and it ask for verification and send 4 text msgs all msgs were sent but then it says technical error what a stupidity Won't use again.,1.0,Anonymousmshb,2025-10-14T22:06:26-07:00,25.0919.07,app_store_reviews_complete.csv,en,-0.2416666666666666,True,template,242
i switched device and login on other gimmick and information technology ask for check and post 4 text msg all msgs were send but then it say technical misplay what a stupidity,1.0,Anonymousmshb,2025-10-14T22:06:26-07:00,25.0919.07,app_store_reviews_complete.csv,en,-0.2416666666666666,True,synonym,242
i switched device records login on other device machines then ask for verification and sending 4 numbers to all msgs were sent separately then it did technical proof what a flop,1.0,Anonymousmshb,2025-10-14T22:06:26-07:00,25.0919.07,app_store_reviews_complete.csv,en,-0.2416666666666666,True,contextual,242
"pohnpei be the great online defrayal app in india, just it has dole out up accessibility issues such as unlevel buttons and label computer graphic. tail end of the menus are not labeled so kindly make it accessible for voiceover users.",1.0,Tikaram mahto,2025-09-30T18:35:35-07:00,25.0905.05,app_store_reviews_complete.csv,en,0.325,True,synonym,352
"pohnpei holds the largest online voice app in india, but app constantly lots up accessibility issues such as unlevel buttons and label blocking. instances of the buttons are not treated so kindly when it accessible among voiceover users.",1.0,Tikaram mahto,2025-09-30T18:35:35-07:00,25.0905.05,app_store_reviews_complete.csv,en,0.325,True,contextual,352
"Waste of time. pohnpei is the largest online payment app in india, but it has lots up accessibility issues such as unlevel buttons and label graphics. bottom of the menus are not labeled so kindly make it accessible for voiceover users. Won't use again.",1.0,Tikaram mahto,2025-09-30T18:35:35-07:00,25.0905.05,app_store_reviews_complete.csv,en,0.325,True,template,352
"pohnpei is the largest online defrayment app in india, but information technology has lots upward accessibility issues such as unlevel buttons and label graphics. bottom of the menus are not labeled so kindly induce it approachable for voiceover users.",1.0,Tikaram mahto,2025-09-30T18:35:35-07:00,25.0905.05,app_store_reviews_complete.csv,en,0.325,True,synonym,352
"pohnpei lacks the largest online computer marketplace outside india, but presently has lots up practical issues such than unlevel billing and computer graphics. bottom or the menus are not labeled so kindly make it accessible for voiceover users.",1.0,Tikaram mahto,2025-09-30T18:35:35-07:00,25.0905.05,app_store_reviews_complete.csv,en,0.325,True,contextual,352
this embody bad requital application and leave this as soon as potential.,1.0,Arunvishwakarma__,2025-10-19T12:56:49-07:00,25.1003.00,app_store_reviews_complete.csv,en,-0.5,True,synonym,197
ip facilitates worst payment application and leave delivery as soon as specified.,1.0,Arunvishwakarma__,2025-10-19T12:56:49-07:00,25.1003.00,app_store_reviews_complete.csv,en,-0.5,True,contextual,197
Waste of time. this is worst payment application and leave this as soon as possible. Very frustrated.,1.0,Arunvishwakarma__,2025-10-19T12:56:49-07:00,25.1003.00,app_store_reviews_complete.csv,en,-0.5,True,template,197
this be high risk payment application program and leave this as soon as potential.,1.0,Arunvishwakarma__,2025-10-19T12:56:49-07:00,25.1003.00,app_store_reviews_complete.csv,en,-0.5,True,synonym,197
this is where payment application will leave this as settlement is possible.,1.0,Arunvishwakarma__,2025-10-19T12:56:49-07:00,25.1003.00,app_store_reviews_complete.csv,en,-0.5,True,contextual,197
keen app for quick defrayal. but no reinforcement for large requital which is not good.,5.0,bkpand,2025-10-20T00:26:33-07:00,25.1003.00,app_store_reviews_complete.csv,en,0.1958333333333333,True,synonym,190
great app like big transaction. but no rewards like big payments which are also good.,5.0,bkpand,2025-10-20T00:26:33-07:00,25.1003.00,app_store_reviews_complete.csv,en,0.1958333333333333,True,contextual,190
Amazing! great app for quick payments. but no rewards for big payments which is not good. Worth trying.,5.0,bkpand,2025-10-20T00:26:33-07:00,25.1003.00,app_store_reviews_complete.csv,en,0.1958333333333333,True,template,190
great app for spry payments. just no wages for grown payments which is not salutary.,5.0,bkpand,2025-10-20T00:26:33-07:00,25.1003.00,app_store_reviews_complete.csv,en,0.1958333333333333,True,synonym,190
great respect for quick finance. but unlimited rewards makes big payments which therefore nt mandatory.,5.0,bkpand,2025-10-20T00:26:33-07:00,25.1003.00,app_store_reviews_complete.csv,en,0.1958333333333333,True,contextual,190
"please don ' t buy policy through phonepe. i renew my star health policy 2 weeks ago through their platform — money deducted instantly, but the policy still not renewed. every two days, their team asks for "" two more than days "" to fix it. it ' s been ii week of the same alibi. at this point, i don ' t even have active insurance, and their customer care seems completely clueless no affair how many times i explain the publication. i guess the only thing that works fast at phonepe is their payment gateway — everything else is a black hole.",1.0,Ente reviews,2025-10-22T00:21:42-07:00,25.1003.00,app_store_reviews_complete.csv,en,0.095,True,synonym,181
"please don ' t buy insurance through phonepe. everyone renewed my star health policy 2 weeks ago through their platform — money deducted premium, but the policy still not renewed. barely two days, their team asks for "" two more days "" helping fix it. it ' s been two week of the same excuse. at this rate, we don ' t even have life insurance, and our customer care seems hardly clueless no matter how much times i explain the issue. i guess the only thing that works fast at phonepe is their payment gateway — everything else is a black hole.",1.0,Ente reviews,2025-10-22T00:21:42-07:00,25.1003.00,app_store_reviews_complete.csv,en,0.095,True,contextual,181
"Not recommended. please don't buy insurance through phonepe. i renewed my star health policy 2 weeks ago through their platform — money deducted instantly, but the policy still not renewed. every two days, their team asks for ""two more days"" to fix it. it's been two week of the same excuse. at this point, i don't even have active insurance, and their customer care seems completely clueless no matter how many times i explain the issue. i guess the only thing that works fast at phonepe is their payment gateway — everything else is a black hole. Won't use again.",1.0,Ente reviews,2025-10-22T00:21:42-07:00,25.1003.00,app_store_reviews_complete.csv,en,0.095,True,template,181
"please don ' t buy insurance through phonepe. i renewed my star health policy 2 weeks ago through their platform — money deducted instantly, but the insurance still not renewed. every ii days, their team asks for "" two more 24 hour interval "" to fix it. it ' s personify two week of the like excuse. at this point, ane don ' t even have active insurance, and their customer care seems completely clueless no matter how many times i explain the issue. i guess the only thing that works fast at phonepe is their payment gateway — everything else is a black hole.",1.0,Ente reviews,2025-10-22T00:21:42-07:00,25.1003.00,app_store_reviews_complete.csv,en,0.095,True,synonym,181
"please don ' not buy insurance through phonepe. i renewed our star health policy 2 weeks ago through their platform — money deducted earlier, but the policy still not renewed. every six days, their team asks for "" two more days "" to fix it. it ' s been two week of the same excuse. despite this rate, i don ' t even have active insurance, and their customer care seems utterly clueless no matter how many times i explain the issue. i believe the only thing that works fast at amazon is their payment gateway after everything else is a black hole.",1.0,Ente reviews,2025-10-22T00:21:42-07:00,25.1003.00,app_store_reviews_complete.csv,en,0.095,True,contextual,181
delight make suitable adjustments so that app can be suffer on ios earlier than 16,1.0,abhisura,2025-09-27T03:34:31-07:00,25.0613.05,app_store_reviews_complete.csv,en,0.275,True,synonym,380
please make major adjustments whether any app may be supported on apps earlier than 16,1.0,abhisura,2025-09-27T03:34:31-07:00,25.0613.05,app_store_reviews_complete.csv,en,0.275,True,contextual,380
Disappointed. please make suitable adjustments so that app can be supported on ios earlier than 16 Fix this ASAP!,1.0,abhisura,2025-09-27T03:34:31-07:00,25.0613.05,app_store_reviews_complete.csv,en,0.275,True,template,380
please make worthy adjustments so that app throne cost supported on ios earlier than 16,1.0,abhisura,2025-09-27T03:34:31-07:00,25.0613.05,app_store_reviews_complete.csv,en,0.275,True,synonym,380
vendors make suitable settings so that apps can be used on ios higher than 16,1.0,abhisura,2025-09-27T03:34:31-07:00,25.0613.05,app_store_reviews_complete.csv,en,0.275,True,contextual,380
bharat leading the world through phonepay. lightning debauched minutes in a simple way. power of upi,5.0,kotipalli sudhirkumar,2025-09-26T08:30:43-07:00,25.0905.05,app_store_reviews_complete.csv,en,0.1,True,synonym,383
india leading customer world through phonepay. lightning customer transactions in rapid reverse setup. maintenance of confidence,5.0,kotipalli sudhirkumar,2025-09-26T08:30:43-07:00,25.0905.05,app_store_reviews_complete.csv,en,0.1,True,contextual,383
Great experience. india leading the world through phonepay. lightning fast transactions in a simple way . power of upi Worth trying.,5.0,kotipalli sudhirkumar,2025-09-26T08:30:43-07:00,25.0905.05,app_store_reviews_complete.csv,en,0.1,True,template,383
india leading the earth through phonepay. lightning degenerate transactions in a simple style. ability of upi,5.0,kotipalli sudhirkumar,2025-09-26T08:30:43-07:00,25.0905.05,app_store_reviews_complete.csv,en,0.1,True,synonym,383
• leading the process using networking. it screens transactions in a spectacular way. power of upi,5.0,kotipalli sudhirkumar,2025-09-26T08:30:43-07:00,25.0905.05,app_store_reviews_complete.csv,en,0.1,True,contextual,383
"when ane try to pay contact there is a ui bug please purpose, when single swipe up to check transaction information technology get going blank on the bottom",1.0,Bhaswat2002,2025-10-31T23:25:11-07:00,25.1017.00,app_store_reviews_complete.csv,en,0.0,True,synonym,111
"when i try one tell sellers there is no delivery customer please online, when anyone swipe up to buy transaction it goes blank on teh bottom",1.0,Bhaswat2002,2025-10-31T23:25:11-07:00,25.1017.00,app_store_reviews_complete.csv,en,0.0,True,contextual,111
"Disappointed. when i try to pay contact there is a ui glitch please resolve, when i swipe up to check transaction it goes blank on the bottom Won't use again.",1.0,Bhaswat2002,2025-10-31T23:25:11-07:00,25.1017.00,app_store_reviews_complete.csv,en,0.0,True,template,111
"when i stress to pay striking on that point be a ui glitch please resolve, when i swipe up to check transaction it goes clean on the buns",1.0,Bhaswat2002,2025-10-31T23:25:11-07:00,25.1017.00,app_store_reviews_complete.csv,en,0.0,True,synonym,111
"most people try to pay verification this is a ui glitch please resolve, when i swipe password to secure transaction password goes blank on digital password",1.0,Bhaswat2002,2025-10-31T23:25:11-07:00,25.1017.00,app_store_reviews_complete.csv,en,0.0,True,contextual,111
"phone pay is good aap for pay on line payment to enjoy any character of installation to buy subscription like spotify, online products while steal delay at home. i like this app",5.0,Mani Salwan,2025-11-01T04:19:57-07:00,25.1017.00,app_store_reviews_complete.csv,en,0.55,True,synonym,110
"phone pay offers good aap for pay online service to allow a type of facility to buy phones and spotify, online messenger while actually staying at home. premium like nice app",5.0,Mani Salwan,2025-11-01T04:19:57-07:00,25.1017.00,app_store_reviews_complete.csv,en,0.55,True,contextual,110
"Love this app! phone pay is good aap for pay online payment to enjoy any type of facility to buy subscriptions like spotify,online products while buy staying at home. i like this app Five stars!",5.0,Mani Salwan,2025-11-01T04:19:57-07:00,25.1017.00,app_store_reviews_complete.csv,en,0.55,True,template,110
"phone salary is good aap for pay on line payment to savor any type of deftness to bribe subscription like spotify, online products while buy staying at home. i comparable this app",5.0,Mani Salwan,2025-11-01T04:19:57-07:00,25.1017.00,app_store_reviews_complete.csv,en,0.55,True,synonym,110
"phone pay is good example for pay online payment to enjoy specific type of facility they process data regarding spotify, online products while buy staying online home. subscribers want this service",5.0,Mani Salwan,2025-11-01T04:19:57-07:00,25.1017.00,app_store_reviews_complete.csv,en,0.55,True,contextual,110
my autopay have failed and i ' yard not even able to raise a just the ticket,1.0,stacK5555,2025-11-02T00:25:31-07:00,25.1017.00,app_store_reviews_complete.csv,en,0.0,True,synonym,102
their autopay has failed and i ' don not really set onto raise its ticket,1.0,stacK5555,2025-11-02T00:25:31-07:00,25.1017.00,app_store_reviews_complete.csv,en,0.0,True,contextual,102
Waste of time. my autopay has failed and i'm not even able to raise a ticket Very frustrated.,1.0,stacK5555,2025-11-02T00:25:31-07:00,25.1017.00,app_store_reviews_complete.csv,en,0.0,True,template,102
my autopay has failed and i ' molar concentration non yet able to lift a slate,1.0,stacK5555,2025-11-02T00:25:31-07:00,25.1017.00,app_store_reviews_complete.csv,en,0.0,True,synonym,102
my lottery has failed and shouldn ' f not even able yet acquire another ticket,1.0,stacK5555,2025-11-02T00:25:31-07:00,25.1017.00,app_store_reviews_complete.csv,en,0.0,True,contextual,102
there was still a complaint that inter group communication names cost not exhibit. however not fixed,1.0,Prasanth Vanjarapu,2025-11-01T22:42:54-07:00,25.1017.00,app_store_reviews_complete.csv,en,-0.175,True,synonym,103
there was still a rumor that digital sequences were not displayed. reason not stated,1.0,Prasanth Vanjarapu,2025-11-01T22:42:54-07:00,25.1017.00,app_store_reviews_complete.csv,en,-0.175,True,contextual,103
Waste of time. there was still a complaint that contact names were not displayed. still not fixed Needs improvement.,1.0,Prasanth Vanjarapu,2025-11-01T22:42:54-07:00,25.1017.00,app_store_reviews_complete.csv,en,-0.175,True,template,103
there was still a complaint that contact name were non displayed. even so non fix,1.0,Prasanth Vanjarapu,2025-11-01T22:42:54-07:00,25.1017.00,app_store_reviews_complete.csv,en,-0.175,True,synonym,103
there was probably a complaint that my names should never displayed. still not...,1.0,Prasanth Vanjarapu,2025-11-01T22:42:54-07:00,25.1017.00,app_store_reviews_complete.csv,en,-0.175,True,contextual,103
"i ' ve been use this app from last six old age, and it is amazing and reliable.",5.0,Suvhd,2025-11-02T02:14:24-07:00,25.1017.00,app_store_reviews_complete.csv,en,0.3,True,synonym,98
"i ' d stopped using this app sometime last five years, and functionality is fun and reliable.",5.0,Suvhd,2025-11-02T02:14:24-07:00,25.1017.00,app_store_reviews_complete.csv,en,0.3,True,contextual,98
"Highly recommend. i've been using this app from last six years, and it is amazing and reliable. Best app ever.",5.0,Suvhd,2025-11-02T02:14:24-07:00,25.1017.00,app_store_reviews_complete.csv,en,0.3,True,template,98
"i ' ve equal apply this app from last six years, and information technology is amazing and authentic.",5.0,Suvhd,2025-11-02T02:14:24-07:00,25.1017.00,app_store_reviews_complete.csv,en,0.3,True,synonym,98
"i ' ave been using another app from the six nations, and it is strong and compelling.",5.0,Suvhd,2025-11-02T02:14:24-07:00,25.1017.00,app_store_reviews_complete.csv,en,0.3,True,contextual,98
phone follow the good app in republic of india. it helped me out in the post where i was adhere with google remuneration. genuinely best app. loving it.,5.0,Dakshjaglan,2025-09-22T01:34:39-07:00,25.0905.00,app_store_reviews_complete.csv,en,0.8666666666666667,True,synonym,418
phone is the latest ap from australia. it helped me out of the situation where i have diagnosed with google 3. 10 best smartphone. loving it.,5.0,Dakshjaglan,2025-09-22T01:34:39-07:00,25.0905.00,app_store_reviews_complete.csv,en,0.8666666666666667,True,contextual,418
Great experience. phone is the best app in india. it helped me out in the situation where i was stuck with google pay. really best app. loving it. Five stars!,5.0,Dakshjaglan,2025-09-22T01:34:39-07:00,25.0905.00,app_store_reviews_complete.csv,en,0.8666666666666667,True,template,418
earphone embody the undecomposed app in india. it helped me out in the situation where iodine was stuck with google earnings. really unspoiled app. loving it.,5.0,Dakshjaglan,2025-09-22T01:34:39-07:00,25.0905.00,app_store_reviews_complete.csv,en,0.8666666666666667,True,synonym,418
phone is a best app in finland. it helped me out in crisis situation unless i simply stuck with no pay. cute brilliant apps. loving it.,5.0,Dakshjaglan,2025-09-22T01:34:39-07:00,25.0905.00,app_store_reviews_complete.csv,en,0.8666666666666667,True,contextual,418
single have enter the correct password only upi pin in incorrected what i be do and whom i contact them,1.0,Eat-healthy,2025-09-25T21:00:09-07:00,25.0905.05,app_store_reviews_complete.csv,en,0.0,True,synonym,390
i have enter this password password but upi pin in incorrected that i am do and what they call your,1.0,Eat-healthy,2025-09-25T21:00:09-07:00,25.0905.05,app_store_reviews_complete.csv,en,0.0,True,contextual,390
Waste of time. i have enter the correct password but upi pin in incorrected what i am do and whom i contact them Very frustrated.,1.0,Eat-healthy,2025-09-25T21:00:09-07:00,25.0905.05,app_store_reviews_complete.csv,en,0.0,True,template,390
unity get enter the correct parole but upi pin in incorrected what iodine am do and whom i contact them,1.0,Eat-healthy,2025-09-25T21:00:09-07:00,25.0905.05,app_store_reviews_complete.csv,en,0.0,True,synonym,390
i have enter the correct clothes but i can in sight what i am wearing and wish i know them,1.0,Eat-healthy,2025-09-25T21:00:09-07:00,25.0905.05,app_store_reviews_complete.csv,en,0.0,True,contextual,390
mere paise arabian tea gaye automobile salary ho gaye ab paise kon meri mehnat ki kamai thi phone pay ka jo bismuth malik ha mere 500 rupay de dena b,1.0,Raghuwan,2025-09-25T11:32:25-07:00,25.0905.05,app_store_reviews_complete.csv,id,-0.5,True,synonym,391
ba paise pak ki auto je ka gaye ab paise ki meri khan ki kamai thi phone pay ka pe bi malik pa mere 500 nay de dena bs,1.0,Raghuwan,2025-09-25T11:32:25-07:00,25.0905.05,app_store_reviews_complete.csv,id,-0.5,True,contextual,391
Waste of time. mere paise kat gaye auto pay ho gaye ab paise kon meri mehnat ki kamai thi phone pay ka jo bi malik ha mere 500 rupay de dena bs Fix this ASAP!,1.0,Raghuwan,2025-09-25T11:32:25-07:00,25.0905.05,app_store_reviews_complete.csv,id,-0.5,True,template,391
mere paise kat gaye auto earnings atomic number 67 gaye bachelor of arts paise kon meri mehnat qi kamai thi telephone set earnings ka jo bi malik ha mere 500 rupay de dena bs,1.0,Raghuwan,2025-09-25T11:32:25-07:00,25.0905.05,app_store_reviews_complete.csv,id,-0.5,True,synonym,391
mere paise aa gaye auto pay ho gaye ab ni kon meri mehnat ik kamai hai phone que ka dil bi hai mein mere me rupay aa dena bs,1.0,Raghuwan,2025-09-25T11:32:25-07:00,25.0905.05,app_store_reviews_complete.csv,id,-0.5,True,contextual,391
"phonepe applies very high charges for wandering recharges, peculiarly when using a credit rating card.",1.0,Akhilesh VV,2025-09-26T06:42:15-07:00,25.0905.05,app_store_reviews_complete.csv,en,0.104,True,synonym,385
"phonepe provides unusually high charges for heat recharges, especially upon purchasing a sim card.",1.0,Akhilesh VV,2025-09-26T06:42:15-07:00,25.0905.05,app_store_reviews_complete.csv,en,0.104,True,contextual,385
"Waste of time. phonepe applies very high charges for mobile recharges, especially when using a credit card. Fix this ASAP!",1.0,Akhilesh VV,2025-09-26T06:42:15-07:00,25.0905.05,app_store_reviews_complete.csv,en,0.104,True,template,385
"phonepe applies very gamy charge for peregrine recharges, especially when using a credit card.",1.0,Akhilesh VV,2025-09-26T06:42:15-07:00,25.0905.05,app_store_reviews_complete.csv,en,0.104,True,synonym,385
"phonepe applies very few charges during mobile recharges, providing electricity using a diamond bracelet.",1.0,Akhilesh VV,2025-09-26T06:42:15-07:00,25.0905.05,app_store_reviews_complete.csv,en,0.104,True,contextual,385
how can you not support a csv statement download? such an inconvenience for substance abuser. just pdf statement be useable.,1.0,Prajwal Suhas P,2025-09-26T00:09:05-07:00,25.0905.05,app_store_reviews_complete.csv,en,0.1333333333333333,True,synonym,387
why can you not support a project statement explicitly? such risks inconvenience for transparency. rarely temporary downloads are available.,1.0,Prajwal Suhas P,2025-09-26T00:09:05-07:00,25.0905.05,app_store_reviews_complete.csv,en,0.1333333333333333,True,contextual,387
Disappointed. how can you not support a csv statement download? such an inconvenience for users. only pdf statements are available. Very frustrated.,1.0,Prajwal Suhas P,2025-09-26T00:09:05-07:00,25.0905.05,app_store_reviews_complete.csv,en,0.1333333333333333,True,template,387
how can you non underpin a csv statement download? such an inconvenience for users. exclusively pdf statements are usable.,1.0,Prajwal Suhas P,2025-09-26T00:09:05-07:00,25.0905.05,app_store_reviews_complete.csv,en,0.1333333333333333,True,synonym,387
« would you possibly support a csv statement download? flexibility is inconvenience for application. some pdf statements are included.,1.0,Prajwal Suhas P,2025-09-26T00:09:05-07:00,25.0905.05,app_store_reviews_complete.csv,en,0.1333333333333333,True,contextual,387
"non working, my interlingual rendition 15. viii. v, how to determine this problem",1.0,dfgecf,2025-10-27T20:33:53-07:00,25.1003.06,app_store_reviews_complete.csv,en,0.0,True,synonym,142
"not described, during version 15. 8. 5, how bugs avoid this bugs",1.0,dfgecf,2025-10-27T20:33:53-07:00,25.1003.06,app_store_reviews_complete.csv,en,0.0,True,contextual,142
"Not recommended. not working, my version 15.8.5 , how to fix this problem Won't use again.",1.0,dfgecf,2025-10-27T20:33:53-07:00,25.1003.06,app_store_reviews_complete.csv,en,0.0,True,template,142
"not work, my adaptation 15. ogdoad. 5, how to cook this job",1.0,dfgecf,2025-10-27T20:33:53-07:00,25.1003.06,app_store_reviews_complete.csv,en,0.0,True,synonym,142
"already working, but computer 15. 8. 5, needs to fix this puzzle",1.0,dfgecf,2025-10-27T20:33:53-07:00,25.1003.06,app_store_reviews_complete.csv,en,0.0,True,contextual,142
"phonepay is the easy, safest and casual way of money transport / payment",5.0,NVSwamy,2025-10-29T05:40:18-07:00,25.1003.06,app_store_reviews_complete.csv,en,0.0,True,synonym,131
"phonepay is the cheap, reliable locally reliable way of transferring transfer / banking",5.0,NVSwamy,2025-10-29T05:40:18-07:00,25.1003.06,app_store_reviews_complete.csv,en,0.0,True,contextual,131
"Amazing! phonepay is the easiest, safest nd effortless way of money transfer/payment Worth trying.",5.0,NVSwamy,2025-10-29T05:40:18-07:00,25.1003.06,app_store_reviews_complete.csv,en,0.0,True,template,131
"phonepay embody the easiest, safest and effortless direction of money carry over / requital",5.0,NVSwamy,2025-10-29T05:40:18-07:00,25.1003.06,app_store_reviews_complete.csv,en,0.0,True,synonym,131
"phonepay enabling the largest, safest and reliable way of people reaching / sharing",5.0,NVSwamy,2025-10-29T05:40:18-07:00,25.1003.06,app_store_reviews_complete.csv,en,0.0,True,contextual,131
stupid app no client musical accompaniment this leave and should go down soon,1.0,wehdhkcf,2025-10-28T20:37:53-07:00,25.1003.06,app_store_reviews_complete.csv,en,-0.4777777777777777,True,synonym,136
stupid app software customer makes this software build should go down soon,1.0,wehdhkcf,2025-10-28T20:37:53-07:00,25.1003.06,app_store_reviews_complete.csv,en,-0.4777777777777777,True,contextual,136
Not recommended. stupid app no customer support this will and should go down soon Needs improvement.,1.0,wehdhkcf,2025-10-28T20:37:53-07:00,25.1003.06,app_store_reviews_complete.csv,en,-0.4777777777777777,True,template,136
stunned app no client support this will and should go devour soon,1.0,wehdhkcf,2025-10-28T20:37:53-07:00,25.1003.06,app_store_reviews_complete.csv,en,-0.4777777777777777,True,synonym,136
stupid boys no longer support this will still hopefully go down soon,1.0,wehdhkcf,2025-10-28T20:37:53-07:00,25.1003.06,app_store_reviews_complete.csv,en,-0.4777777777777777,True,contextual,136
service are cold not working good slow and hanging bring out many prison term,1.0,Yashasvicsc,2025-10-28T21:09:20-07:00,25.1003.06,app_store_reviews_complete.csv,en,0.0749999999999999,True,synonym,135
48 hour cold air working good slow and hanging issue service time,1.0,Yashasvicsc,2025-10-28T21:09:20-07:00,25.1003.06,app_store_reviews_complete.csv,en,0.0749999999999999,True,contextual,135
Terrible experience. service are cold not working good slow and hanging issue many time Won't use again.,1.0,Yashasvicsc,2025-10-28T21:09:20-07:00,25.1003.06,app_store_reviews_complete.csv,en,0.0749999999999999,True,template,135
service are cold not working good slow and hang publish many time,1.0,Yashasvicsc,2025-10-28T21:09:20-07:00,25.1003.06,app_store_reviews_complete.csv,en,0.0749999999999999,True,synonym,135
these are cold not only good out of hanging issue many time,1.0,Yashasvicsc,2025-10-28T21:09:20-07:00,25.1003.06,app_store_reviews_complete.csv,en,0.0749999999999999,True,contextual,135
"not happy with the current payment method, in the beginning requital method be good. i was able to employ wit or rupay upi",1.0,Shantharaju D,2025-09-26T04:18:23-07:00,25.0905.05,app_store_reviews_complete.csv,en,0.1599999999999999,True,synonym,386
"not familiar with the current payment schemes, earlier one method is used. he was known to use cards or rupay stuff",1.0,Shantharaju D,2025-09-26T04:18:23-07:00,25.0905.05,app_store_reviews_complete.csv,en,0.1599999999999999,True,contextual,386
"Disappointed. not happy with the current payment method, earlier payment method was good. i was able to use cards or rupay upi Needs improvement.",1.0,Shantharaju D,2025-09-26T04:18:23-07:00,25.0905.05,app_store_reviews_complete.csv,en,0.1599999999999999,True,template,386
"not happy with the current payment method acting, earlier requital method make up good. i was capable to apply cards operating theater rupay upi",1.0,Shantharaju D,2025-09-26T04:18:23-07:00,25.0905.05,app_store_reviews_complete.csv,en,0.1599999999999999,True,synonym,386
"perfectly happy with his current payment method, this payment system was simpler. i was able actually lend cash or rupay upi",1.0,Shantharaju D,2025-09-26T04:18:23-07:00,25.0905.05,app_store_reviews_complete.csv,en,0.1599999999999999,True,contextual,386
from august i can ' t readjust my history pin. otp sent to my routine simply when i put otp in the application show incorrect. i write charge in bank but not resolved this. face to much issue pls help,1.0,Sarpanchsiya,2025-09-29T11:20:45-07:00,25.0905.05,app_store_reviews_complete.csv,en,-0.0499999999999999,True,synonym,367
from august 2011 can ' t publish my account regularly. otp sent updates my number but when you put otp digits the application proves incorrect. i write complaint in bank against not resolved case. facing to continue issue pls help,1.0,Sarpanchsiya,2025-09-29T11:20:45-07:00,25.0905.05,app_store_reviews_complete.csv,en,-0.0499999999999999,True,contextual,367
Terrible experience. from august i can't reset my account pin . otp sent to my number but when i put otp in the application show incorrect. i write complaint in bank but not resolved this . facing to much issue pls help Needs improvement.,1.0,Sarpanchsiya,2025-09-29T11:20:45-07:00,25.0905.05,app_store_reviews_complete.csv,en,-0.0499999999999999,True,template,367
from august i can ' t reset my report bowling pin. otp sent to my number but when i put otp in the application show incorrect. i write complaint in coin bank just non resolve this. facing to much issue pls assistance,1.0,Sarpanchsiya,2025-09-29T11:20:45-07:00,25.0905.05,app_store_reviews_complete.csv,en,-0.0499999999999999,True,synonym,367
from august 12 can ' h reset till account pin. otp sent to my number pin then i found him in the application show failure. i write complaint about bank but not resolved this. facing to much issue pls violation,1.0,Sarpanchsiya,2025-09-29T11:20:45-07:00,25.0905.05,app_store_reviews_complete.csv,en,-0.0499999999999999,True,contextual,367
it ' s famous on there tasty charts and love too eat there only non others,5.0,Bhai mera,2025-10-24T08:46:43-07:00,25.1003.06,app_store_reviews_complete.csv,en,0.3333333333333333,True,synonym,164
it ' d thursday on saturday tasty feast when love too eat there please not others,5.0,Bhai mera,2025-10-24T08:46:43-07:00,25.1003.06,app_store_reviews_complete.csv,en,0.3333333333333333,True,contextual,164
Love this app! it's famous on there tasty charts and love too eat there only not others Best app ever.,5.0,Bhai mera,2025-10-24T08:46:43-07:00,25.1003.06,app_store_reviews_complete.csv,en,0.3333333333333333,True,template,164
it ' s famous on there tasty chart and sleep together too eat at that place only not others,5.0,Bhai mera,2025-10-24T08:46:43-07:00,25.1003.06,app_store_reviews_complete.csv,en,0.3333333333333333,True,synonym,164
it ' s famous then there tasty charts always love grow rich it if not others,5.0,Bhai mera,2025-10-24T08:46:43-07:00,25.1003.06,app_store_reviews_complete.csv,en,0.3333333333333333,True,contextual,164
my phone pe app on the spur of the moment halt working and repeated attempts to reinstall not successful. tried contacting customer care but no one to respond except prerecorded ivr. i have some funds blocked in phone pe lite don ' t know how to retrieve them. better non to use this app. very irresponsible attitude,1.0,Srinivas gastro,2025-10-23T19:03:07-07:00,25.1003.06,app_store_reviews_complete.csv,en,0.0,True,synonym,169
my phone pe app developers kept working and found tests to be not successful. tried contacting customer number but lost one to respond except prerecorded ivr. i bet some funds blocked in phone pe apps don ' t know how i retrieve them. better not to use this app. very irresponsible attitude,1.0,Srinivas gastro,2025-10-23T19:03:07-07:00,25.1003.06,app_store_reviews_complete.csv,en,0.0,True,contextual,169
Waste of time. my phone pe app suddenly stopped working and repeated attempts to reinstall nt successful.tried contacting customer care but no one to respond except prerecorded ivr.i have some funds blocked in phone pe lite don't know how to retrieve them.better not to use this app.very irresponsible attitude Fix this ASAP!,1.0,Srinivas gastro,2025-10-23T19:03:07-07:00,25.1003.06,app_store_reviews_complete.csv,en,0.0,True,template,169
my phone pe app suddenly stopped working and repeated attempt to reinstall non successful. tried contacting customer forethought just no one to respond except prerecorded ivr. i have some funds blocked in phone pe calorie free don ' metric ton know how to remember them. substantially not to expend this app. very irresponsible attitude,1.0,Srinivas gastro,2025-10-23T19:03:07-07:00,25.1003.06,app_store_reviews_complete.csv,en,0.0,True,synonym,169
my phone base app suddenly stopped working but hard trying to still not budge. tried contacting customer care but no one to respond except prerecorded ivr. i have some funds blocked in phone pe but don ' t know how to compare results. better not to trust this app. very irresponsible attitude,1.0,Srinivas gastro,2025-10-23T19:03:07-07:00,25.1003.06,app_store_reviews_complete.csv,en,0.0,True,contextual,169
i ' 1000 facing a job tegarding login from yesterday. the app interface keeps loading and not processing anything! please fasten it asap.,5.0,duttasayan,2025-10-23T03:38:31-07:00,25.1003.06,app_store_reviews_complete.csv,en,0.0,True,synonym,174
i ' m facing computer crash tegarding data from yesterday. the app quickly keeps going after automatically sending anything! please fix what asap.,5.0,duttasayan,2025-10-23T03:38:31-07:00,25.1003.06,app_store_reviews_complete.csv,en,0.0,True,contextual,174
Amazing! i'm facing a problem tegarding login from yesterday. the app interface keeps loading and not processing anything! please fix it asap. Worth trying.,5.0,duttasayan,2025-10-23T03:38:31-07:00,25.1003.06,app_store_reviews_complete.csv,en,0.0,True,template,174
iodine ' molar concentration present a trouble tegarding login from yesterday. the app interface livelihood loading and not processing anything! please fix information technology asap.,5.0,duttasayan,2025-10-23T03:38:31-07:00,25.1003.06,app_store_reviews_complete.csv,en,0.0,True,synonym,174
i ' m facing zombie zombie tegarding login from yesterday. every client sends and loading messages nt processing itself! will fix it asap.,5.0,duttasayan,2025-10-23T03:38:31-07:00,25.1003.06,app_store_reviews_complete.csv,en,0.0,True,contextual,174
after changing phone it adopt only minute to activate phonepe account. whether gpay take away more than deuce day.,5.0,Vicky@2228,2025-10-23T02:55:57-07:00,25.1003.06,app_store_reviews_complete.csv,en,0.25,True,synonym,175
after changing phone stats gives only minute to activate nfc messenger. this gpay takes wait of two days.,5.0,Vicky@2228,2025-10-23T02:55:57-07:00,25.1003.06,app_store_reviews_complete.csv,en,0.25,True,contextual,175
Great experience. after changing phone it take only minute to activate phonepe account. whether gpay takes more than two days. Worth trying.,5.0,Vicky@2228,2025-10-23T02:55:57-07:00,25.1003.06,app_store_reviews_complete.csv,en,0.25,True,template,175
after changing earphone it take only when minute to set off phonepe account. whether gpay takes more than than two days.,5.0,Vicky@2228,2025-10-23T02:55:57-07:00,25.1003.06,app_store_reviews_complete.csv,en,0.25,True,synonym,175
after changing phone it take 100 times and activate phonepe account. application gpay takes easier than four minutes.,5.0,Vicky@2228,2025-10-23T02:55:57-07:00,25.1003.06,app_store_reviews_complete.csv,en,0.25,True,contextual,175
slate raised three day ago but not commence any declaration yet,1.0,Yadav 12,2025-10-22T21:31:10-07:00,25.1003.00,app_store_reviews_complete.csv,en,0.0,True,synonym,176
ticket filed three generations ago but none get cabinet resolution yet,1.0,Yadav 12,2025-10-22T21:31:10-07:00,25.1003.00,app_store_reviews_complete.csv,en,0.0,True,contextual,176
nt recommended. ticket raised three days ago but not get any resolution yet Won't use again.,1.0,Yadav 12,2025-10-22T21:31:10-07:00,25.1003.00,app_store_reviews_complete.csv,en,0.0,True,template,176
ticket raised 3 days ago simply not get any resolution nonetheless,1.0,Yadav 12,2025-10-22T21:31:10-07:00,25.1003.00,app_store_reviews_complete.csv,en,0.0,True,synonym,176
ticket raised 15 days ago but failed before a resolution yet,1.0,Yadav 12,2025-10-22T21:31:10-07:00,25.1003.00,app_store_reviews_complete.csv,en,0.0,True,contextual,176
dont add text or link while portion out payment receipts,1.0,awesomeasad07,2025-09-29T08:58:59-07:00,25.0905.05,app_store_reviews_complete.csv,en,0.0,True,synonym,370
publishers add text or notes without sharing payment receipts,1.0,awesomeasad07,2025-09-29T08:58:59-07:00,25.0905.05,app_store_reviews_complete.csv,en,0.0,True,contextual,370
Disappointed. dont add text or links while sharing payment receipts Needs improvement.,1.0,awesomeasad07,2025-09-29T08:58:59-07:00,25.0905.05,app_store_reviews_complete.csv,en,0.0,True,template,370
dont sum up textbook or links while apportion payment receipts,1.0,awesomeasad07,2025-09-29T08:58:59-07:00,25.0905.05,app_store_reviews_complete.csv,en,0.0,True,synonym,370
dont require text or links like sharing payment information,1.0,awesomeasad07,2025-09-29T08:58:59-07:00,25.0905.05,app_store_reviews_complete.csv,en,0.0,True,contextual,370
there be no any welfare from phone pay i utilization to execute minimum 10 to 12 transactn from pp app,1.0,Vasudendra,2025-09-29T08:37:37-07:00,25.0905.05,app_store_reviews_complete.csv,en,0.0,True,synonym,371
there is added tax benefit from customer pay i use to purchase minimum 10 to 12 tasks from android app,1.0,Vasudendra,2025-09-29T08:37:37-07:00,25.0905.05,app_store_reviews_complete.csv,en,0.0,True,contextual,371
Terrible experience. there is no any benefit from phone pay i use to do minimum 10 to 12 transaction from pp app Won't use again.,1.0,Vasudendra,2025-09-29T08:37:37-07:00,25.0905.05,app_store_reviews_complete.csv,en,0.0,True,template,371
there is no any benefit from earphone pay i economic consumption to do minimum tenner to dozen transaction from pp app,1.0,Vasudendra,2025-09-29T08:37:37-07:00,25.0905.05,app_store_reviews_complete.csv,en,0.0,True,synonym,371
there is rarely any delay from phone pay service use at do minimum 10 to 12 transaction from mobile app,1.0,Vasudendra,2025-09-29T08:37:37-07:00,25.0905.05,app_store_reviews_complete.csv,en,0.0,True,contextual,371
self transfer is taking more meter to course credit information technology ' s debit entry on time and to credit to another account it ' s taking more time so indeed if you need to do urgent transplant and so i should not advise.,1.0,Mihir Oza,2025-09-29T05:50:40-07:00,25.0905.05,app_store_reviews_complete.csv,en,0.5,True,synonym,372
self transfer is requiring more time towards ensure it ' s debit on time and to credit to another account it ' s taking some time so so if they need just consider this maintenance then i should definitely suggest.,1.0,Mihir Oza,2025-09-29T05:50:40-07:00,25.0905.05,app_store_reviews_complete.csv,en,0.5,True,contextual,372
Terrible experience. self transfer is taking more time to credit it's debit on time and to credit to another account it's taking more time so so if you need to do urgent transfer then i should not suggest. Needs improvement.,1.0,Mihir Oza,2025-09-29T05:50:40-07:00,25.0905.05,app_store_reviews_complete.csv,en,0.5,True,template,372
self transfer be taking more time to acknowledgment it ' s debit on metre and to citation to another account it ' s taking more time so so if you need to do urgent transfer then i should not suggest.,1.0,Mihir Oza,2025-09-29T05:50:40-07:00,25.0905.05,app_store_reviews_complete.csv,en,0.5,True,synonym,372
self transfer signifies taking considerable time to credit customer ' s relying rather time and to credit to another account whichever ' s taking more years so so if you try to facilitate urgent transfer then users should not suggest.,1.0,Mihir Oza,2025-09-29T05:50:40-07:00,25.0905.05,app_store_reviews_complete.csv,en,0.5,True,contextual,372
"after 23 day with little phoebe solving date extension, phonepe is denying eligible offer benefit. this is even sharing offer screenshots received via push notifications and inapp communicating. highly uneithical malpractice.",1.0,Dpb700,2025-09-28T03:16:04-07:00,25.0905.05,app_store_reviews_complete.csv,en,0.16,True,synonym,377
"after 23 rounds with 5 out date extension, phonepe is denying eligible operator benefits. this is considering pending offer incentives received from push call enabling inapp communication. addressing uneithical malpractices.",1.0,Dpb700,2025-09-28T03:16:04-07:00,25.0905.05,app_store_reviews_complete.csv,en,0.16,True,contextual,377
"Terrible experience. after 23 days with 5 resolution date extension, phonepe is denying eligible offer benefits. this is even sharing offer screenshots received via push notifications and inapp communication. highly uneithical malpractices. Very frustrated.",1.0,Dpb700,2025-09-28T03:16:04-07:00,25.0905.05,app_store_reviews_complete.csv,en,0.16,True,template,377
"after 23 days with five declaration date annexe, phonepe is denying eligible offer benefits. this represent even share offering screenshots received via push notifications and inapp communication. highly uneithical malpractices.",1.0,Dpb700,2025-09-28T03:16:04-07:00,25.0905.05,app_store_reviews_complete.csv,en,0.16,True,synonym,377
"after 23 days with 5 week email extension, phonepe is denying eligible offer benefits. notification allows for sharing offer benefit received by error notifications using inapp communication. highly costly malpractices.",1.0,Dpb700,2025-09-28T03:16:04-07:00,25.0905.05,app_store_reviews_complete.csv,en,0.16,True,contextual,377
we lost so much cause of no proper monosodium glutamate and calls from receiver bank cause once we send the money but it showing transaction pending for us as receiver received the money but they say it will reflect to your bank again we will paying cause off the bank issue the receivers bank follow getting double payments like this we lost so much money,5.0,Aandal✌️,2025-09-28T00:35:10-07:00,25.0905.05,app_store_reviews_complete.csv,en,0.1,True,synonym,379
we lost so much cause having no proper msg and the urgent receivers bank cause once we send the money but it indicates transaction pending for us as receivers received the money but they say it will reflect to its bank manager who will paying debts therefore the bank therefore the receivers bank is getting double payments like this we lost so much money,5.0,Aandal✌️,2025-09-28T00:35:10-07:00,25.0905.05,app_store_reviews_complete.csv,en,0.1,True,contextual,379
Love this app! we lost so much cause of no proper msg and calls from receivers bank cause once we send the money but it showing transaction pending for us as receivers received the money but they say it will reflect to your bank again we will paying cause off the bank issues the receivers bank is getting double payments like this we lost so much money Five stars!,5.0,Aandal✌️,2025-09-28T00:35:10-07:00,25.0905.05,app_store_reviews_complete.csv,en,0.1,True,template,379
we lost so much cause of no proper monosodium glutamate and calls from receivers banking concern cause once we send the money but information technology showing transaction pending for us as receivers received the money but they say it testament reflect to your bank again we will paying cause off the bank issues the receivers bank is getting double payments like this we lost hence much money,5.0,Aandal✌️,2025-09-28T00:35:10-07:00,25.0905.05,app_store_reviews_complete.csv,en,0.1,True,synonym,379
we used our expensive cause of no proper msg and calls from receivers bank cause once accountant send our money but it showing transaction pending for us as receivers received the money but they hoped it will reflect against your bank again we will paying cause off the bank issues the receivers bank is accepting double payments like this we lost so big value,5.0,Aandal✌️,2025-09-28T00:35:10-07:00,25.0905.05,app_store_reviews_complete.csv,en,0.1,True,contextual,379
check symmetry pick doesn ' liothyronine works sometime in ios,1.0,Harsh-18,2025-09-22T04:20:41-07:00,25.0905.00,app_store_reviews_complete.csv,en,0.0,True,synonym,416
check balance check doesn ' t works sometime every year,1.0,Harsh-18,2025-09-22T04:20:41-07:00,25.0905.00,app_store_reviews_complete.csv,en,0.0,True,contextual,416
Terrible experience. check balance option doesn't works sometime in ios Won't use again.,1.0,Harsh-18,2025-09-22T04:20:41-07:00,25.0905.00,app_store_reviews_complete.csv,en,0.0,True,template,416
hitch equalizer option doesn ' mt works sometime in ios,1.0,Harsh-18,2025-09-22T04:20:41-07:00,25.0905.00,app_store_reviews_complete.csv,en,0.0,True,synonym,416
check a date doesn ' t works sometime in 2017,1.0,Harsh-18,2025-09-22T04:20:41-07:00,25.0905.00,app_store_reviews_complete.csv,en,0.0,True,contextual,416
here i ' m unable to do any upi dealings on this app. i ' ve been using this app for longer time and this is not what one was expecting from the app. raised a ticket for this but no response from tech team. look like it ' s time for me to proceed to different upi apps.,1.0,M_Prasad,2025-09-23T01:52:19-07:00,25.0905.00,app_store_reviews_complete.csv,en,-0.25,True,synonym,409
here i ' d going to do any upi transaction on this app. i ' s missed using this app much longer time and this is not what i was expecting from the app. raised a ticket to this but no response from tech team. seems like it ' s time to me to move on slower upi streams.,1.0,M_Prasad,2025-09-23T01:52:19-07:00,25.0905.00,app_store_reviews_complete.csv,en,-0.25,True,contextual,409
Waste of time. here i'm unable to do any upi transaction on this app. i've been using this app for longer time and this is not what i was expecting from the app. raised a ticket for this but no response from tech team. seems like it's time for me to move to different upi apps. Won't use again.,1.0,M_Prasad,2025-09-23T01:52:19-07:00,25.0905.00,app_store_reviews_complete.csv,en,-0.25,True,template,409
here i ' m unable to do any upi transaction on this app. i ' ve been using this app for longer fourth dimension and this is non what i was expecting from the app. raised a ticket for this just no response from tech team. seems like it ' s time for maine to move to unlike upi apps.,1.0,M_Prasad,2025-09-23T01:52:19-07:00,25.0905.00,app_store_reviews_complete.csv,en,-0.25,True,synonym,409
here i ' m going to do another upi transaction on such app. i ' ve tried using this app a longer time and this is not what i was thinking from the start. raised a ticket about this but no response from tech fans. seems like it ' s time for me to move to different subscription apps.,1.0,M_Prasad,2025-09-23T01:52:19-07:00,25.0905.00,app_store_reviews_complete.csv,en,-0.25,True,contextual,409
awful substance abuser user interface. ane feel very convenient employ this app for payments. thanks.,5.0,Suman Gunta,2025-11-03T03:39:04-07:00,25.1017.00,app_store_reviews_complete.csv,en,0.4666666666666666,True,synonym,84
adobe cloud interface. gov was quite convenient using this app for payments. thanks.,5.0,Suman Gunta,2025-11-03T03:39:04-07:00,25.1017.00,app_store_reviews_complete.csv,en,0.4666666666666666,True,contextual,84
Highly recommend. awesome user interface. i feel very convenient using this app for payments. thanks. Keep it up!,5.0,Suman Gunta,2025-11-03T03:39:04-07:00,25.1017.00,app_store_reviews_complete.csv,en,0.4666666666666666,True,template,84
awesome exploiter interface. i feel very commodious employ this app for payments. thanks.,5.0,Suman Gunta,2025-11-03T03:39:04-07:00,25.1017.00,app_store_reviews_complete.csv,en,0.4666666666666666,True,synonym,84
awesome user interface. i felt damn good using mobile one for payments. thanks.,5.0,Suman Gunta,2025-11-03T03:39:04-07:00,25.1017.00,app_store_reviews_complete.csv,en,0.4666666666666666,True,contextual,84
esme 18 yr + bank building accounts bante h jo ki bahut good heat content esse hm hm subscriber bhi kar sakte h recharge bhi kar sakte atomic number 1 and upi bhi kar sakte total heat or day by day saving se atomic number 79 bhi jma kar sakte h = good app,5.0,Khemsa  jani,2025-11-03T10:09:27-07:00,25.1017.00,app_store_reviews_complete.csv,id,0.3333333333333333,True,synonym,82
esme 18 year + financial accounts b h jo ki bahut h h esse hm hm subscriber bhi kar sakte h recharge bhi kar l h um diamond bhi kar sakte h or daily banking bank gold bhi jma kar sakte i = bank app,5.0,Khemsa  jani,2025-11-03T10:09:27-07:00,25.1017.00,app_store_reviews_complete.csv,id,0.3333333333333333,True,contextual,82
Highly recommend. esme 18 year+ bank accounts bante h jo ki bahut safe h esse hm hm subscriber bhi kar sakte h recharge bhi kar sakte h and upi bhi kar sakte h or daily saving se gold bhi jma kar sakte h = safe app Keep it up!,5.0,Khemsa  jani,2025-11-03T10:09:27-07:00,25.1017.00,app_store_reviews_complete.csv,id,0.3333333333333333,True,template,82
esme 18 class + bank accounts bante h jo ch'i bahut safe h esse hm hectometre subscriber bhi kar sakte heat content recharge bhi kar sakte h and upi bhi kar sakte h operating room daily saving se gold bhi jma kar sakte h = safe app,5.0,Khemsa  jani,2025-11-03T10:09:27-07:00,25.1017.00,app_store_reviews_complete.csv,id,0.3333333333333333,True,synonym,82
esme 18 year + bank accounts bante h jo na se safe h esse hm hm subscriber sa kar sakte h recharge bhi sai sakte j and upi bhi kar sakte e premium daily saving programme sai bhi jma kar sakte h = safe health,5.0,Khemsa  jani,2025-11-03T10:09:27-07:00,25.1017.00,app_store_reviews_complete.csv,id,0.3333333333333333,True,contextual,82
phone pe app most payment fail or processing trouble create,1.0,Mahjabbsjdk,2025-09-23T06:19:46-07:00,25.0905.00,app_store_reviews_complete.csv,en,0.0,True,synonym,408
phone checking app for payment fail or processing problem reports,1.0,Mahjabbsjdk,2025-09-23T06:19:46-07:00,25.0905.00,app_store_reviews_complete.csv,en,0.0,True,contextual,408
Waste of time. phone pe app most payment fail or processing problem create Very frustrated.,1.0,Mahjabbsjdk,2025-09-23T06:19:46-07:00,25.0905.00,app_store_reviews_complete.csv,en,0.0,True,template,408
telephone pe app most payment fail or processing problem create,1.0,Mahjabbsjdk,2025-09-23T06:19:46-07:00,25.0905.00,app_store_reviews_complete.csv,en,0.0,True,synonym,408
hp pe app most payment verification or processing problem update,1.0,Mahjabbsjdk,2025-09-23T06:19:46-07:00,25.0905.00,app_store_reviews_complete.csv,en,0.0,True,contextual,408
"this app frequently fails to scan while other apps be swimmingly able to scan, payment progress is enormously slow when signal is moderate while other apps personify rather the diametric even with weak signal strength",1.0,UrbanGypsy94,2025-09-22T01:34:41-07:00,25.0905.00,app_store_reviews_complete.csv,en,-0.115625,True,synonym,417
"blackberry app frequently manages to scan yet other apps are smoothly able to navigate, payment search is tremendously rapid when signal is moderate while online apps are quite perfectly opposite even displaying limited signal strength",1.0,UrbanGypsy94,2025-09-22T01:34:41-07:00,25.0905.00,app_store_reviews_complete.csv,en,-0.115625,True,contextual,417
"Terrible experience. this app frequently fails to scan while other apps are smoothly able to scan, payment progress is tremendously slow when signal is moderate while other apps are quite the opposite even with weak signal strength Won't use again.",1.0,UrbanGypsy94,2025-09-22T01:34:41-07:00,25.0905.00,app_store_reviews_complete.csv,en,-0.115625,True,template,417
"this app frequently fails to run down while other apps are smoothly able bodied to scan, payment progress be tremendously slow when signal is moderate while early apps be quite the opposite yet with rickety signal strength",1.0,UrbanGypsy94,2025-09-22T01:34:41-07:00,25.0905.00,app_store_reviews_complete.csv,en,-0.115625,True,synonym,417
"this app that fails to scan two different apps neither actually able can scan, payment progress is tremendously slow when signal is moderate as other apps operate quite basically opposite way with weak signal strength",1.0,UrbanGypsy94,2025-09-22T01:34:41-07:00,25.0905.00,app_store_reviews_complete.csv,en,-0.115625,True,contextual,417
""" i ' ve be using phonepe for years and my experience has been amazing. it ' s fast, reliable, and the user interface is so simple that even my parents can use information technology easily. the scope of service from upi requital to bill recharges be fantastic. """,5.0,Shahnawaz Shah 03,2025-11-02T08:24:31-07:00,25.1017.00,app_store_reviews_complete.csv,en,0.3266666666666666,True,synonym,93
""" i ' t been using phonepe for years and my experience has been exemplary. it ' s fast, reliable, then my phones were so simple that even my iphone can communicate more easily. the range of technology from upi payments to bill recharges is fantastic. """,5.0,Shahnawaz Shah 03,2025-11-02T08:24:31-07:00,25.1017.00,app_store_reviews_complete.csv,en,0.3266666666666666,True,contextual,93
"Love this app! ""i've been using phonepe for years and my experience has been amazing. it's fast, reliable, and the interface is so simple that even my parents can use it easily. the range of services from upi payments to bill recharges is fantastic."" Worth trying.",5.0,Shahnawaz Shah 03,2025-11-02T08:24:31-07:00,25.1017.00,app_store_reviews_complete.csv,en,0.3266666666666666,True,template,93
""" i ' ve been apply phonepe for year and my experience has been amazing. it ' s fast, reliable, and the interface be so simple that even my parents sack use it well. the range of services from upi payments to bill recharges equal fantastic. """,5.0,Shahnawaz Shah 03,2025-11-02T08:24:31-07:00,25.1017.00,app_store_reviews_complete.csv,en,0.3266666666666666,True,synonym,93
""" i ' e been with these for years and my experience has been amazing. it ' s fast, transparent, and this interface is so flexible that even my parents can fix it easily. the scope beyond applications from upi payments to bill recharges is fantastic. """,5.0,Shahnawaz Shah 03,2025-11-02T08:24:31-07:00,25.1017.00,app_store_reviews_complete.csv,en,0.3266666666666666,True,contextual,93
"i normally compensate my credit card bill, but it have failed and the reversal sentence is too long. world health organization will be responsible if my visor bounces?",1.0,Sarfuraz,2025-11-02T07:51:03-07:00,25.1017.00,app_store_reviews_complete.csv,en,-0.15,True,synonym,94
"i usually pay my credit card due, but mine always failed whenever its waiting schedule is too long. who will be responsible if your bill arrives?",1.0,Sarfuraz,2025-11-02T07:51:03-07:00,25.1017.00,app_store_reviews_complete.csv,en,-0.15,True,contextual,94
"Terrible experience. i usually pay my credit card bill, but it has failed and the reversal time is too long. who will be responsible if my bill bounces? Needs improvement.",1.0,Sarfuraz,2025-11-02T07:51:03-07:00,25.1017.00,app_store_reviews_complete.csv,en,-0.15,True,template,94
"iodine commonly ante up my credit card poster, but it has give way and the reversal time is too long. who will constitute responsible for if my bill bounces?",1.0,Sarfuraz,2025-11-02T07:51:03-07:00,25.1017.00,app_store_reviews_complete.csv,en,-0.15,True,synonym,94
"i initially pay my credit card bill, but tracking has failed within the intervening time becoming too busy. who will think responsible how my cash bounces?",1.0,Sarfuraz,2025-11-02T07:51:03-07:00,25.1017.00,app_store_reviews_complete.csv,en,-0.15,True,contextual,94
i have face problem with phonepe scan. loose scan camera and tv camera automatically scan front side my face. whats the problem yaar. should make up scan rear camera scanner. germ fixes and solve my problem. thanks,5.0,Ramesh Suthar Chaba,2025-09-25T08:39:54-07:00,25.0905.05,app_store_reviews_complete.csv,en,0.1,True,synonym,395
you have face problem with flash scan. open scan rear front camera automatically scan front of camera face. whats the update yaar. should be scan rear eye update. bug fixes will solve my problem. thanks,5.0,Ramesh Suthar Chaba,2025-09-25T08:39:54-07:00,25.0905.05,app_store_reviews_complete.csv,en,0.1,True,contextual,395
Love this app! i have face problem with phonepe scan. open scan camera and camera automatically scan front side my face . whats the problem yaar. should be scan rear camera scanner. bug fixes and solve my problem. thanks Keep it up!,5.0,Ramesh Suthar Chaba,2025-09-25T08:39:54-07:00,25.0905.05,app_store_reviews_complete.csv,en,0.1,True,template,395
unity birth present problem with phonepe scan. unresolved scan camera and camera mechanically scan front side my expression. whats the problm yaar. should be scan rearward camera scanner. bug fixes and work my problem. thanks,5.0,Ramesh Suthar Chaba,2025-09-25T08:39:54-07:00,25.0905.05,app_store_reviews_complete.csv,en,0.1,True,synonym,395
i have mechanical problem regarding phonepe scan. user scan camera and website automatically reveal both side monitor smartphone. whats the problem there. should be scan rear camera scanner. bug fixes and resolve my problem. thanks,5.0,Ramesh Suthar Chaba,2025-09-25T08:39:54-07:00,25.0905.05,app_store_reviews_complete.csv,en,0.1,True,contextual,395
for opening application take up too farsighted prison term and money send non showing in story,1.0,Uyfurfh,2025-09-24T23:17:31-07:00,25.0905.00,app_store_reviews_complete.csv,en,-0.05,True,synonym,400
for opening application any significant small time and money deemed not included in history,1.0,Uyfurfh,2025-09-24T23:17:31-07:00,25.0905.00,app_store_reviews_complete.csv,en,-0.05,True,contextual,400
Terrible experience. for opening application taking too long time and money send not showing in history Very frustrated.,1.0,Uyfurfh,2025-09-24T23:17:31-07:00,25.0905.00,app_store_reviews_complete.csv,en,-0.05,True,template,400
for opening covering have too long prison term and money send non showing in history,1.0,Uyfurfh,2025-09-24T23:17:31-07:00,25.0905.00,app_store_reviews_complete.csv,en,-0.05,True,synonym,400
for opening application exceeded 75 long hours and money or missed showing in history,1.0,Uyfurfh,2025-09-24T23:17:31-07:00,25.0905.00,app_store_reviews_complete.csv,en,-0.05,True,contextual,400
don ' t buy gold from this app useless app ever for buying digital gold,1.0,Akash vaani,2025-10-26T21:37:23-07:00,25.1003.06,app_store_reviews_complete.csv,en,-0.25,True,synonym,150
won ' t buy gold by this app daily and ever for buying digital apps,1.0,Akash vaani,2025-10-26T21:37:23-07:00,25.1003.06,app_store_reviews_complete.csv,en,-0.25,True,contextual,150
Terrible experience. don't buy gold from this app useless app ever for buying digital gold Very frustrated.,1.0,Akash vaani,2025-10-26T21:37:23-07:00,25.1003.06,app_store_reviews_complete.csv,en,-0.25,True,template,150
don ' t buy gold from this app useless app ever for buying digital gold,1.0,Akash vaani,2025-10-26T21:37:23-07:00,25.1003.06,app_store_reviews_complete.csv,en,-0.25,True,synonym,150
don ' t buy gold making this movie useless but ever downloaded google digital gold,1.0,Akash vaani,2025-10-26T21:37:23-07:00,25.1003.06,app_store_reviews_complete.csv,en,-0.25,True,contextual,150
this app is a fraud app. never employment as per the offer and terms and conditions. and most importantly misfortunate customer living.,1.0,Show my Feedback,2025-10-24T22:16:09-07:00,25.1003.06,app_store_reviews_complete.csv,en,-0.1333333333333333,True,synonym,159
this platform is a standalone app. never fails consistently does the offers regarding forms and conditions. and most fail pathetic customer support.,1.0,Show my Feedback,2025-10-24T22:16:09-07:00,25.1003.06,app_store_reviews_complete.csv,en,-0.1333333333333333,True,contextual,159
Waste of time. this app is a fraud app. never work as per the offers and terms and conditions. and most importantly pathetic customer support. Fix this ASAP!,1.0,Show my Feedback,2025-10-24T22:16:09-07:00,25.1003.06,app_store_reviews_complete.csv,en,-0.1333333333333333,True,template,159
this app is a fraud app. ne'er body of work as per the offers and terms and conditions. and most significantly pathetic customer support.,1.0,Show my Feedback,2025-10-24T22:16:09-07:00,25.1003.06,app_store_reviews_complete.csv,en,-0.1333333333333333,True,synonym,159
this app recommends mortgage fraud app. never mentioned as per the offers deposit rates and prices. unfortunately most importantly pathetic lending support.,1.0,Show my Feedback,2025-10-24T22:16:09-07:00,25.1003.06,app_store_reviews_complete.csv,en,-0.1333333333333333,True,contextual,159
telephone pe app is getting crashed everytime i am clicking anyplace after phone update. delight funding on information technology as i comprise not able to still stir ticket on app,1.0,Tanyajha_,2025-10-27T10:06:05-07:00,25.1003.06,app_store_reviews_complete.csv,en,-0.25,True,synonym,145
wireless pe app is getting crashed yet i remember clicking name after phone ringing. please chat on facebook as i do not able to either raise ticket box app,1.0,Tanyajha_,2025-10-27T10:06:05-07:00,25.1003.06,app_store_reviews_complete.csv,en,-0.25,True,contextual,145
Not recommended. phone pe app is getting crashed everytime i am clicking anywhere after phone update. please support on it as i am not able to even raise ticket on app Very frustrated.,1.0,Tanyajha_,2025-10-27T10:06:05-07:00,25.1003.06,app_store_reviews_complete.csv,en,-0.25,True,template,145
phone pe ap is getting crashed everytime i am clicking anyplace after phone update. please support on it as 1 am non capable to yet raise ticket on app,1.0,Tanyajha_,2025-10-27T10:06:05-07:00,25.1003.06,app_store_reviews_complete.csv,en,-0.25,True,synonym,145
your fixing app is getting crashed everytime but sit clicking anywhere after it update. please please update it anytime i have not able nor even raise ticket on app,1.0,Tanyajha_,2025-10-27T10:06:05-07:00,25.1003.06,app_store_reviews_complete.csv,en,-0.25,True,contextual,145
"since utmost nighttime phonepe is break up whenever i load the application. tried updating every bit well, still information technology is crashing. delight coif something asap",1.0,JonesSelvabalan,2025-10-26T23:40:51-07:00,25.1003.06,app_store_reviews_complete.csv,en,0.0,True,synonym,149
"since the night phonepe keeps crashing here i load the application. tried text as necessary, apparently it keeps hopping. please do something …",1.0,JonesSelvabalan,2025-10-26T23:40:51-07:00,25.1003.06,app_store_reviews_complete.csv,en,0.0,True,contextual,149
"Terrible experience. since last night phonepe is crashing whenever i load the application. tried updating as well, still it is crashing. please do something asap Fix this ASAP!",1.0,JonesSelvabalan,2025-10-26T23:40:51-07:00,25.1003.06,app_store_reviews_complete.csv,en,0.0,True,template,149
"since final nighttime phonepe represent crash whenever i dilute the application. tried updating as well, yet it make up crashing. please do something asap",1.0,JonesSelvabalan,2025-10-26T23:40:51-07:00,25.1003.06,app_store_reviews_complete.csv,en,0.0,True,synonym,149
"since this month phonepe is running unless you load the application. tried updating numbers yet, still this is crashing. please do something quick",1.0,JonesSelvabalan,2025-10-26T23:40:51-07:00,25.1003.06,app_store_reviews_complete.csv,en,0.0,True,contextual,149
phone pay is non proper piece of work when unity unfold my phone pay than show white covert,1.0,GURUX__0001,2025-10-08T04:09:47-07:00,25.0613.05,app_store_reviews_complete.csv,en,0.0,True,synonym,292
phone pay — not proper work … i opened those phone more than show white shoe,1.0,GURUX__0001,2025-10-08T04:09:47-07:00,25.0613.05,app_store_reviews_complete.csv,en,0.0,True,contextual,292
Disappointed. phone pay is not proper work when i opened my phone pay than show white screen Needs improvement.,1.0,GURUX__0001,2025-10-08T04:09:47-07:00,25.0613.05,app_store_reviews_complete.csv,en,0.0,True,template,292
telephone set pay is not right work when unity opened my phone pay than show up white concealment,1.0,GURUX__0001,2025-10-08T04:09:47-07:00,25.0613.05,app_store_reviews_complete.csv,en,0.0,True,synonym,292
phone timing is very proper today because i opened my phone pay than show white underwear,1.0,GURUX__0001,2025-10-08T04:09:47-07:00,25.0613.05,app_store_reviews_complete.csv,en,0.0,True,contextual,292
please assistance to log in phone salary. i m trying so many time merely non open up,1.0,*PARV*,2025-10-10T02:27:46-07:00,25.0919.06,app_store_reviews_complete.csv,en,0.25,True,synonym,275
please help your answer video phone taps. i love trying so many channels but not open,1.0,*PARV*,2025-10-10T02:27:46-07:00,25.0919.06,app_store_reviews_complete.csv,en,0.25,True,contextual,275
Waste of time. please help to log in phone pay. i m trying so many time but not open Needs improvement.,1.0,*PARV*,2025-10-10T02:27:46-07:00,25.0919.06,app_store_reviews_complete.csv,en,0.25,True,template,275
delight help to log in phone pay. i m seek therefore many time simply non open up,1.0,*PARV*,2025-10-10T02:27:46-07:00,25.0919.06,app_store_reviews_complete.csv,en,0.25,True,synonym,275
fucking help then make the phone pay. i m trying so many speed limits not open,1.0,*PARV*,2025-10-10T02:27:46-07:00,25.0919.06,app_store_reviews_complete.csv,en,0.25,True,contextual,275
very convenient and reliable apps for new exploiter as well as experience,5.0,Dhanpat agrawal,2025-10-07T21:51:23-07:00,25.0919.06,app_store_reviews_complete.csv,en,0.1681818181818181,True,synonym,295
very limited as convenient apps serving new users as well as experience,5.0,Dhanpat agrawal,2025-10-07T21:51:23-07:00,25.0919.06,app_store_reviews_complete.csv,en,0.1681818181818181,True,contextual,295
Love this app! very convenient and reliable apps for new users as well as experience Worth trying.,5.0,Dhanpat agrawal,2025-10-07T21:51:23-07:00,25.0919.06,app_store_reviews_complete.csv,en,0.1681818181818181,True,template,295
very commodious and authentic apps for new users as well as experience,5.0,Dhanpat agrawal,2025-10-07T21:51:23-07:00,25.0919.06,app_store_reviews_complete.csv,en,0.1681818181818181,True,synonym,295
very many geographically reliable apps for new applications as well as expanding,5.0,Dhanpat agrawal,2025-10-07T21:51:23-07:00,25.0919.06,app_store_reviews_complete.csv,en,0.1681818181818181,True,contextual,295
"i made a payment, only it read as "" processing "" and the amount make up recoup. so, i made the payment again habituate another account. after two to three days, the early "" processing "" transaction was also marked as successful. i ' m not sure what to do now, as there ' sec no right help option available for this issue.",1.0,Failedtransaction,2025-10-09T09:03:21-07:00,25.0919.06,app_store_reviews_complete.csv,en,0.1666666666666666,True,synonym,278
"i made a payment, but it showed as "" processing "" and the amount was deducted. so, i made the payment slipped into another account. in two to twenty days, the last "" processing "" auction was also shown as successful. i ' m nt confident what they do now, as there ' s no peer help option available for this issue.",1.0,Failedtransaction,2025-10-09T09:03:21-07:00,25.0919.06,app_store_reviews_complete.csv,en,0.1666666666666666,True,contextual,278
"Waste of time. i made a payment, but it showed as ""processing"" and the amount was deducted. so, i made the payment again using another account. after two to three days, the earlier ""processing"" transaction was also marked as successful. i'm not sure what to do now, as there's no proper help option available for this issue. Fix this ASAP!",1.0,Failedtransaction,2025-10-09T09:03:21-07:00,25.0919.06,app_store_reviews_complete.csv,en,0.1666666666666666,True,template,278
"i made a payment, but it showed as "" processing "" and the quantity was deducted. so, i made the payment again using another account. after two to trinity days, the earlier "" processing "" transaction was also marked as successful. i ' 1000 not sure what to do now, as in that respect ' s no proper help choice uncommitted for this consequence.",1.0,Failedtransaction,2025-10-09T09:03:21-07:00,25.0919.06,app_store_reviews_complete.csv,en,0.1666666666666666,True,synonym,278
"i made a payment, but it showed as "" processing "" nd the amount was dropped. finally, i made the payment again using another account. after two to three days, the entire "" processing "" transaction became also marked as processing. id ' m not sure the lawyers do now, as there ' s no proper remedy option available for this case.",1.0,Failedtransaction,2025-10-09T09:03:21-07:00,25.0919.06,app_store_reviews_complete.csv,en,0.1666666666666666,True,contextual,278
phone pay used my privacy without my permission and paid 1019 mauritian rupee to google remuneration,1.0,Kb Ansari,2025-10-06T04:26:24-07:00,25.0905.05,app_store_reviews_complete.csv,en,0.0,True,synonym,304
phone mart used the company seeking my permission and lent its rupees to google pay,1.0,Kb Ansari,2025-10-06T04:26:24-07:00,25.0905.05,app_store_reviews_complete.csv,en,0.0,True,contextual,304
Waste of time. phone pay used my privacy without my permission and paid 1019 rupees to google pay Won't use again.,1.0,Kb Ansari,2025-10-06T04:26:24-07:00,25.0905.05,app_store_reviews_complete.csv,en,0.0,True,template,304
earphone pay apply my concealment without my permission and paid 1019 rupees to google salary,1.0,Kb Ansari,2025-10-06T04:26:24-07:00,25.0905.05,app_store_reviews_complete.csv,en,0.0,True,synonym,304
• tapped by my smartphone without my permission and paid 1019 rupees until google chrome,1.0,Kb Ansari,2025-10-06T04:26:24-07:00,25.0905.05,app_store_reviews_complete.csv,en,0.0,True,contextual,304
terrible experience with phonepe. our account be deleted without any prior notice or data. this sudden action has completely halt our transactions and caused serious inconvenience to our business. exceedingly disappointed with the want of communication and accountability. urgent legal action is needed to purpose this issue.,1.0,Prince P J Singh,2025-10-07T08:42:13-07:00,25.0905.05,app_store_reviews_complete.csv,en,-0.2116666666666666,True,synonym,297
terrible experience with phonepe. our emails was deleted without sufficient prior notice or information. this sudden action has completely stopped our transactions and caused serious obstacles to our credibility. extremely confused with teh notion of clarity and accountability. swift action was needed in resolve this issue.,1.0,Prince P J Singh,2025-10-07T08:42:13-07:00,25.0905.05,app_store_reviews_complete.csv,en,-0.2116666666666666,True,contextual,297
Disappointed. terrible experience with phonepe. our account was deleted without any prior notice or information. this sudden action has completely stopped our transactions and caused serious inconvenience to our business. extremely disappointed with the lack of communication and accountability. urgent action is needed to resolve this issue. Won't use again.,1.0,Prince P J Singh,2025-10-07T08:42:13-07:00,25.0905.05,app_store_reviews_complete.csv,en,-0.2116666666666666,True,template,297
very bad experience with phonepe. our account be blue pencil without any prior notice or info. this sudden action has altogether stopped our transactions and caused life threatening incommodiousness to our business. extremely disappointed with the lack of communicating and accountability. urgent action is needed to resolve this issue.,1.0,Prince P J Singh,2025-10-07T08:42:13-07:00,25.0905.05,app_store_reviews_complete.csv,en,-0.2116666666666666,True,synonym,297
my unfortunate experience with phonepe. our account had closed without any prior notice and regulation. this sudden action has completely stopped our transactions have caused serious inconvenience of our business. extremely disappointed with the lack clear communication and accountability. urgent action desperately needed to resolve this issue.,1.0,Prince P J Singh,2025-10-07T08:42:13-07:00,25.0905.05,app_store_reviews_complete.csv,en,-0.2116666666666666,True,contextual,297
i had ordered to give birth my gold in physical but order is showing in advance from 5 days of place order. no verbatim tangency routine to attain out. poor support.,1.0,Utkarsh111,2025-10-08T00:04:01-07:00,25.0919.06,app_store_reviews_complete.csv,en,-0.15,True,synonym,294
i had ordered to rebuild my toyota crown pre production order is expected in progress from three days after final order. no direct contact number to reach completion. poor support.,1.0,Utkarsh111,2025-10-08T00:04:01-07:00,25.0919.06,app_store_reviews_complete.csv,en,-0.15,True,contextual,294
Not recommended. i had ordered to deliver my gold in physical but order is showing in progress from 5 days of placing order. no direct contact number to reach out. poor support. Fix this ASAP!,1.0,Utkarsh111,2025-10-08T00:04:01-07:00,25.0919.06,app_store_reviews_complete.csv,en,-0.15,True,template,294
i had ordered to deliver my gold in physical only order be showing in progress from phoebe clarence day of placing order. no direct link numeral to reach verboten. poor reinforcement.,1.0,Utkarsh111,2025-10-08T00:04:01-07:00,25.0919.06,app_store_reviews_complete.csv,en,-0.15,True,synonym,294
i had ordered to reverse my sim card physical purchase order is expected decent progress from 5 days after placing order. erratic direct contact attempts to reach out. poor communications.,1.0,Utkarsh111,2025-10-08T00:04:01-07:00,25.0919.06,app_store_reviews_complete.csv,en,-0.15,True,contextual,294
complimentary mai pasia cut kartei ase joke mera bhot pasia chala geya mera acc se yei app knockout use atomic number 2 mat kro paltu wala app hai not good for online,1.0,Online thief,2025-11-11T04:17:01-07:00,25.1017.05,app_store_reviews_complete.csv,en,0.025,True,synonym,18
free sale pasia ko kartei ase joke mera ho mein chala geya mera acc se yei aye ko use aa mat kro na wala app with not good wishes online,1.0,Online thief,2025-11-11T04:17:01-07:00,25.1017.05,app_store_reviews_complete.csv,en,0.025,True,contextual,18
Terrible experience. free mai pasia cut kartei ase joke mera bhot pasia chala geya mera acc se yei app ko use he mat kro paltu wala app hai not good for online Won't use again.,1.0,Online thief,2025-11-11T04:17:01-07:00,25.1017.05,app_store_reviews_complete.csv,en,0.025,True,template,18
free mai pasia cutting off kartei ase joke mera bhot pasia chala geya mera air combat command se yei app kayo habit he mat kro paltu wala app hai not good for online,1.0,Online thief,2025-11-11T04:17:01-07:00,25.1017.05,app_store_reviews_complete.csv,en,0.025,True,synonym,18
free mai pa cut tu ase joke ya pa pasia chala geya mera te se yei app ko ma he mat kro mere wala ma cha not good for everyone,1.0,Online thief,2025-11-11T04:17:01-07:00,25.1017.05,app_store_reviews_complete.csv,en,0.025,True,contextual,18
the app doesn ' t open at all when one hold to pay. information technology get hung.,1.0,arpita.saha,2025-06-11T05:41:20-07:00,25.0530.00,dataset_apple-app-store-review-scraper.csv,en,0.0,True,synonym,498
the app wasn ' t open correctly all when viewers see answers ask. it gets hung.,1.0,arpita.saha,2025-06-11T05:41:20-07:00,25.0530.00,dataset_apple-app-store-review-scraper.csv,en,0.0,True,contextual,498
Terrible experience. the app doesn't open at all when i have to pay. it gets hung. Very frustrated.,1.0,arpita.saha,2025-06-11T05:41:20-07:00,25.0530.00,dataset_apple-app-store-review-scraper.csv,en,0.0,True,template,498
the app doesn ' t open at all when one experience to ante up. it gets hung.,1.0,arpita.saha,2025-06-11T05:41:20-07:00,25.0530.00,dataset_apple-app-store-review-scraper.csv,en,0.0,True,synonym,498
the top isn ' t open at all when i have time wait. robbie practically hung.,1.0,arpita.saha,2025-06-11T05:41:20-07:00,25.0530.00,dataset_apple-app-store-review-scraper.csv,en,0.0,True,contextual,498
"stool stopped at no where, 4 kilometre before the location. driver took 400 alternatively of 268",1.0,mp bangalore,2025-06-13T04:02:53-07:00,25.0530.00,dataset_apple-app-store-review-scraper.csv,en,0.0,True,synonym,497
"buses stopped at no where, 4 minutes from arrival location. driver used 220 instead of 268",1.0,mp bangalore,2025-06-13T04:02:53-07:00,25.0530.00,dataset_apple-app-store-review-scraper.csv,en,0.0,True,contextual,497
"Not recommended. can stopped at no where , 4 km before the location . driver took 400 instead of 268 Fix this ASAP!",1.0,mp bangalore,2025-06-13T04:02:53-07:00,25.0530.00,dataset_apple-app-store-review-scraper.csv,en,0.0,True,template,497
"can cease at no where, 4 km before the locating. driver took cd or else of 268",1.0,mp bangalore,2025-06-13T04:02:53-07:00,25.0530.00,dataset_apple-app-store-review-scraper.csv,en,0.0,True,synonym,497
"can stopped at no where, 4 km before 3a junction. driver travelled 240 kilometers from 268",1.0,mp bangalore,2025-06-13T04:02:53-07:00,25.0530.00,dataset_apple-app-store-review-scraper.csv,en,0.0,True,contextual,497
if your payment is stuck for whatever reason on the receiving cant side you are screwed. the payment is deduct from your bank and thither is no way to recover it. i ended up paying duple my taxi fare. client support be of no use as they claim nothing wrong from their slope. whoever came up with this process needs to be fired. gpay is apparently better but it ' s not yet available for nris visiting bharat,1.0,Chess512,2025-07-24T06:38:34-07:00,25.0711.00,dataset_apple-app-store-review-scraper.csv,en,0.1,True,synonym,490
if your payment is withdrawn for whatever reason on the client bank side you are screwed. therefore payment is deducted from your bank and there is no way to recover expenses. i ended up lining up my taxi fare. customer support is of no use whereby traders claim nothing wrong from their side. whoever came up with this process needs to be fired. gpay is apparently better but it ' s too yet available for all visiting india,1.0,Chess512,2025-07-24T06:38:34-07:00,25.0711.00,dataset_apple-app-store-review-scraper.csv,en,0.1,True,contextual,490
Terrible experience. if your payment is stuck for whatever reason on the receiving bank side you are screwed. the payment is deducted from your bank and there is no way to recover it. i ended up paying double my taxi fare. customer support is of no use as they claim nothing wrong from their side. whoever came up with this process needs to be fired. gpay is apparently better but it's not yet available for nris visiting india Very frustrated.,1.0,Chess512,2025-07-24T06:38:34-07:00,25.0711.00,dataset_apple-app-store-review-scraper.csv,en,0.1,True,template,490
if your defrayal is stuck for whatever reason on teh receiving bank side you are screwed. the defrayment is recoup from your bank and at that place is no way to recover it. i ended up paying double my taxi fare. customer support is of no use as they claim nothing wrong from their side. whoever came upward with this process needs to be fired. gpay be apparently better but it ' s not yet available for nris visiting india,1.0,Chess512,2025-07-24T06:38:34-07:00,25.0711.00,dataset_apple-app-store-review-scraper.csv,en,0.1,True,synonym,490
if your payment is stuck for whatever reason at the receiving bank your phones are back. the copy is wiped from your bank and there is no way to recover it. i ended up paying double my taxi fare. customer support is of no importance as they claim anything wrong from their side. whoever locks up with this item needs to be fired. gpay is apparently better but it ' s not yet available for nris visiting india,1.0,Chess512,2025-07-24T06:38:34-07:00,25.0711.00,dataset_apple-app-store-review-scraper.csv,en,0.1,True,contextual,490
represent an nri customer. this is app at digit tips. super user friendly and simple to use. thanks again,5.0,PinkTattoo Girl,2025-08-07T04:03:47-07:00,25.0725.00,dataset_apple-app-store-review-scraper.csv,en,0.2270833333333333,True,synonym,489
being an nri customer. this section targeted at google tips. super user wallet and simple android use. quick payment,5.0,PinkTattoo Girl,2025-08-07T04:03:47-07:00,25.0725.00,dataset_apple-app-store-review-scraper.csv,en,0.2270833333333333,True,contextual,489
Highly recommend. being an nri customer. this is app at finger tips. super user friendly and simple to use. thanks again Worth trying.,5.0,PinkTattoo Girl,2025-08-07T04:03:47-07:00,25.0725.00,dataset_apple-app-store-review-scraper.csv,en,0.2270833333333333,True,template,489
being an nri client. this is app at fingerbreadth tips. super substance abuser friendly and simple to use. thanks again,5.0,PinkTattoo Girl,2025-08-07T04:03:47-07:00,25.0725.00,dataset_apple-app-store-review-scraper.csv,en,0.2270833333333333,True,synonym,489
being one nri customer. most unique app at fuji electronics. super user friendly software simple to use. thanks kindness,5.0,PinkTattoo Girl,2025-08-07T04:03:47-07:00,25.0725.00,dataset_apple-app-store-review-scraper.csv,en,0.2270833333333333,True,contextual,489
"poor client support, no response on ticket they assume ' liothyronine make any email idaho for complaint only customer care number where all are giving irrelevant information such a worst diligence",1.0,Prarash,2025-09-14T22:55:19-07:00,25.0822.06,app_store_reviews_complete.csv,en,-0.3666666666666667,True,synonym,462
"poor customer response, no oyster card tickets they don ' t have any email id for their only health care number where disabled people giving rejection notices to a worst application",1.0,Prarash,2025-09-14T22:55:19-07:00,25.0822.06,app_store_reviews_complete.csv,en,-0.3666666666666667,True,contextual,462
"Waste of time. poor customer support, no response on tickets they don't have any email id for complaint only customer care number where all are giving irrelevant information such a worst application Fix this ASAP!",1.0,Prarash,2025-09-14T22:55:19-07:00,25.0822.06,app_store_reviews_complete.csv,en,-0.3666666666666667,True,template,462
"miserable customer sustenance, no response on ticket they don ' t have any email id for complaint only customer care identification number where all comprise giving irrelevant information such a bad coating",1.0,Prarash,2025-09-14T22:55:19-07:00,25.0822.06,app_store_reviews_complete.csv,en,-0.3666666666666667,True,synonym,462
"poor customer support, poor response on tickets which don ' t have legitimate email id without complaint only customer care information so all are physically irrelevant to such a bad result",1.0,Prarash,2025-09-14T22:55:19-07:00,25.0822.06,app_store_reviews_complete.csv,en,-0.3666666666666667,True,contextual,462
"confront serious problems with autopay option. unable to delete, stop operating theatre pause. customer religious service has nt responded hitherto. the ap has intercept recognize my bank explanation.",1.0,🫡😶‍🌫️😡😡,2025-09-15T01:11:14-07:00,25.0822.06,app_store_reviews_complete.csv,en,-0.4166666666666666,True,synonym,461
"facing serious problems against autopay purchases. click to delete, stop phone pause. customer subscription providers no responded yet. the app has stopped charging my full credits.",1.0,🫡😶‍🌫️😡😡,2025-09-15T01:11:14-07:00,25.0822.06,app_store_reviews_complete.csv,en,-0.4166666666666666,True,contextual,461
"Disappointed. facing serious problems with autopay option. unable to delete , stop or pause. customer service has not responded yet. the app has stopped recognising my bank account. Very frustrated.",1.0,🫡😶‍🌫️😡😡,2025-09-15T01:11:14-07:00,25.0822.06,app_store_reviews_complete.csv,en,-0.4166666666666666,True,template,461
"facing dangerous job with autopay option. unable to edit, break surgery pause. customer service of process has not respond yet. the app has kibosh recognising my bank account.",1.0,🫡😶‍🌫️😡😡,2025-09-15T01:11:14-07:00,25.0822.06,app_store_reviews_complete.csv,en,-0.4166666666666666,True,synonym,461
"3 serious problems fail branch option. unable cash buy, default or terminate. customer service has been dissolved yet. the app later stopped recognising my bank account.",1.0,🫡😶‍🌫️😡😡,2025-09-15T01:11:14-07:00,25.0822.06,app_store_reviews_complete.csv,en,-0.4166666666666666,True,contextual,461
finally an app that mould for nre explanation and it works awesome with hdfc nre and nro account,5.0,Victor_ Victor,2025-08-25T01:38:17-07:00,25.0725.07,dataset_apple-app-store-review-scraper.csv,en,0.5,True,synonym,487
your online app just works for google account and hopefully works awesome towards hdfc nre and nro customers,5.0,Victor_ Victor,2025-08-25T01:38:17-07:00,25.0725.07,dataset_apple-app-store-review-scraper.csv,en,0.5,True,contextual,487
Love this app! finally an app that works for nre account and it works awesome with hdfc nre and nro account Worth trying.,5.0,Victor_ Victor,2025-08-25T01:38:17-07:00,25.0725.07,dataset_apple-app-store-review-scraper.csv,en,0.5,True,template,487
finally an app that works for nre account and information technology works awesome with hdfc nre and nro write up,5.0,Victor_ Victor,2025-08-25T01:38:17-07:00,25.0725.07,dataset_apple-app-store-review-scraper.csv,en,0.5,True,synonym,487
finally one alternative solution works for nre account and it delivers awesome phones broadband connection and nro account,5.0,Victor_ Victor,2025-08-25T01:38:17-07:00,25.0725.07,dataset_apple-app-store-review-scraper.csv,en,0.5,True,contextual,487
"this be the best app in india. it live safe, information technology is fast and it was prosperous",5.0,Sunny712320111,2025-08-08T08:36:10-07:00,25.0725.00,dataset_apple-app-store-review-scraper.csv,en,0.5333333333333333,True,synonym,488
"mango is the best ride outside india. blackberry is safe, it is fast if it becomes easy",5.0,Sunny712320111,2025-08-08T08:36:10-07:00,25.0725.00,dataset_apple-app-store-review-scraper.csv,en,0.5333333333333333,True,contextual,488
"Love this app! this is the best ap in india. it is safe , it is fast and it was easy Keep it up!",5.0,Sunny712320111,2025-08-08T08:36:10-07:00,25.0725.00,dataset_apple-app-store-review-scraper.csv,en,0.5333333333333333,True,template,488
"this be the best app in india. it comprise secure, it follow fast and it was gentle",5.0,Sunny712320111,2025-08-08T08:36:10-07:00,25.0725.00,dataset_apple-app-store-review-scraper.csv,en,0.5333333333333333,True,synonym,488
"yahoo is the second song from india. google is safe, it is fast and that was easy",5.0,Sunny712320111,2025-08-08T08:36:10-07:00,25.0725.00,dataset_apple-app-store-review-scraper.csv,en,0.5333333333333333,True,contextual,488
i find this app real much convenient for all my recharges..,5.0,Arun Bhole,2025-10-03T19:15:51-07:00,25.0905.05,dataset_apple-app-store-review-scraper.csv,en,0.26,True,synonym,483
i find any technique then much convenient for achieving cellular recharges..,5.0,Arun Bhole,2025-10-03T19:15:51-07:00,25.0905.05,dataset_apple-app-store-review-scraper.csv,en,0.26,True,contextual,483
Great experience. i find this app very much convenient for all my recharges.. Best app ever.,5.0,Arun Bhole,2025-10-03T19:15:51-07:00,25.0905.05,dataset_apple-app-store-review-scraper.csv,en,0.26,True,template,483
ace find this app real much convenient for all my recharges..,5.0,Arun Bhole,2025-10-03T19:15:51-07:00,25.0905.05,dataset_apple-app-store-review-scraper.csv,en,0.26,True,synonym,483
i find every line that oddly convenient for all my customers..,5.0,Arun Bhole,2025-10-03T19:15:51-07:00,25.0905.05,dataset_apple-app-store-review-scraper.csv,en,0.26,True,contextual,483
"so nice and easy to use app that, i marvel to see old aged, illiterate, street seller include female make up using effortlessly, information technology ' s contributing might to the beautiful and most powerful digital republic of india chopine",5.0,VasanthSccl,2025-09-16T09:56:27-07:00,25.0822.06,dataset_apple-app-store-review-scraper.csv,en,0.3354166666666666,True,synonym,484
"so nice and easy make use retail stores, i wonder to see those aged, illiterate, street producers including amazon are working effortlessly, it ' s contributing might produce the beautiful beats most sophisticated digital india platform",5.0,VasanthSccl,2025-09-16T09:56:27-07:00,25.0822.06,dataset_apple-app-store-review-scraper.csv,en,0.3354166666666666,True,contextual,484
"Highly recommend. so nice and easy to use app that, i wonder to see old aged, illiterate, street vendors including females are using effortlessly, it's contributing might to the beautiful and most powerful digital india platform Best app ever.",5.0,VasanthSccl,2025-09-16T09:56:27-07:00,25.0822.06,dataset_apple-app-store-review-scraper.csv,en,0.3354166666666666,True,template,484
"so nice and easy to use app that, i question to see old aged, nonreader, street vendors including females be using effortlessly, it ' s contributing might to the beautiful and most muscular digital bharat platform",5.0,VasanthSccl,2025-09-16T09:56:27-07:00,25.0822.06,dataset_apple-app-store-review-scraper.csv,en,0.3354166666666666,True,synonym,484
"so nice feels exciting to use app that, observers wonder to see these aged, illiterate, street designers including converse are using effortlessly, who ' s contributing might to the beautiful but technically powerful digital advertising platform",5.0,VasanthSccl,2025-09-16T09:56:27-07:00,25.0822.06,dataset_apple-app-store-review-scraper.csv,en,0.3354166666666666,True,contextual,484
home and shop class tear payment credit card choice not available,1.0,Ss Ingale,2025-09-17T04:31:56-07:00,25.0905.00,app_store_reviews_complete.csv,en,-0.2,True,synonym,452
home and accommodation rent issued credit card option whenever available,1.0,Ss Ingale,2025-09-17T04:31:56-07:00,25.0905.00,app_store_reviews_complete.csv,en,-0.2,True,contextual,452
Waste of time. home and shop rent pymnt credit card option not available Needs improvement.,1.0,Ss Ingale,2025-09-17T04:31:56-07:00,25.0905.00,app_store_reviews_complete.csv,en,-0.2,True,template,452
home and workshop split payment credit card choice not available,1.0,Ss Ingale,2025-09-17T04:31:56-07:00,25.0905.00,app_store_reviews_complete.csv,en,-0.2,True,synonym,452
home economics shop rent payment credit card option usually exercised,1.0,Ss Ingale,2025-09-17T04:31:56-07:00,25.0905.00,app_store_reviews_complete.csv,en,-0.2,True,contextual,452
""" something went wrong. please try again later "" i ' m seeing this from 3 months. i guesswork, after nonremittal upi i selected as gpay. it ' s non good to treat alike this.",1.0,am01.ammu,2025-09-17T06:02:07-07:00,25.0905.00,app_store_reviews_complete.csv,en,-0.2833333333333333,True,synonym,451
""" whatever went wrong. please try again later "" tia ' s seeing nothing from 3 months. also recall, after default upi i selected your gpay. it ' s pretty proper to treat all this.",1.0,am01.ammu,2025-09-17T06:02:07-07:00,25.0905.00,app_store_reviews_complete.csv,en,-0.2833333333333333,True,contextual,451
"Terrible experience. ""something went wrong. please try again later"" i'm seeing this from 3 months. i guess, after default upi i selected as gpay. it's not good to treat like this. Fix this ASAP!",1.0,am01.ammu,2025-09-17T06:02:07-07:00,25.0905.00,app_store_reviews_complete.csv,en,-0.2833333333333333,True,template,451
""" something went wrong. please try once more later on "" ace ' m seeing this from 3 months. i conjecture, after default upi i selected as gpay. information technology ' s non good to treat like this.",1.0,am01.ammu,2025-09-17T06:02:07-07:00,25.0905.00,app_store_reviews_complete.csv,en,-0.2833333333333333,True,synonym,451
""" nothing went wrong. please speak again later "" i ' m enduring symptoms from some months. you guess, after default treatment i quit as gpay. it ' s not good hands treat up this.",1.0,am01.ammu,2025-09-17T06:02:07-07:00,25.0905.00,app_store_reviews_complete.csv,en,-0.2833333333333333,True,contextual,451
guy cable please don ' t top up your phonepe wallet as there is no option to send the money through wallet yet though i have my balance even i am not able to withdraw my money from the pocketbook as information technology says transaction failed due to technical erroneousness. its so cheap. now i put on ' t know wt to do.,1.0,Rajneesh B.S,2025-11-06T06:48:01-07:00,25.1017.05,app_store_reviews_complete.csv,en,0.0041666666666666,True,synonym,60
guys please shouldn ' t top up online phonepe wallet as there is no option to send the bank through wallet even though i have banking balance even luck am still able to withdraw my money from the paper as it says transaction failed due to technical error. its so cheap. now i would ' d know wt to myself.,1.0,Rajneesh B.S,2025-11-06T06:48:01-07:00,25.1017.05,app_store_reviews_complete.csv,en,0.0041666666666666,True,contextual,60
Disappointed. guys please don't top up your phonepe wallet as there is no option to send the money through wallet even though i have my balance even i am not able to withdraw my money from the wallet as it says transaction failed due to technical error. its so cheap. now i don't know wt to do. Needs improvement.,1.0,Rajneesh B.S,2025-11-06T06:48:01-07:00,25.1017.05,app_store_reviews_complete.csv,en,0.0041666666666666,True,template,60
guys please get into ' t top improving your phonepe wallet as there is no choice to send the money done wallet even though i have my balance even i am not capable to withdraw my money from teh pocketbook as it says transaction failed due to technical error. its so cheap. now i don ' t know wt to perform.,1.0,Rajneesh B.S,2025-11-06T06:48:01-07:00,25.1017.05,app_store_reviews_complete.csv,en,0.0041666666666666,True,synonym,60
guys please here ' r top up this phonepe wallet as there is little option to send the money through cash holder though i have my balance even i am not able to withdraw my cash from the wallet as it says transaction failed due by transfer error. its so cheap. now i don ' t know wt money do.,1.0,Rajneesh B.S,2025-11-06T06:48:01-07:00,25.1017.05,app_store_reviews_complete.csv,en,0.0041666666666666,True,contextual,60
i comprise blue merely i forgot the name merely the someone was so helpful at present i can do the transaction,5.0,F0204,2025-11-06T00:27:20-07:00,25.1017.05,app_store_reviews_complete.csv,en,-0.5,True,synonym,61
we am listening but totally forgot your name is the man was so helpful now i can do the transaction,5.0,F0204,2025-11-06T00:27:20-07:00,25.1017.05,app_store_reviews_complete.csv,en,-0.5,True,contextual,61
Love this app! i am sorry but i forgot the name but the person was so helpful now i can do the transaction Keep it up!,5.0,F0204,2025-11-06T00:27:20-07:00,25.1017.05,app_store_reviews_complete.csv,en,-0.5,True,template,61
iodine am sorry but i forget the epithet but the individual was so helpful directly i can serve the transaction,5.0,F0204,2025-11-06T00:27:20-07:00,25.1017.05,app_store_reviews_complete.csv,en,-0.5,True,synonym,61
