review_text,rating,author,date,app_version,source,language,sentiment,is_augmented,augmentation_method,original_id,text_processed,topic,topic_probability,topic_category,sentiment_label,sentiment_confidence,sentiment_score
"this app is not very accessible for visually, impaired persons and in ios again and again we have to login this app. this is worst experience. very mad policy of the company.",2.0,Joyal J F,2025-11-13T18:42:20-07:00,25.1031.00,app_store_reviews_complete.csv,en,-0.4891826923076923,False,original,0,this app is not very accessible for visually impaired persons and in ios again and again we have to login this app this is worst experience very mad policy of the company,-1,0.24029929978599882,uncategorized,NEGATIVE,0.9998229146003723,-0.9998229146003723
very nice,5.0,Kannada Chandru,2025-11-13T06:03:06-07:00,25.1031.00,app_store_reviews_complete.csv,cs,0.78,False,original,1,very nice,0,1.0,other_issues,POSITIVE,0.9998563528060913,0.9998563528060913
malesh,5.0,VDKmm,2025-11-13T05:59:23-07:00,25.1031.00,app_store_reviews_complete.csv,sq,0.0,False,original,2,malesh,3,0.24447294468888228,other_issues,POSITIVE,0.9837148785591125,0.9837148785591125
please do not purchase gold in digital gold. it is not working. you may lose money.,2.0,Mohan8889,2025-11-13T05:42:49-07:00,25.1031.00,app_store_reviews_complete.csv,en,0.0,False,original,3,please do not purchase gold in digital gold it is not working you may lose money,2,1.0,payment_issues,NEGATIVE,0.9997833371162415,-0.9997833371162415
good and fastest services and easy access,5.0,Harvindra singhal,2025-11-13T04:06:39-07:00,25.1031.00,app_store_reviews_complete.csv,en,0.5666666666666667,False,original,4,good and fastest services and easy access,0,1.0,other_issues,POSITIVE,0.9998646974563599,0.9998646974563599
jagtap,1.0,Pradip Jagtap,2025-11-12T20:35:39-07:00,25.1031.00,app_store_reviews_complete.csv,tl,0.0,False,original,5,jagtap,4,1.0,other_issues,NEGATIVE,0.9909067153930664,-0.9909067153930664
good condition,5.0,Abhishek Maury,2025-11-12T16:08:59-07:00,25.1031.00,app_store_reviews_complete.csv,en,0.7,False,original,6,good condition,-1,0.37053921056640526,uncategorized,POSITIVE,0.9997915625572205,0.9997915625572205
very delay update new features,3.0,csvinayak,2025-11-12T06:26:13-07:00,25.1031.00,app_store_reviews_complete.csv,en,0.1681818181818181,False,original,7,very delay update new features,0,0.4528897329120813,other_issues,NEGATIVE,0.9746798276901245,-0.9746798276901245
it's amazing,5.0,Anmol deol,2025-11-12T05:34:19-07:00,25.1031.00,app_store_reviews_complete.csv,tl,0.6000000000000001,False,original,8,its amazing,0,1.0,other_issues,POSITIVE,0.9998785257339478,0.9998785257339478
outdated interface,1.0,Mickypandu,2025-11-12T05:33:14-07:00,25.1031.00,app_store_reviews_complete.csv,en,-0.4000000000000001,False,original,9,outdated interface,0,1.0,other_issues,NEGATIVE,0.9997835755348206,-0.9997835755348206
"need to close and open for 2 times than it will open .. phonepe app is not opening for 1 time when we open ,",1.0,Rockysince1997,2025-11-12T01:29:09-07:00,25.1017.05,app_store_reviews_complete.csv,en,0.0,False,original,10,need to close and open for times than it will open phonepe app is not opening for time when we open,-1,0.156889588925814,uncategorized,NEGATIVE,0.998433530330658,-0.998433530330658
excellent speed,5.0,Hvrrrddy,2025-11-12T01:00:20-07:00,25.1017.05,app_store_reviews_complete.csv,nl,1.0,False,original,11,excellent speed,0,1.0,other_issues,POSITIVE,0.9998669624328613,0.9998669624328613
"super app. user friendly, handy and convenient nice to deal with",5.0,Rajashekar Hebbar C,2025-11-11T22:36:16-07:00,25.1017.05,app_store_reviews_complete.csv,en,0.4770833333333333,False,original,12,super app user friendly handy and convenient nice to deal with,1,0.5026426932833705,other_issues,POSITIVE,0.9992098808288574,0.9992098808288574
best,5.0,Sohi jass,2025-11-11T20:06:59-07:00,25.1017.05,app_store_reviews_complete.csv,af,1.0,False,original,13,best,0,1.0,other_issues,POSITIVE,0.9997941851615906,0.9997941851615906
1st whenever we enter the new number it's take too long time to appear the name 2nd in the history when i going to pay again it's not able to click 3rd when we click to mobile number in the recent it's showing old transaction not recent.,1.0,Kaushalrajhbd,2025-11-11T19:49:05-07:00,25.1017.05,app_store_reviews_complete.csv,en,-0.0079545454545454,False,original,14,st whenever we enter the new number its take too long time to appear the name nd in the history when i going to pay again its not able to click rd when we click to mobile number in the recent its showing old transaction not recent,-1,0.4882796829731913,uncategorized,NEGATIVE,0.9989936947822571,-0.9989936947822571
the app is not opening its just keep on loading,5.0,Faheem Taj,2025-11-11T06:55:42-07:00,25.1017.05,app_store_reviews_complete.csv,en,0.0,False,original,15,the app is not opening its just keep on loading,1,1.0,other_issues,NEGATIVE,0.9925591945648193,-0.9925591945648193
"i've been trying to download my phonepe transaction statement for fy 2023–24, but the app shows a technical error every time. it's been over 3 days, and even after emailing customer support, i've received no response or solution. phonepe is good for payments, but the support system and technical reliability are very poor. please fix the statement download issue and respond to users who genuinely need their transaction records for financial purposes.",1.0,Sikarwar vinay,2025-11-11T06:39:39-07:00,25.1017.05,app_store_reviews_complete.csv,en,0.0966666666666666,False,original,16,ive been trying to download my phonepe transaction statement for fy but the app shows a technical error every time its been over days and even after emailing customer support ive received no response or solution phonepe is good for payments but the support system and technical reliability are very poor please fix the statement download issue and respond to users who genuinely need their transaction records for financial purposes,2,0.5888101381703478,payment_issues,NEGATIVE,0.9993488192558289,-0.9993488192558289
hood one,5.0,Ziggi jsm,2025-11-11T05:44:00-07:00,25.1017.05,app_store_reviews_complete.csv,en,0.0,False,original,17,hood one,-1,0.34246386993472816,uncategorized,POSITIVE,0.7553737163543701,0.7553737163543701
free mai pasia cut kartei ase joke mera bhot pasia chala geya mera acc se yei app ko use he mat kro paltu wala app hai not good for online,1.0,Online thief,2025-11-11T04:17:01-07:00,25.1017.05,app_store_reviews_complete.csv,en,0.025,False,original,18,free mai pasia cut kartei ase joke mera bhot pasia chala geya mera acc se yei app ko use he mat kro paltu wala app hai not good for online,-1,0.10349199165458306,uncategorized,NEGATIVE,0.9991976618766785,-0.9991976618766785
"provide a way to opt out of promotional notifications, please don't abuse the permissions we give you by spamming with random notifications every hour.",1.0,Timepass7,2025-11-11T03:13:57-07:00,25.1017.05,app_store_reviews_complete.csv,en,-0.5,False,original,19,provide a way to opt out of promotional notifications please dont abuse the permissions we give you by spamming with random notifications every hour,1,0.5928543653444912,other_issues,NEGATIVE,0.9847754836082458,-0.9847754836082458
"what nonsense is this? phonepe suddenly stopped working on my iphone 8 plus just because it needs ios 17 — which isn't even available for my phone! this app worked perfectly fine a year ago, and now you're forcing people to buy a new phone just to make payments? totally unfair and frustrating. stop looting consumers in the name of updates!",1.0,Vipul Simariya,2025-11-11T01:28:22-07:00,25.1017.05,app_store_reviews_complete.csv,en,0.0088383838383838,False,original,20,what nonsense is this phonepe suddenly stopped working on my iphone plus just because it needs ios which isnt even available for my phone this app worked perfectly fine a year ago and now youre forcing people to buy a new phone just to make payments totally unfair and frustrating stop looting consumers in the name of updates,-1,0.4056545740550686,uncategorized,NEGATIVE,0.9997128844261169,-0.9997128844261169
good app,5.0,Vaibhavmama,2025-11-10T21:08:57-07:00,25.1017.05,app_store_reviews_complete.csv,en,0.7,False,original,21,good app,1,1.0,other_issues,POSITIVE,0.9998493194580078,0.9998493194580078
bangalore metro is not available for doing the recharge not sure why this one which is one of the imp commutation methods in bangalore is left out please add the same,1.0,HkLakshmi,2025-11-10T16:54:58-07:00,25.1017.05,app_store_reviews_complete.csv,en,-0.1125,False,original,22,bangalore metro is not available for doing the recharge not sure why this one which is one of the imp commutation methods in bangalore is left out please add the same,1,0.6370496701066041,other_issues,NEGATIVE,0.9997318387031555,-0.9997318387031555
daud,5.0,Arbaz  nadaf,2025-11-10T06:48:46-07:00,25.1017.05,app_store_reviews_complete.csv,cy,0.0,False,original,23,daud,0,0.5400539878896902,other_issues,NEGATIVE,0.7328574061393738,-0.7328574061393738
cool,5.0,DarrenFern,2025-11-10T03:23:06-07:00,25.1017.05,app_store_reviews_complete.csv,en,0.35,False,original,24,cool,-1,0.0843037081916675,uncategorized,POSITIVE,0.9998509883880615,0.9998509883880615
good i am happy,5.0,Aniket gotad,2025-11-10T02:29:26-07:00,25.1017.05,app_store_reviews_complete.csv,cy,0.75,False,original,25,good i am happy,0,1.0,other_issues,POSITIVE,0.9998617172241211,0.9998617172241211
enjoying but their is a no cash back offer,5.0,Kunal Lal Patil,2025-11-10T01:53:19-07:00,25.1017.05,app_store_reviews_complete.csv,en,0.25,False,original,26,enjoying but their is a no cash back offer,2,0.9182005126460646,payment_issues,POSITIVE,0.7211334705352783,0.7211334705352783
very good sir,5.0,Bijay Kumar mallick,2025-11-09T22:28:28-07:00,25.1017.05,app_store_reviews_complete.csv,af,0.91,False,original,27,very good sir,0,1.0,other_issues,POSITIVE,0.9998453855514526,0.9998453855514526
good job,5.0,giriraj vaishnav,2025-11-09T21:51:51-07:00,25.1017.05,app_store_reviews_complete.csv,so,0.7,False,original,28,good job,-1,0.3120688676063238,uncategorized,POSITIVE,0.999835729598999,0.999835729598999
excellent,5.0,B.Radhakrishnan,2025-11-09T21:05:17-07:00,25.1017.05,app_store_reviews_complete.csv,ca,1.0,False,original,29,excellent,0,1.0,other_issues,POSITIVE,0.9998434782028198,0.9998434782028198
to open,3.0,Vaishali khate,2025-11-09T20:49:39-07:00,25.1017.05,app_store_reviews_complete.csv,en,0.0,False,original,30,to open,1,0.4517542040029326,other_issues,POSITIVE,0.9998327493667603,0.9998327493667603
phonepe,5.0,Khurshed so,2025-11-09T19:08:26-07:00,25.1017.05,app_store_reviews_complete.csv,en,0.0,False,original,31,phonepe,1,1.0,other_issues,NEGATIVE,0.989192545413971,-0.989192545413971
after update phone pe is not working on iphone 7. app is not at all openning just white screen comming,1.0,r@meshD,2025-11-09T17:54:09-07:00,25.0613.05,app_store_reviews_complete.csv,en,0.0,False,original,32,after update phone pe is not working on iphone app is not at all openning just white screen comming,1,0.16107991349071343,other_issues,NEGATIVE,0.9981077909469604,-0.9981077909469604
excellent,5.0,gali dilip,2025-11-09T08:22:50-07:00,25.1017.05,app_store_reviews_complete.csv,ca,1.0,False,original,33,excellent,0,1.0,other_issues,POSITIVE,0.9998434782028198,0.9998434782028198
can be improved,1.0,10000 i lost,2025-11-09T05:08:59-07:00,25.1017.05,app_store_reviews_complete.csv,en,0.0,False,original,34,can be improved,0,0.42963950059539474,other_issues,POSITIVE,0.999415397644043,0.999415397644043
bs keshapur,5.0,Keshapur,2025-11-09T03:28:59-07:00,25.1017.05,app_store_reviews_complete.csv,sq,0.0,False,original,35,bs keshapur,-1,0.06947233656078744,uncategorized,POSITIVE,0.9931674599647522,0.9931674599647522
avoid takin extra money,2.0,Alfa3655,2025-11-09T00:39:35-07:00,25.1017.05,app_store_reviews_complete.csv,fi,0.0,False,original,36,avoid takin extra money,2,1.0,payment_issues,NEGATIVE,0.9996111989021301,-0.9996111989021301
never ever underestimate indian's.,5.0,Reddychot,2025-11-08T19:17:16-07:00,25.1017.05,app_store_reviews_complete.csv,da,0.0,False,original,37,never ever underestimate indians,4,1.0,other_issues,POSITIVE,0.9985731840133667,0.9985731840133667
very easy to use . everyone can understand . every option is useful. this app is unbeatable,5.0,rajvbhagya,2025-11-08T18:34:43-07:00,25.1017.05,app_store_reviews_complete.csv,en,0.4316666666666666,False,original,38,very easy to use everyone can understand every option is useful this app is unbeatable,1,0.511376816326949,other_issues,NEGATIVE,0.9348353743553162,-0.9348353743553162
phonepe digital gold is a grid run by phonepe and jewellers. when you buy a gold they don't deliver you the gold. they ask you to sell for the fake market price for heavy loss as their market price is always 5000 rupees less than the actual market price,1.0,ArunJolad,2025-11-08T09:45:58-07:00,25.1017.05,app_store_reviews_complete.csv,en,-0.1733333333333333,False,original,39,phonepe digital gold is a grid run by phonepe and jewellers when you buy a gold they dont deliver you the gold they ask you to sell for the fake market price for heavy loss as their market price is always rupees less than the actual market price,1,0.5307682856295819,other_issues,NEGATIVE,0.9982903599739075,-0.9982903599739075
app is so much smooth,5.0,Vyankatesh Pillay,2025-11-08T06:35:30-07:00,25.1017.05,app_store_reviews_complete.csv,en,0.4,False,original,40,app is so much smooth,-1,0.26821570109965476,uncategorized,POSITIVE,0.9996680021286011,0.9996680021286011
smart sk,5.0,Smart Arkhit,2025-11-08T06:26:04-07:00,25.1017.05,app_store_reviews_complete.csv,sv,0.2142857142857142,False,original,41,smart sk,-1,0.05554969715782616,uncategorized,POSITIVE,0.9998469352722168,0.9998469352722168
mani,5.0,mani9346,2025-11-08T05:28:29-07:00,25.1017.05,app_store_reviews_complete.csv,sw,0.0,False,original,42,mani,3,0.5394122060297089,other_issues,POSITIVE,0.9893471002578735,0.9893471002578735
good service,5.0,SAHEB DEBNATH,2025-11-08T05:02:47-07:00,25.1017.05,app_store_reviews_complete.csv,hr,0.7,False,original,43,good service,0,0.7936714747505308,other_issues,POSITIVE,0.9998499155044556,0.9998499155044556
excellent service,5.0,kmvasava,2025-11-08T04:07:55-07:00,25.1017.05,app_store_reviews_complete.csv,fr,1.0,False,original,44,excellent service,0,1.0,other_issues,POSITIVE,0.9998576641082764,0.9998576641082764
"noting working on app , show something went wrong. please fix the issue as getting error on payment,history all bills related",1.0,Praful 8340,2025-11-08T01:29:12-07:00,25.1017.05,app_store_reviews_complete.csv,en,-0.25,False,original,45,noting working on app show something went wrong please fix the issue as getting error on paymenthistory all bills related,2,1.0,payment_issues,NEGATIVE,0.9992302656173706,-0.9992302656173706
not like,1.0,Mhsnmohmed,2025-11-07T22:42:52-07:00,25.1017.05,app_store_reviews_complete.csv,sl,0.0,False,original,46,not like,-1,0.34021747180934314,uncategorized,NEGATIVE,0.9929308891296387,-0.9929308891296387
"app stooped working .even after reinstalling app white screen issue still persist. there is no way to contact customer care for such issues everytime i have to restart app ,,,, very frustrating",1.0,HMARKNK,2025-11-07T20:46:51-07:00,25.1017.05,app_store_reviews_complete.csv,en,-0.1733333333333333,False,original,47,app stooped working even after reinstalling app white screen issue still persist there is no way to contact customer care for such issues everytime i have to restart app very frustrating,1,1.0,other_issues,NEGATIVE,0.9992635846138,-0.9992635846138
best,5.0,Purushottam bunny,2025-11-07T16:37:33-07:00,25.1017.05,app_store_reviews_complete.csv,af,1.0,False,original,48,best,0,1.0,other_issues,POSITIVE,0.9997941851615906,0.9997941851615906
"post updating the latest version app stopped working, i can't even access",1.0,OmkarSingh,2025-11-07T08:54:35-07:00,25.1017.05,app_store_reviews_complete.csv,en,0.5,False,original,49,post updating the latest version app stopped working i cant even access,1,1.0,other_issues,NEGATIVE,0.9997573494911194,-0.9997573494911194
fraud ho rahe hai aab phone pay ma,5.0,Tu  CC ni dad,2025-11-07T05:53:33-07:00,25.1017.05,app_store_reviews_complete.csv,cy,0.0,False,original,50,fraud ho rahe hai aab phone pay ma,-1,0.0991240399370854,uncategorized,NEGATIVE,0.9935693740844727,-0.9935693740844727
so much,5.0,Solty paan shop,2025-11-07T05:31:10-07:00,25.1017.05,app_store_reviews_complete.csv,es,0.2,False,original,51,so much,-1,0.34017639581872405,uncategorized,POSITIVE,0.9993118047714233,0.9993118047714233
super,5.0,Sandeshmsgowda,2025-11-07T04:34:30-07:00,25.1017.05,app_store_reviews_complete.csv,ro,0.3333333333333333,False,original,52,super,0,1.0,other_issues,POSITIVE,0.998783528804779,0.998783528804779
easy for life,5.0,Tibrata,2025-11-07T03:10:28-07:00,25.1017.05,app_store_reviews_complete.csv,en,0.4333333333333333,False,original,53,easy for life,0,0.5359759441388949,other_issues,POSITIVE,0.9970002770423889,0.9970002770423889
worst app i used iam invest in gold but the amount is not credited in my accunt but they show the amount is credited,1.0,Offlx abi,2025-11-07T02:43:26-07:00,25.1017.05,app_store_reviews_complete.csv,en,-1.0,False,original,54,worst app i used iam invest in gold but the amount is not credited in my accunt but they show the amount is credited,2,1.0,payment_issues,NEGATIVE,0.9870507717132568,-0.9870507717132568
"i have issue regarding kyc and tried calling on support numbers but agents are not available or no option to talk to agents, no email id provided by company so in sort your problem can't be heard.",1.0,Krishna keshari,2025-11-06T22:50:53-07:00,25.1017.05,app_store_reviews_complete.csv,en,-0.2,False,original,55,i have issue regarding kyc and tried calling on support numbers but agents are not available or no option to talk to agents no email id provided by company so in sort your problem cant be heard,-1,0.3251805553395114,uncategorized,NEGATIVE,0.9983870983123779,-0.9983870983123779
good job guys,5.0,I’m owner the city Mary,2025-11-06T21:09:08-07:00,25.1017.05,app_store_reviews_complete.csv,so,0.7,False,original,56,good job guys,-1,0.336929341487333,uncategorized,POSITIVE,0.999836802482605,0.999836802482605
gond,5.0,Bhabani Gond,2025-11-06T20:59:27-07:00,25.1017.05,app_store_reviews_complete.csv,cy,0.0,False,original,57,gond,-1,0.3000684884498798,uncategorized,NEGATIVE,0.7403932213783264,-0.7403932213783264
very gif,1.0,Pappakutty,2025-11-06T19:28:59-07:00,25.1017.05,app_store_reviews_complete.csv,en,0.2,False,original,58,very gif,0,1.0,other_issues,POSITIVE,0.9782087802886963,0.9782087802886963
not one instance of payment failure. smooth and effortless.,5.0,Harish Ramaswamy,2025-11-06T18:33:04-07:00,25.1017.05,app_store_reviews_complete.csv,en,0.0416666666666666,False,original,59,not one instance of payment failure smooth and effortless,2,0.5881377336884166,payment_issues,POSITIVE,0.9992274045944214,0.9992274045944214
guys please don't top up your phonepe wallet as there is no option to send the money through wallet even though i have my balance even i am not able to withdraw my money from the wallet as it says transaction failed due to technical error. its so cheap. now i don't know wt to do.,1.0,Rajneesh B.S,2025-11-06T06:48:01-07:00,25.1017.05,app_store_reviews_complete.csv,en,0.0041666666666666,False,original,60,guys please dont top up your phonepe wallet as there is no option to send the money through wallet even though i have my balance even i am not able to withdraw my money from the wallet as it says transaction failed due to technical error its so cheap now i dont know wt to do,2,1.0,payment_issues,NEGATIVE,0.9995421171188354,-0.9995421171188354
i am sorry but i forgot the name but the person was so helpful now i can do the transaction,5.0,F0204,2025-11-06T00:27:20-07:00,25.1017.05,app_store_reviews_complete.csv,en,-0.5,False,original,61,i am sorry but i forgot the name but the person was so helpful now i can do the transaction,2,1.0,payment_issues,POSITIVE,0.9781038761138916,0.9781038761138916
technical issue,2.0,Gf ddgh,2025-11-05T22:06:21-07:00,25.1017.05,app_store_reviews_complete.csv,en,0.0,False,original,62,technical issue,-1,0.21853161801779608,uncategorized,NEGATIVE,0.9907774925231934,-0.9907774925231934
"trying to contact customer care service regarding cc but unable to pass through ivr agent no reply from phonepe also. if they can't understand the customer querry , i am bound to say poor customer care service.",3.0,ReyAKV,2025-11-05T21:06:49-07:00,25.1017.05,app_store_reviews_complete.csv,en,-0.45,False,original,63,trying to contact customer care service regarding cc but unable to pass through ivr agent no reply from phonepe also if they cant understand the customer querry i am bound to say poor customer care service,2,1.0,payment_issues,NEGATIVE,0.9996333122253418,-0.9996333122253418
very good & fast service,5.0,Yuvan krishna,2025-11-05T19:31:19-07:00,25.1017.05,app_store_reviews_complete.csv,en,0.5549999999999999,False,original,64,very good fast service,0,1.0,other_issues,POSITIVE,0.999873161315918,0.999873161315918
nice,5.0,skumarsoni,2025-11-05T09:09:34-07:00,25.1017.05,app_store_reviews_complete.csv,pl,0.6,False,original,65,nice,0,1.0,other_issues,POSITIVE,0.9998552799224854,0.9998552799224854
good,5.0,Satish he,2025-11-05T07:26:38-07:00,25.1017.05,app_store_reviews_complete.csv,so,0.7,False,original,66,good,0,0.9838964352883867,other_issues,POSITIVE,0.9998161196708679,0.9998161196708679
easy to use,5.0,Musjad,2025-11-05T07:06:53-07:00,25.1017.05,app_store_reviews_complete.csv,en,0.4333333333333333,False,original,67,easy to use,0,1.0,other_issues,POSITIVE,0.9988542795181274,0.9988542795181274
never know when it works or not. need to have back up/ option b handy,4.0,Trixe term lie,2025-11-05T06:55:33-07:00,25.1017.05,app_store_reviews_complete.csv,en,0.3,False,original,68,never know when it works or not need to have back up option b handy,1,0.40140802817203153,other_issues,NEGATIVE,0.9989455342292786,-0.9989455342292786
it's easy to pay,5.0,Nausahad,2025-11-05T06:05:51-07:00,25.1017.05,app_store_reviews_complete.csv,en,0.4333333333333333,False,original,69,its easy to pay,2,1.0,payment_issues,POSITIVE,0.9819870591163635,0.9819870591163635
poor service i have complainted regarding an issue but it has been around a month no use the issue is not solved until now,1.0,Nabeel2139,2025-11-05T01:50:52-07:00,25.1017.05,app_store_reviews_complete.csv,en,-0.4,False,original,70,poor service i have complainted regarding an issue but it has been around a month no use the issue is not solved until now,0,0.3715513756469047,other_issues,NEGATIVE,0.9993146657943726,-0.9993146657943726
good,5.0,Amanprit singh,2025-11-04T22:07:06-07:00,25.1017.05,app_store_reviews_complete.csv,so,0.7,False,original,71,good,0,1.0,other_issues,POSITIVE,0.9998161196708679,0.9998161196708679
don't use this aap. third class services . you can withdrawl your own money.,1.0,SHIVER KUMAR,2025-11-04T09:12:23-07:00,25.1017.05,app_store_reviews_complete.csv,en,0.3,False,original,72,dont use this aap third class services you can withdrawl your own money,2,1.0,payment_issues,NEGATIVE,0.9983090162277222,-0.9983090162277222
nice,5.0,jot banur,2025-11-04T07:59:53-07:00,25.1017.05,app_store_reviews_complete.csv,pl,0.6,False,original,73,nice,0,1.0,other_issues,POSITIVE,0.9998552799224854,0.9998552799224854
+91 78454 35832,5.0,91 78454 35832,2025-11-04T07:16:46-07:00,25.1017.05,app_store_reviews_complete.csv,unknown,0.0,False,original,74,,0,0.740732608188285,other_issues,POSITIVE,0.7453776001930237,0.7453776001930237
super,5.0,Golu Dhande,2025-11-04T05:52:12-07:00,25.1017.05,app_store_reviews_complete.csv,ro,0.3333333333333333,False,original,75,super,0,1.0,other_issues,POSITIVE,0.998783528804779,0.998783528804779
super app in phonepe,5.0,Cut boy123,2025-11-04T05:34:08-07:00,25.1017.05,app_store_reviews_complete.csv,en,0.3333333333333333,False,original,76,super app in phonepe,1,1.0,other_issues,NEGATIVE,0.6457242965698242,-0.6457242965698242
good,5.0,Simmuali,2025-11-04T04:11:01-07:00,25.1017.05,app_store_reviews_complete.csv,so,0.7,False,original,77,good,0,1.0,other_issues,POSITIVE,0.9998161196708679,0.9998161196708679
they make a app such as these for teens,5.0,fckumcgdg,2025-11-04T04:08:25-07:00,25.1017.05,app_store_reviews_complete.csv,en,0.0,False,original,78,they make a app such as these for teens,-1,0.3861064795956607,uncategorized,NEGATIVE,0.7848309278488159,-0.7848309278488159
its very easy to use and secure also thanks for easy my payment,5.0,raza461938,2025-11-04T01:11:03-07:00,25.1017.00,app_store_reviews_complete.csv,en,0.3991666666666666,False,original,79,its very easy to use and secure also thanks for easy my payment,2,0.19945319298977449,payment_issues,POSITIVE,0.9984297156333923,0.9984297156333923
good,5.0,Harish  Desai,2025-11-03T22:28:45-07:00,25.1017.00,app_store_reviews_complete.csv,so,0.7,False,original,80,good,0,1.0,other_issues,POSITIVE,0.9998161196708679,0.9998161196708679
no cash back. no cash back,1.0,Vicky kadva,2025-11-03T20:33:16-07:00,25.1017.00,app_store_reviews_complete.csv,en,0.0,False,original,81,no cash back no cash back,2,1.0,payment_issues,NEGATIVE,0.9980103373527527,-0.9980103373527527
esme 18 year+ bank accounts bante h jo ki bahut safe h esse hm hm subscriber bhi kar sakte h recharge bhi kar sakte h and upi bhi kar sakte h or daily saving se gold bhi jma kar sakte h = safe app,5.0,Khemsa  jani,2025-11-03T10:09:27-07:00,25.1017.00,app_store_reviews_complete.csv,id,0.3333333333333333,False,original,82,esme year bank accounts bante h jo ki bahut safe h esse hm hm subscriber bhi kar sakte h recharge bhi kar sakte h and upi bhi kar sakte h or daily saving se gold bhi jma kar sakte h safe app,2,1.0,payment_issues,NEGATIVE,0.9821999073028564,-0.9821999073028564
"today i faced problem with p.pay , i didn't work",1.0,Ravi ramaraj,2025-11-03T06:45:45-07:00,25.1017.00,app_store_reviews_complete.csv,en,0.0,False,original,83,today i faced problem with ppay i didnt work,-1,0.19529591735887558,uncategorized,NEGATIVE,0.9995030164718628,-0.9995030164718628
awesome user interface. i feel very convenient using this app for payments. thanks.,5.0,Suman Gunta,2025-11-03T03:39:04-07:00,25.1017.00,app_store_reviews_complete.csv,en,0.4666666666666666,False,original,84,awesome user interface i feel very convenient using this app for payments thanks,2,1.0,payment_issues,POSITIVE,0.99953293800354,0.99953293800354
nice,5.0,Sangyabhau,2025-11-03T01:22:09-07:00,25.1017.00,app_store_reviews_complete.csv,pl,0.6,False,original,85,nice,0,0.8836075338695007,other_issues,POSITIVE,0.9998552799224854,0.9998552799224854
good app,5.0,Nikhil1132,2025-11-02T22:57:53-07:00,25.1017.00,app_store_reviews_complete.csv,en,0.7,False,original,86,good app,1,0.7824266283432775,other_issues,POSITIVE,0.9998493194580078,0.9998493194580078
good,5.0,Free cesh,2025-11-02T22:16:13-07:00,25.1017.00,app_store_reviews_complete.csv,so,0.7,False,original,87,good,0,0.2315768461894353,other_issues,POSITIVE,0.9998161196708679,0.9998161196708679
"when try access camera to scan the qr code it's not working, getting black screen",3.0,Suman-657,2025-11-02T21:47:21-07:00,25.1017.00,app_store_reviews_complete.csv,en,-0.1666666666666666,False,original,88,when try access camera to scan the qr code its not working getting black screen,2,0.5483117059257049,payment_issues,NEGATIVE,0.9997017979621887,-0.9997017979621887
i want 15 version of phone pay and,1.0,ritktk,2025-11-02T20:27:20-07:00,25.1017.00,app_store_reviews_complete.csv,en,0.0,False,original,89,i want version of phone pay and,-1,0.44830492568046293,uncategorized,NEGATIVE,0.9955763816833496,-0.9955763816833496
10 out of 10,5.0,Chhupa rustum,2025-11-02T11:21:21-07:00,25.1017.00,app_store_reviews_complete.csv,en,0.0,False,original,90,out of,-1,0.3213869067109494,uncategorized,POSITIVE,0.9303184747695923,0.9303184747695923
motherchood app,1.0,Apu Phukan,2025-11-02T09:14:32-07:00,25.1017.00,app_store_reviews_complete.csv,en,0.0,False,original,91,motherchood app,-1,0.3045140628928068,uncategorized,NEGATIVE,0.9623388051986694,-0.9623388051986694
same,1.0,Guna goud,2025-11-02T08:41:03-07:00,25.1017.00,app_store_reviews_complete.csv,tl,0.0,False,original,92,same,0,0.9788036788700656,other_issues,NEGATIVE,0.9845882058143616,-0.9845882058143616
"""i've been using phonepe for years and my experience has been amazing. it's fast, reliable, and the interface is so simple that even my parents can use it easily. the range of services from upi payments to bill recharges is fantastic.""",5.0,Shahnawaz Shah 03,2025-11-02T08:24:31-07:00,25.1017.00,app_store_reviews_complete.csv,en,0.3266666666666666,False,original,93,ive been using phonepe for years and my experience has been amazing its fast reliable and the interface is so simple that even my parents can use it easily the range of services from upi payments to bill recharges is fantastic,1,1.0,other_issues,POSITIVE,0.9998495578765869,0.9998495578765869
"i usually pay my credit card bill, but it has failed and the reversal time is too long. who will be responsible if my bill bounces?",1.0,Sarfuraz,2025-11-02T07:51:03-07:00,25.1017.00,app_store_reviews_complete.csv,en,-0.15,False,original,94,i usually pay my credit card bill but it has failed and the reversal time is too long who will be responsible if my bill bounces,2,0.3361904699347505,payment_issues,NEGATIVE,0.9996939897537231,-0.9996939897537231
no rewards only ad,3.0,Adi hay,2025-11-02T07:45:40-07:00,25.1017.00,app_store_reviews_complete.csv,en,0.0,False,original,95,no rewards only ad,2,1.0,payment_issues,NEGATIVE,0.9992762207984924,-0.9992762207984924
good,4.0,R.Suresh Babu,2025-11-02T05:48:18-07:00,25.1017.00,app_store_reviews_complete.csv,so,0.7,False,original,96,good,0,0.42605841456057914,other_issues,POSITIVE,0.9998161196708679,0.9998161196708679
it just stuck at every step without any progress,1.0,Hoks855,2025-11-02T05:46:09-07:00,25.1017.00,app_store_reviews_complete.csv,en,0.0,False,original,97,it just stuck at every step without any progress,-1,0.07430713648248843,uncategorized,NEGATIVE,0.9997522234916687,-0.9997522234916687
"i've been using this app from last six years, and it is amazing and reliable.",5.0,Suvhd,2025-11-02T02:14:24-07:00,25.1017.00,app_store_reviews_complete.csv,en,0.3,False,original,98,ive been using this app from last six years and it is amazing and reliable,1,0.5271730622421545,other_issues,POSITIVE,0.9998728036880493,0.9998728036880493
not wirking,1.0,MiyaBhaiMosn,2025-11-02T02:14:05-07:00,25.0613.05,app_store_reviews_complete.csv,af,0.0,False,original,99,not wirking,0,0.39310040679913005,other_issues,NEGATIVE,0.7585993409156799,-0.7585993409156799
good,5.0,Jayendra j joshi,2025-11-02T01:43:12-07:00,25.1017.00,app_store_reviews_complete.csv,so,0.7,False,original,100,good,0,1.0,other_issues,POSITIVE,0.9998161196708679,0.9998161196708679
nice,5.0,12shi13,2025-11-02T00:45:39-07:00,25.1017.00,app_store_reviews_complete.csv,pl,0.6,False,original,101,nice,0,1.0,other_issues,POSITIVE,0.9998552799224854,0.9998552799224854
my autopay has failed and i'm not even able to raise a ticket,1.0,stacK5555,2025-11-02T00:25:31-07:00,25.1017.00,app_store_reviews_complete.csv,en,0.0,False,original,102,my autopay has failed and im not even able to raise a ticket,2,1.0,payment_issues,NEGATIVE,0.9998027682304382,-0.9998027682304382
there was still a complaint that contact names were not displayed. still not fixed,1.0,Prasanth Vanjarapu,2025-11-01T22:42:54-07:00,25.1017.00,app_store_reviews_complete.csv,en,-0.175,False,original,103,there was still a complaint that contact names were not displayed still not fixed,2,0.5969012357570596,payment_issues,NEGATIVE,0.9995627999305725,-0.9995627999305725
no cashbacks compared to other upi apps,3.0,VivekD123,2025-11-01T21:03:56-07:00,25.1017.00,app_store_reviews_complete.csv,en,-0.125,False,original,104,no cashbacks compared to other upi apps,-1,0.22360054985193556,uncategorized,NEGATIVE,0.9728187322616577,-0.9728187322616577
excellent service,5.0,BSvas,2025-11-01T20:10:17-07:00,25.1017.00,app_store_reviews_complete.csv,fr,1.0,False,original,105,excellent service,0,1.0,other_issues,POSITIVE,0.9998576641082764,0.9998576641082764
no cash back getting in phonepe,1.0,Jashwan26ddhjj,2025-11-01T18:46:09-07:00,25.1017.00,app_store_reviews_complete.csv,en,0.0,False,original,106,no cash back getting in phonepe,2,1.0,payment_issues,NEGATIVE,0.9968619346618652,-0.9968619346618652
i use this app always. i never use cash.,5.0,Dikshya Dutta,2025-11-01T07:55:26-07:00,25.1017.00,app_store_reviews_complete.csv,en,0.0,False,original,107,i use this app always i never use cash,2,1.0,payment_issues,NEGATIVE,0.7046909928321838,-0.7046909928321838
best app,5.0,Mr baggu,2025-11-01T06:27:14-07:00,25.1017.00,app_store_reviews_complete.csv,fr,1.0,False,original,108,best app,1,1.0,other_issues,POSITIVE,0.999686598777771,0.999686598777771
very nice and beautiful,5.0,Dipak Singh13,2025-11-01T05:36:38-07:00,25.1017.00,app_store_reviews_complete.csv,en,0.815,False,original,109,very nice and beautiful,0,1.0,other_issues,POSITIVE,0.9998767375946045,0.9998767375946045
"phone pay is good aap for pay online payment to enjoy any type of facility to buy subscriptions like spotify,online products while buy staying at home. i like this app",5.0,Mani Salwan,2025-11-01T04:19:57-07:00,25.1017.00,app_store_reviews_complete.csv,en,0.55,False,original,110,phone pay is good aap for pay online payment to enjoy any type of facility to buy subscriptions like spotifyonline products while buy staying at home i like this app,2,1.0,payment_issues,POSITIVE,0.9963441491127014,0.9963441491127014
"when i try to pay contact there is a ui glitch please resolve, when i swipe up to check transaction it goes blank on the bottom",1.0,Bhaswat2002,2025-10-31T23:25:11-07:00,25.1017.00,app_store_reviews_complete.csv,en,0.0,False,original,111,when i try to pay contact there is a ui glitch please resolve when i swipe up to check transaction it goes blank on the bottom,2,1.0,payment_issues,NEGATIVE,0.9996614456176758,-0.9996614456176758
best service,5.0,Srisri76,2025-10-31T22:15:20-07:00,25.1017.00,app_store_reviews_complete.csv,en,1.0,False,original,112,best service,0,0.657463874166763,other_issues,POSITIVE,0.999809205532074,0.999809205532074
outstanding,5.0,Tinkykanju,2025-10-31T21:18:31-07:00,25.1017.00,app_store_reviews_complete.csv,af,0.5,False,original,113,outstanding,0,1.0,other_issues,POSITIVE,0.9998557567596436,0.9998557567596436
hi team app not opening bugs kindly fix it asap,1.0,Rajesh roulo,2025-10-31T19:41:53-07:00,25.1017.00,app_store_reviews_complete.csv,en,0.6,False,original,114,hi team app not opening bugs kindly fix it asap,1,0.6642419751049151,other_issues,NEGATIVE,0.9961200952529907,-0.9961200952529907
very good,5.0,Joshibhasker,2025-10-31T06:22:38-07:00,25.1017.00,app_store_reviews_complete.csv,af,0.91,False,original,115,very good,0,1.0,other_issues,POSITIVE,0.9998520612716675,0.9998520612716675
overall a very good app for payments but what i miss is the total spends to see on category wise as in paytm there is a way to see the total spends of every month based on category.this is very useful for me to track my spends and calculate on which i spent the most.it would be very useful if phonepe also shows the report.,4.0,Sathya18_02,2025-10-31T00:52:16-07:00,25.1017.00,app_store_reviews_complete.csv,en,0.28625,False,original,116,overall a very good app for payments but what i miss is the total spends to see on category wise as in paytm there is a way to see the total spends of every month based on categorythis is very useful for me to track my spends and calculate on which i spent the mostit would be very useful if phonepe also shows the report,2,0.47478747198234494,payment_issues,NEGATIVE,0.9846448302268982,-0.9846448302268982
5 star,5.0,Dilshad karim Raja,2025-10-30T20:40:04-07:00,25.1017.00,app_store_reviews_complete.csv,sv,0.0,False,original,117,star,3,1.0,other_issues,POSITIVE,0.9964116215705872,0.9964116215705872
excellent,5.0,Babushabhav,2025-10-30T19:22:15-07:00,25.1017.00,app_store_reviews_complete.csv,ca,1.0,False,original,118,excellent,0,1.0,other_issues,POSITIVE,0.9998434782028198,0.9998434782028198
goooooooood,5.0,salmankhanx09,2025-10-30T18:07:13-07:00,25.1017.00,app_store_reviews_complete.csv,so,0.0,False,original,119,goooooooood,0,0.06187587374653705,other_issues,NEGATIVE,0.6350522637367249,-0.6350522637367249
received payment not show in full screen,5.0,Mangilal Bhaderwal,2025-10-30T11:26:06-07:00,25.1017.00,app_store_reviews_complete.csv,en,0.35,False,original,120,received payment not show in full screen,2,1.0,payment_issues,NEGATIVE,0.9879857897758484,-0.9879857897758484
my phone is not working,1.0,Kirak@143,2025-10-30T07:00:29-07:00,25.1017.00,app_store_reviews_complete.csv,en,0.0,False,original,121,my phone is not working,-1,0.17445386423994289,uncategorized,NEGATIVE,0.999733030796051,-0.999733030796051
super,5.0,Bhagya ram,2025-10-30T05:54:02-07:00,25.1017.00,app_store_reviews_complete.csv,ro,0.3333333333333333,False,original,122,super,0,1.0,other_issues,POSITIVE,0.998783528804779,0.998783528804779
fetching balance shown wrong in few months,3.0,Subuam,2025-10-30T00:51:04-07:00,25.1003.06,app_store_reviews_complete.csv,en,-0.35,False,original,123,fetching balance shown wrong in few months,2,0.5798740382078664,payment_issues,NEGATIVE,0.999025821685791,-0.999025821685791
good,4.0,uxfofofieidkskcld,2025-10-29T23:58:34-07:00,25.1003.06,app_store_reviews_complete.csv,so,0.7,False,original,124,good,0,0.6508771567853928,other_issues,POSITIVE,0.9998161196708679,0.9998161196708679
thank you my condition,5.0,Rohit_101010,2025-10-29T23:35:57-07:00,25.1003.06,app_store_reviews_complete.csv,en,0.0,False,original,125,thank you my condition,-1,0.37693060884414364,uncategorized,POSITIVE,0.9995369911193848,0.9995369911193848
very reliable app for pay,5.0,Narinder pannu,2025-10-29T22:06:04-07:00,25.1003.06,app_store_reviews_complete.csv,en,0.2,False,original,126,very reliable app for pay,2,1.0,payment_issues,POSITIVE,0.9993795156478882,0.9993795156478882
no any cashback offers,2.0,Chetanshin,2025-10-29T10:38:12-07:00,25.1003.06,app_store_reviews_complete.csv,en,0.1,False,original,127,no any cashback offers,2,1.0,payment_issues,NEGATIVE,0.9918369650840759,-0.9918369650840759
i have to download again and again due to old iphone not supported phone pay and many apps,2.0,Rajpal singh Rawat,2025-10-29T09:56:17-07:00,25.1003.06,app_store_reviews_complete.csv,en,0.1583333333333333,False,original,128,i have to download again and again due to old iphone not supported phone pay and many apps,2,1.0,payment_issues,NEGATIVE,0.9942325949668884,-0.9942325949668884
fast,5.0,A9966773640a,2025-10-29T06:31:31-07:00,25.1003.06,app_store_reviews_complete.csv,it,0.2,False,original,129,fast,0,0.8979530186707846,other_issues,POSITIVE,0.9989494681358337,0.9989494681358337
it is annoying to erase the caption that comes when i share the msg on other apps. remove it from your app.,4.0,Vivek Raikar,2025-10-29T06:04:15-07:00,25.1003.06,app_store_reviews_complete.csv,en,-0.4625,False,original,130,it is annoying to erase the caption that comes when i share the msg on other apps remove it from your app,1,0.5674090703607586,other_issues,NEGATIVE,0.9997990727424622,-0.9997990727424622
"phonepay is the easiest, safest and effortless way of money transfer/payment",5.0,NVSwamy,2025-10-29T05:40:18-07:00,25.1003.06,app_store_reviews_complete.csv,en,0.0,False,original,131,phonepay is the easiest safest and effortless way of money transferpayment,2,1.0,payment_issues,POSITIVE,0.9978229999542236,0.9978229999542236
app not working suddenly getting out,1.0,Habjsjab,2025-10-29T02:28:44-07:00,25.1003.06,app_store_reviews_complete.csv,af,0.0,False,original,132,app not working suddenly getting out,1,1.0,other_issues,NEGATIVE,0.9981139898300171,-0.9981139898300171
feeling good in all locations,5.0,Bharath Gangadhar Jois,2025-10-29T00:54:19-07:00,25.1003.06,app_store_reviews_complete.csv,en,0.7,False,original,133,feeling good in all locations,-1,0.3078296368777202,uncategorized,POSITIVE,0.999876856803894,0.999876856803894
good,5.0,Sandeep Punul,2025-10-29T00:05:34-07:00,25.1003.06,app_store_reviews_complete.csv,so,0.7,False,original,134,good,0,0.6829252312904583,other_issues,POSITIVE,0.9998161196708679,0.9998161196708679
service are cold not working good slow and hanging issue many time,1.0,Yashasvicsc,2025-10-28T21:09:20-07:00,25.1003.06,app_store_reviews_complete.csv,en,0.0749999999999999,False,original,135,service are cold not working good slow and hanging issue many time,0,0.3685561314014384,other_issues,NEGATIVE,0.9994848966598511,-0.9994848966598511
stupid app no customer support this will and should go down soon,1.0,wehdhkcf,2025-10-28T20:37:53-07:00,25.1003.06,app_store_reviews_complete.csv,en,-0.4777777777777777,False,original,136,stupid app no customer support this will and should go down soon,-1,0.23317208009558885,uncategorized,NEGATIVE,0.9997707009315491,-0.9997707009315491
"why is this app adding paid using phonepe upi spam after every single payment? like when you have to share the screenshot with someone, for example whatsapp this app adds the spam automatically each time. it's very annoying.",1.0,FaZe Aditya,2025-10-28T03:39:12-07:00,25.1003.06,app_store_reviews_complete.csv,en,-0.5357142857142857,False,original,137,why is this app adding paid using phonepe upi spam after every single payment like when you have to share the screenshot with someone for example whatsapp this app adds the spam automatically each time its very annoying,1,1.0,other_issues,NEGATIVE,0.9997145533561707,-0.9997145533561707
excellent,5.0,Skhuseini,2025-10-28T02:26:24-07:00,25.1003.06,app_store_reviews_complete.csv,ca,1.0,False,original,138,excellent,0,1.0,other_issues,POSITIVE,0.9998434782028198,0.9998434782028198
service is god,5.0,Sweetyog,2025-10-28T01:56:27-07:00,25.1003.06,app_store_reviews_complete.csv,en,0.0,False,original,139,service is god,0,0.5449800894628782,other_issues,POSITIVE,0.9986894726753235,0.9986894726753235
from india to world we are laps and bound ahead,5.0,Dhirukhan,2025-10-27T21:31:06-07:00,25.1003.06,app_store_reviews_complete.csv,en,0.0,False,original,140,from india to world we are laps and bound ahead,4,1.0,other_issues,POSITIVE,0.9992541670799255,0.9992541670799255
bahut aacha h,5.0,Ibc aman Maurya,2025-10-27T20:41:50-07:00,25.1003.06,app_store_reviews_complete.csv,so,0.0,False,original,141,bahut aacha h,4,1.0,other_issues,NEGATIVE,0.7550452351570129,-0.7550452351570129
"not working, my version 15.8.5 , how to fix this problem",1.0,dfgecf,2025-10-27T20:33:53-07:00,25.1003.06,app_store_reviews_complete.csv,en,0.0,False,original,142,not working my version how to fix this problem,-1,0.18669598961600778,uncategorized,NEGATIVE,0.9997519850730896,-0.9997519850730896
5star worth,5.0,Mohan rupa,2025-10-27T20:33:47-07:00,25.1003.06,app_store_reviews_complete.csv,en,0.3,False,original,143,star worth,3,1.0,other_issues,POSITIVE,0.9996963739395142,0.9996963739395142
phone pe not giving any cashbacks,1.0,Shekar12@0609,2025-10-27T10:56:35-07:00,25.1003.06,app_store_reviews_complete.csv,en,0.0,False,original,144,phone pe not giving any cashbacks,2,1.0,payment_issues,NEGATIVE,0.9950733780860901,-0.9950733780860901
phone pe app is getting crashed everytime i am clicking anywhere after phone update. please support on it as i am not able to even raise ticket on app,1.0,Tanyajha_,2025-10-27T10:06:05-07:00,25.1003.06,app_store_reviews_complete.csv,en,-0.25,False,original,145,phone pe app is getting crashed everytime i am clicking anywhere after phone update please support on it as i am not able to even raise ticket on app,-1,0.3815570475183056,uncategorized,NEGATIVE,0.9989733695983887,-0.9989733695983887
good transaction app,4.0,madhu polnati,2025-10-27T06:31:44-07:00,25.1003.06,app_store_reviews_complete.csv,en,0.7,False,original,146,good transaction app,2,1.0,payment_issues,POSITIVE,0.9998304843902588,0.9998304843902588
outstanding,5.0,Naresh Sir,2025-10-27T05:07:53-07:00,25.1003.06,app_store_reviews_complete.csv,af,0.5,False,original,147,outstanding,0,1.0,other_issues,POSITIVE,0.9998557567596436,0.9998557567596436
excellent,5.0,Santhan29,2025-10-26T23:57:46-07:00,25.1003.06,app_store_reviews_complete.csv,ca,1.0,False,original,148,excellent,0,1.0,other_issues,POSITIVE,0.9998434782028198,0.9998434782028198
"since last night phonepe is crashing whenever i load the application. tried updating as well, still it is crashing. please do something asap",1.0,JonesSelvabalan,2025-10-26T23:40:51-07:00,25.1003.06,app_store_reviews_complete.csv,en,0.0,False,original,149,since last night phonepe is crashing whenever i load the application tried updating as well still it is crashing please do something asap,-1,0.31771475065204374,uncategorized,NEGATIVE,0.9987364411354065,-0.9987364411354065
don't buy gold from this app useless app ever for buying digital gold,1.0,Akash vaani,2025-10-26T21:37:23-07:00,25.1003.06,app_store_reviews_complete.csv,en,-0.25,False,original,150,dont buy gold from this app useless app ever for buying digital gold,2,1.0,payment_issues,NEGATIVE,0.9970153570175171,-0.9970153570175171
good,5.0,Moharman arman,2025-10-26T21:24:53-07:00,25.1003.06,app_store_reviews_complete.csv,so,0.7,False,original,151,good,0,1.0,other_issues,POSITIVE,0.9998161196708679,0.9998161196708679
acha bhai he,5.0,I’m lulling,2025-10-26T08:20:16-07:00,25.1003.06,app_store_reviews_complete.csv,cy,0.0,False,original,152,acha bhai he,4,1.0,other_issues,POSITIVE,0.9903229475021362,0.9903229475021362
aadii,5.0,Aadii Aadil,2025-10-25T23:59:20-07:00,25.1003.06,app_store_reviews_complete.csv,so,0.0,False,original,153,aadii,4,0.08543516789647881,other_issues,POSITIVE,0.9504565596580505,0.9504565596580505
one star,1.0,Mr Jamna persad,2025-10-25T23:41:25-07:00,25.1003.06,app_store_reviews_complete.csv,it,0.0,False,original,154,one star,3,0.5959639356480652,other_issues,NEGATIVE,0.9662480354309082,-0.9662480354309082
and my favourite app,5.0,Rt@156,2025-10-25T21:11:08-07:00,25.1003.06,app_store_reviews_complete.csv,en,0.0,False,original,155,and my favourite app,1,0.5381070448139891,other_issues,POSITIVE,0.9983693957328796,0.9983693957328796
all rounder great service,5.0,Mr.Gpreet,2025-10-25T18:22:06-07:00,25.1003.06,app_store_reviews_complete.csv,en,0.8,False,original,156,all rounder great service,0,0.7464423656740913,other_issues,POSITIVE,0.9997908473014832,0.9997908473014832
quick and easy service,5.0,Shaan C Lad,2025-10-25T03:19:55-07:00,25.1003.06,app_store_reviews_complete.csv,en,0.3833333333333333,False,original,157,quick and easy service,0,1.0,other_issues,POSITIVE,0.9989585876464844,0.9989585876464844
"bad notification, phonepe app",1.0,214anup,2025-10-25T02:37:58-07:00,25.1003.06,app_store_reviews_complete.csv,en,-0.6999999999999998,False,original,158,bad notification phonepe app,1,1.0,other_issues,NEGATIVE,0.9996538162231445,-0.9996538162231445
this app is a fraud app. never work as per the offers and terms and conditions. and most importantly pathetic customer support.,1.0,Show my Feedback,2025-10-24T22:16:09-07:00,25.1003.06,app_store_reviews_complete.csv,en,-0.1333333333333333,False,original,159,this app is a fraud app never work as per the offers and terms and conditions and most importantly pathetic customer support,-1,0.2741122938963605,uncategorized,NEGATIVE,0.9995821118354797,-0.9995821118354797
this app is so good,5.0,Tojinder Rathour,2025-10-24T20:54:02-07:00,25.1003.06,app_store_reviews_complete.csv,en,0.7,False,original,160,this app is so good,1,0.5673214370760407,other_issues,POSITIVE,0.999862551689148,0.999862551689148
best payment apps,5.0,Deepaksing,2025-10-24T19:50:50-07:00,25.1003.06,app_store_reviews_complete.csv,fr,1.0,False,original,161,best payment apps,2,1.0,payment_issues,POSITIVE,0.9996402263641357,0.9996402263641357
give me cash back,5.0,sunnYY SAAB,2025-10-24T10:24:08-07:00,25.1003.06,app_store_reviews_complete.csv,en,0.0,False,original,162,give me cash back,2,1.0,payment_issues,NEGATIVE,0.9806171655654907,-0.9806171655654907
good,5.0,زبير جمال,2025-10-24T08:56:27-07:00,25.1003.06,app_store_reviews_complete.csv,so,0.7,False,original,163,good,0,1.0,other_issues,POSITIVE,0.9998161196708679,0.9998161196708679
it's famous on there tasty charts and love too eat there only not others,5.0,Bhai mera,2025-10-24T08:46:43-07:00,25.1003.06,app_store_reviews_complete.csv,en,0.3333333333333333,False,original,164,its famous on there tasty charts and love too eat there only not others,0,0.23628677133300974,other_issues,POSITIVE,0.9993183612823486,0.9993183612823486
error occurred while open application,1.0,I lv me,2025-10-24T05:07:13-07:00,25.1003.06,app_store_reviews_complete.csv,en,0.0,False,original,165,error occurred while open application,1,1.0,other_issues,NEGATIVE,0.9988730549812317,-0.9988730549812317
automatically closing app,1.0,Sumitmndl,2025-10-24T04:14:18-07:00,25.1003.06,app_store_reviews_complete.csv,en,0.0,False,original,166,automatically closing app,-1,0.17292720578089582,uncategorized,NEGATIVE,0.952968180179596,-0.952968180179596
"i started using phonepe after reading that it has a good cashback reward scheme. the app is usually snappy. however, after making several payments (credit card bill, electricity bill), i find there is no consistency - it seems to be a lottery. after complaining, i'm now getting silent calls (they call & say nothing, or put me on hold - i waited upto 10minutes - then they post a response about being cut off) from their support team. time to move on, i think.",2.0,bhjtb,2025-10-24T01:18:07-07:00,25.1003.06,app_store_reviews_complete.csv,en,0.1124999999999999,False,original,167,i started using phonepe after reading that it has a good cashback reward scheme the app is usually snappy however after making several payments credit card bill electricity bill i find there is no consistency it seems to be a lottery after complaining im now getting silent calls they call say nothing or put me on hold i waited upto minutes then they post a response about being cut off from their support team time to move on i think,2,1.0,payment_issues,NEGATIVE,0.9987648725509644,-0.9987648725509644
excellent services,5.0,Junnuritik,2025-10-24T00:15:27-07:00,25.1003.06,app_store_reviews_complete.csv,fr,1.0,False,original,168,excellent services,0,0.7875169547509523,other_issues,POSITIVE,0.9998639822006226,0.9998639822006226
my phone pe app suddenly stopped working and repeated attempts to reinstall not successful.tried contacting customer care but no one to respond except prerecorded ivr.i have some funds blocked in phone pe lite don't know how to retrieve them.better not to use this app.very irresponsible attitude,1.0,Srinivas gastro,2025-10-23T19:03:07-07:00,25.1003.06,app_store_reviews_complete.csv,en,0.0,False,original,169,my phone pe app suddenly stopped working and repeated attempts to reinstall not successfultried contacting customer care but no one to respond except prerecorded ivri have some funds blocked in phone pe lite dont know how to retrieve thembetter not to use this appvery irresponsible attitude,2,0.6460735728545266,payment_issues,NEGATIVE,0.9997808337211609,-0.9997808337211609
apple lover,5.0,Gurzar is great,2025-10-23T09:53:44-07:00,25.1003.06,app_store_reviews_complete.csv,fr,0.0,False,original,170,apple lover,1,0.7679456035876635,other_issues,POSITIVE,0.9949295520782471,0.9949295520782471
perfect invention nice,5.0,Smile Suri,2025-10-23T07:42:50-07:00,25.1003.06,app_store_reviews_complete.csv,en,0.8,False,original,171,perfect invention nice,-1,0.22941719583300024,uncategorized,POSITIVE,0.9998643398284912,0.9998643398284912
processing time is more,1.0,Kesavkt,2025-10-23T04:53:42-07:00,25.1003.06,app_store_reviews_complete.csv,en,0.5,False,original,172,processing time is more,0,0.4272026229535216,other_issues,NEGATIVE,0.9615727663040161,-0.9615727663040161
i hate ads,3.0,Rahil Alvi,2025-10-23T04:48:54-07:00,25.1003.06,app_store_reviews_complete.csv,da,-0.8,False,original,173,i hate ads,-1,0.20494146213662143,uncategorized,NEGATIVE,0.9993477463722229,-0.9993477463722229
i'm facing a problem tegarding login from yesterday. the app interface keeps loading and not processing anything! please fix it asap.,5.0,duttasayan,2025-10-23T03:38:31-07:00,25.1003.06,app_store_reviews_complete.csv,en,0.0,False,original,174,im facing a problem tegarding login from yesterday the app interface keeps loading and not processing anything please fix it asap,1,0.6798731890754206,other_issues,NEGATIVE,0.9996517896652222,-0.9996517896652222
after changing phone it take only minute to activate phonepe account. whether gpay takes more than two days.,5.0,Vicky@2228,2025-10-23T02:55:57-07:00,25.1003.06,app_store_reviews_complete.csv,en,0.25,False,original,175,after changing phone it take only minute to activate phonepe account whether gpay takes more than two days,2,0.5805396021400445,payment_issues,NEGATIVE,0.9956985712051392,-0.9956985712051392
ticket raised three days ago but not get any resolution yet,1.0,Yadav 12,2025-10-22T21:31:10-07:00,25.1003.00,app_store_reviews_complete.csv,en,0.0,False,original,176,ticket raised three days ago but not get any resolution yet,-1,0.4632740499127822,uncategorized,NEGATIVE,0.9975211024284363,-0.9975211024284363
average or good,1.0,Gjsjskknebee,2025-10-22T12:49:17-07:00,25.1003.00,app_store_reviews_complete.csv,no,0.2749999999999999,False,original,177,average or good,-1,0.3988026320541745,uncategorized,POSITIVE,0.9997032284736633,0.9997032284736633
raza,5.0,Touqer raza,2025-10-22T09:25:11-07:00,25.1003.00,app_store_reviews_complete.csv,hr,0.0,False,original,178,raza,-1,0.3413635189332597,uncategorized,POSITIVE,0.9580462574958801,0.9580462574958801
new phone pe,5.0,Avesh khan 1313,2025-10-22T04:18:51-07:00,25.1003.00,app_store_reviews_complete.csv,en,0.1363636363636363,False,original,179,new phone pe,1,1.0,other_issues,NEGATIVE,0.9824381470680237,-0.9824381470680237
i use phone pe using my dubai phone number and nri bank account. this feature is not available in gpay yet.,5.0,DrPraveenP,2025-10-22T02:54:34-07:00,25.1003.00,app_store_reviews_complete.csv,en,-0.2,False,original,180,i use phone pe using my dubai phone number and nri bank account this feature is not available in gpay yet,-1,0.33681378587607974,uncategorized,NEGATIVE,0.9989921450614929,-0.9989921450614929
"please don't buy insurance through phonepe. i renewed my star health policy 2 weeks ago through their platform — money deducted instantly, but the policy still not renewed. every two days, their team asks for ""two more days"" to fix it. it's been two week of the same excuse. at this point, i don't even have active insurance, and their customer care seems completely clueless no matter how many times i explain the issue. i guess the only thing that works fast at phonepe is their payment gateway — everything else is a black hole.",1.0,Ente reviews,2025-10-22T00:21:42-07:00,25.1003.00,app_store_reviews_complete.csv,en,0.095,False,original,181,please dont buy insurance through phonepe i renewed my star health policy weeks ago through their platform money deducted instantly but the policy still not renewed every two days their team asks for two more days to fix it its been two week of the same excuse at this point i dont even have active insurance and their customer care seems completely clueless no matter how many times i explain the issue i guess the only thing that works fast at phonepe is their payment gateway everything else is a black hole,2,1.0,payment_issues,NEGATIVE,0.9994344115257263,-0.9994344115257263
very good,5.0,A C Reddy,2025-10-21T23:39:43-07:00,25.1003.00,app_store_reviews_complete.csv,af,0.91,False,original,182,very good,0,1.0,other_issues,POSITIVE,0.9998520612716675,0.9998520612716675
shiva,5.0,Gurrala shiva,2025-10-21T22:10:02-07:00,25.1003.00,app_store_reviews_complete.csv,sq,0.0,False,original,183,shiva,3,0.13572739278452015,other_issues,POSITIVE,0.9965428709983826,0.9965428709983826
my dad has has a eye,3.0,Malikdhxhv it s,2025-10-21T04:48:42-07:00,25.1003.00,app_store_reviews_complete.csv,so,0.0,False,original,184,my dad has has a eye,-1,0.3955657295472595,uncategorized,POSITIVE,0.9988238215446472,0.9988238215446472
excellent,5.0,Darshan shaiva,2025-10-21T03:24:06-07:00,25.1003.00,app_store_reviews_complete.csv,ca,1.0,False,original,185,excellent,0,1.0,other_issues,POSITIVE,0.9998434782028198,0.9998434782028198
5stars,5.0,Vahid aslam shaikh,2025-10-20T15:21:25-07:00,25.1003.00,app_store_reviews_complete.csv,sv,0.0,False,original,186,stars,3,0.8658018393414711,other_issues,POSITIVE,0.9920346140861511,0.9920346140861511
always recharge making very easy in phone pe,5.0,Aian’s apple,2025-10-20T08:40:05-07:00,25.1003.00,app_store_reviews_complete.csv,en,0.5633333333333334,False,original,187,always recharge making very easy in phone pe,1,1.0,other_issues,POSITIVE,0.9645967483520508,0.9645967483520508
secure and easy payments.. very less failures,5.0,NayeemR22,2025-10-20T06:04:16-07:00,25.1003.00,app_store_reviews_complete.csv,en,0.2055555555555555,False,original,188,secure and easy payments very less failures,-1,0.24113966042917942,uncategorized,POSITIVE,0.9918206930160522,0.9918206930160522
nice,5.0,Sayan Mandal,2025-10-20T04:02:24-07:00,25.1003.00,app_store_reviews_complete.csv,pl,0.6,False,original,189,nice,0,1.0,other_issues,POSITIVE,0.9998552799224854,0.9998552799224854
great app for quick payments. but no rewards for big payments which is not good.,5.0,bkpand,2025-10-20T00:26:33-07:00,25.1003.00,app_store_reviews_complete.csv,en,0.1958333333333333,False,original,190,great app for quick payments but no rewards for big payments which is not good,2,0.4453412588716835,payment_issues,NEGATIVE,0.999434769153595,-0.999434769153595
phone pay and iphone making us fool . unable to use phone pay in iphone 6 . help me,1.0,hr happy,2025-10-20T00:12:54-07:00,25.0613.05,app_store_reviews_complete.csv,en,-0.5,False,original,191,phone pay and iphone making us fool unable to use phone pay in iphone help me,-1,0.5171139719277845,uncategorized,NEGATIVE,0.9991124272346497,-0.9991124272346497
what a good performance need more cashback,5.0,Shammmas rafeeque,2025-10-19T23:53:33-07:00,25.1003.00,app_store_reviews_complete.csv,en,0.6,False,original,192,what a good performance need more cashback,2,1.0,payment_issues,POSITIVE,0.9901108145713806,0.9901108145713806
good,5.0,Zikrul alam,2025-10-19T23:16:13-07:00,25.1003.00,app_store_reviews_complete.csv,so,0.7,False,original,193,good,0,0.3208097847194425,other_issues,POSITIVE,0.9998161196708679,0.9998161196708679
"simple use, all payments and transactions at one place, simply awesome … love you phonepe",5.0,Satya9933,2025-10-19T22:25:51-07:00,25.1003.00,app_store_reviews_complete.csv,en,0.5,False,original,194,simple use all payments and transactions at one place simply awesome love you phonepe,2,0.6166093680651316,payment_issues,POSITIVE,0.9998083710670471,0.9998083710670471
excellent for all payment purposes,5.0,Mangal11144,2025-10-19T16:53:05-07:00,25.1003.00,app_store_reviews_complete.csv,ca,1.0,False,original,195,excellent for all payment purposes,2,1.0,payment_issues,POSITIVE,0.99983811378479,0.99983811378479
it's not working in my phone my phone i phone 12 it's not downloaded in this app,1.0,marvel azu,2025-10-19T14:28:14-07:00,25.1003.00,app_store_reviews_complete.csv,en,0.0,False,original,196,its not working in my phone my phone i phone its not downloaded in this app,-1,0.17190286209829117,uncategorized,NEGATIVE,0.9996486902236938,-0.9996486902236938
this is worst payment application and leave this as soon as possible.,1.0,Arunvishwakarma__,2025-10-19T12:56:49-07:00,25.1003.00,app_store_reviews_complete.csv,en,-0.5,False,original,197,this is worst payment application and leave this as soon as possible,-1,0.4765449774695148,uncategorized,NEGATIVE,0.9997535347938538,-0.9997535347938538
very good,5.0,TOM SHIBU,2025-10-19T07:38:33-07:00,25.1003.00,app_store_reviews_complete.csv,af,0.91,False,original,198,very good,0,1.0,other_issues,POSITIVE,0.9998520612716675,0.9998520612716675
good,4.0,Nad@223,2025-10-19T04:58:42-07:00,25.1003.00,app_store_reviews_complete.csv,so,0.7,False,original,199,good,0,0.3403503841569616,other_issues,POSITIVE,0.9998161196708679,0.9998161196708679
great,5.0,Nadeem46,2025-10-19T01:20:29-07:00,25.1003.00,app_store_reviews_complete.csv,ro,0.8,False,original,200,great,0,1.0,other_issues,POSITIVE,0.9998630285263062,0.9998630285263062
good sevices,5.0,MKS@22,2025-10-19T01:08:02-07:00,25.1003.00,app_store_reviews_complete.csv,hr,0.7,False,original,201,good sevices,0,0.5515298781184981,other_issues,POSITIVE,0.9998425245285034,0.9998425245285034
perfect,5.0,Ashokkumar's,2025-10-18T23:53:40-07:00,25.1003.00,app_store_reviews_complete.csv,ca,1.0,False,original,202,perfect,0,1.0,other_issues,POSITIVE,0.9998517036437988,0.9998517036437988
worst upi app,1.0,Aaaaaaaaaakp,2025-10-18T23:27:33-07:00,25.1003.00,app_store_reviews_complete.csv,en,-1.0,False,original,203,worst upi app,1,0.501679159195167,other_issues,NEGATIVE,0.99978107213974,-0.99978107213974
"i was facing some issue while when i was open, app ui is freezing on opening",3.0,Chakri1314,2025-10-18T22:16:41-07:00,25.1003.00,app_store_reviews_complete.csv,en,0.0,False,original,204,i was facing some issue while when i was open app ui is freezing on opening,1,1.0,other_issues,NEGATIVE,0.9958296418190002,-0.9958296418190002
"when comparing g pay ( at least to me) appears to be more user friendly. this may well be due to the fact i have been using g pay services for quite some time, having said so i still rate g pay lay-out's etc are superior to phonepe . #evasree#",3.0,Evasree,2025-10-18T21:23:18-07:00,25.1003.00,app_store_reviews_complete.csv,en,0.2299999999999999,False,original,205,when comparing g pay at least to me appears to be more user friendly this may well be due to the fact i have been using g pay services for quite some time having said so i still rate g pay layouts etc are superior to phonepe evasree,2,0.5573652933741265,payment_issues,NEGATIVE,0.9970089793205261,-0.9970089793205261
rajpurohit,5.0,Kishanraj Balotra,2025-10-18T21:02:14-07:00,25.1003.00,app_store_reviews_complete.csv,sq,0.0,False,original,206,rajpurohit,-1,0.06799060433072861,uncategorized,POSITIVE,0.9477631449699402,0.9477631449699402
make a life very easy !!,5.0,shaz 😘,2025-10-18T20:32:09-07:00,25.1003.00,app_store_reviews_complete.csv,en,0.8802083333333334,False,original,207,make a life very easy,0,0.4440329433093009,other_issues,POSITIVE,0.998626708984375,0.998626708984375
we will not let you go down,5.0,Prakashk@king,2025-10-18T19:41:13-07:00,25.1003.00,app_store_reviews_complete.csv,pl,-0.1555555555555555,False,original,208,we will not let you go down,4,1.0,other_issues,POSITIVE,0.9960457682609558,0.9960457682609558
easy to transfer and receive money,3.0,Aryan Khan 786,2025-10-18T18:27:29-07:00,25.1003.00,app_store_reviews_complete.csv,en,0.4333333333333333,False,original,209,easy to transfer and receive money,2,1.0,payment_issues,POSITIVE,0.8216266632080078,0.8216266632080078
nice,5.0,Vkb bas,2025-10-18T09:14:56-07:00,25.1003.00,app_store_reviews_complete.csv,pl,0.6,False,original,210,nice,0,1.0,other_issues,POSITIVE,0.9998552799224854,0.9998552799224854
good,5.0,Ujhfgghhj,2025-10-18T07:56:52-07:00,25.1003.00,app_store_reviews_complete.csv,so,0.7,False,original,211,good,0,1.0,other_issues,POSITIVE,0.9998161196708679,0.9998161196708679
maja aa raha hai simple easy and fast,5.0,Zaki @50,2025-10-18T06:12:37-07:00,25.1003.00,app_store_reviews_complete.csv,et,0.2111111111111111,False,original,212,maja aa raha hai simple easy and fast,4,0.8150894534897121,other_issues,POSITIVE,0.9982253909111023,0.9982253909111023
super,5.0,Barad Harshad,2025-10-18T04:16:56-07:00,25.1003.00,app_store_reviews_complete.csv,ro,0.3333333333333333,False,original,213,super,0,1.0,other_issues,POSITIVE,0.998783528804779,0.998783528804779
this payment app is very grateful service i used this app last 4th year but my pay has even all payments successful !,5.0,Aksh510,2025-10-18T03:35:18-07:00,25.1003.00,app_store_reviews_complete.csv,en,0.3791666666666666,False,original,214,this payment app is very grateful service i used this app last th year but my pay has even all payments successful,-1,0.5293523453608977,uncategorized,POSITIVE,0.9641225934028625,0.9641225934028625
good luck,5.0,Bavnjibhia bariy,2025-10-18T02:12:28-07:00,25.1003.00,app_store_reviews_complete.csv,so,0.7,False,original,215,good luck,-1,0.4057664871381727,uncategorized,POSITIVE,0.9998250603675842,0.9998250603675842
good,5.0,vaghela kiran,2025-10-17T22:05:21-07:00,25.1003.00,app_store_reviews_complete.csv,so,0.7,False,original,216,good,0,1.0,other_issues,POSITIVE,0.9998161196708679,0.9998161196708679
very safe and secure app. love it,5.0,Vishesh pant,2025-10-17T21:51:40-07:00,25.1003.00,app_store_reviews_complete.csv,en,0.5166666666666667,False,original,217,very safe and secure app love it,1,1.0,other_issues,POSITIVE,0.9998786449432373,0.9998786449432373
it's really easier to make payments,5.0,Sij1985,2025-10-17T08:52:52-07:00,25.1003.00,app_store_reviews_complete.csv,en,0.2,False,original,218,its really easier to make payments,2,1.0,payment_issues,NEGATIVE,0.9893397688865662,-0.9893397688865662
no one can accept upi credit,1.0,Sharry7777,2025-10-17T05:52:09-07:00,25.1003.00,app_store_reviews_complete.csv,it,0.0,False,original,219,no one can accept upi credit,-1,0.33696481600824757,uncategorized,NEGATIVE,0.9995682835578918,-0.9995682835578918
outstanding,5.0,Bike service @,2025-10-17T04:50:36-07:00,25.1003.00,app_store_reviews_complete.csv,af,0.5,False,original,220,outstanding,0,1.0,other_issues,POSITIVE,0.9998557567596436,0.9998557567596436
interesting,5.0,Apsra je,2025-10-17T02:59:40-07:00,25.1003.00,app_store_reviews_complete.csv,en,0.5,False,original,221,interesting,0,1.0,other_issues,POSITIVE,0.9998446702957153,0.9998446702957153
nice app,5.0,Hemanth11,2025-10-16T22:44:51-07:00,25.0919.07,app_store_reviews_complete.csv,it,0.6,False,original,222,nice app,1,1.0,other_issues,POSITIVE,0.9998061060905457,0.9998061060905457
more platform fee,2.0,CCTV hi king,2025-10-16T19:40:45-07:00,25.0919.07,app_store_reviews_complete.csv,en,0.5,False,original,223,more platform fee,-1,0.30928022082845197,uncategorized,NEGATIVE,0.9664291739463806,-0.9664291739463806
super,5.0,Madiga manohar,2025-10-16T18:55:56-07:00,25.0919.07,app_store_reviews_complete.csv,ro,0.3333333333333333,False,original,224,super,0,1.0,other_issues,POSITIVE,0.998783528804779,0.998783528804779
good,5.0,Lalmidhun k,2025-10-16T12:36:23-07:00,25.0919.07,app_store_reviews_complete.csv,so,0.7,False,original,225,good,0,0.502558105922108,other_issues,POSITIVE,0.9998161196708679,0.9998161196708679
not experienced any kind of trouble while using the app these days. nice ui.,5.0,Reephat D,2025-10-16T10:31:10-07:00,25.0919.07,app_store_reviews_complete.csv,en,0.1499999999999999,False,original,226,not experienced any kind of trouble while using the app these days nice ui,-1,0.4041563756676544,uncategorized,POSITIVE,0.9805845022201538,0.9805845022201538
it's great,5.0,Vanshiiiiiiiiiiiiii,2025-10-16T10:02:57-07:00,25.0919.07,app_store_reviews_complete.csv,en,0.8,False,original,227,its great,0,1.0,other_issues,POSITIVE,0.9998691082000732,0.9998691082000732
indian app,5.0,@(e54,2025-10-16T09:57:31-07:00,25.0919.07,app_store_reviews_complete.csv,it,0.0,False,original,228,indian app,-1,0.23822594759332724,uncategorized,POSITIVE,0.9896514415740967,0.9896514415740967
very good service,5.0,Pappu Choubey,2025-10-16T05:47:59-07:00,25.0919.07,app_store_reviews_complete.csv,en,0.91,False,original,229,very good service,0,1.0,other_issues,POSITIVE,0.9998648166656494,0.9998648166656494
never ever stuck my money,5.0,ronystar13,2025-10-16T03:31:05-07:00,25.0919.07,app_store_reviews_complete.csv,no,0.0,False,original,230,never ever stuck my money,-1,0.4613732116210377,uncategorized,POSITIVE,0.9947422742843628,0.9947422742843628
effective product,4.0,Nikhillv95,2025-10-15T22:36:31-07:00,25.0919.07,app_store_reviews_complete.csv,en,0.6,False,original,231,effective product,-1,0.4693241304581534,uncategorized,POSITIVE,0.9998517036437988,0.9998517036437988
i have stopped using this app because of so many issues,2.0,15SMS,2025-10-15T21:16:25-07:00,25.0919.07,app_store_reviews_complete.csv,en,0.5,False,original,232,i have stopped using this app because of so many issues,-1,0.4027155631204688,uncategorized,NEGATIVE,0.9992081522941589,-0.9992081522941589
best shopping app,5.0,As aman,2025-10-15T21:00:52-07:00,25.0919.07,app_store_reviews_complete.csv,en,1.0,False,original,233,best shopping app,-1,0.3537478665513603,uncategorized,POSITIVE,0.9997983574867249,0.9997983574867249
good and very reliable,5.0,Fantastic and pure reliable,2025-10-15T20:31:33-07:00,25.0919.07,app_store_reviews_complete.csv,en,0.4499999999999999,False,original,234,good and very reliable,0,0.5171003629506241,other_issues,POSITIVE,0.9998607635498047,0.9998607635498047
good,5.0,Pankaj kumar good balu,2025-10-15T19:01:41-07:00,25.0919.07,app_store_reviews_complete.csv,so,0.7,False,original,235,good,0,0.38729636853298216,other_issues,POSITIVE,0.9998161196708679,0.9998161196708679
"i love phonepe, no other upi apps can ever match the interface. best upi ever!",5.0,Xar1963,2025-10-15T14:58:45-07:00,25.0919.07,app_store_reviews_complete.csv,en,0.5208333333333334,False,original,236,i love phonepe no other upi apps can ever match the interface best upi ever,1,1.0,other_issues,POSITIVE,0.9995883107185364,0.9995883107185364
best upi app good and easy to used interface,5.0,nanhansjjjs,2025-10-15T10:19:40-07:00,25.0919.07,app_store_reviews_complete.csv,en,0.7111111111111111,False,original,237,best upi app good and easy to used interface,1,0.9135059977599089,other_issues,POSITIVE,0.9990490078926086,0.9990490078926086
best app for payment,5.0,SAHIL MastNath,2025-10-15T08:45:46-07:00,25.0919.07,app_store_reviews_complete.csv,no,1.0,False,original,238,best app for payment,2,1.0,payment_issues,POSITIVE,0.9993067979812622,0.9993067979812622
"i've been using this app for ages now it was all fine until. there was an issue. i have been trying to highlight this issue for over a month now. for the first one week the tickets were not being registered. then on 1st oct a ticket was created and is still under ""being processed"" status and it's 15th oct.",1.0,Diablo@1235,2025-10-15T01:31:13-07:00,25.0919.07,app_store_reviews_complete.csv,en,0.3333333333333333,False,original,239,ive been using this app for ages now it was all fine until there was an issue i have been trying to highlight this issue for over a month now for the first one week the tickets were not being registered then on st oct a ticket was created and is still under being processed status and its th oct,-1,0.4500368835276181,uncategorized,NEGATIVE,0.990605890750885,-0.990605890750885
good,5.0,Vishhahah,2025-10-14T23:30:28-07:00,25.0919.07,app_store_reviews_complete.csv,so,0.7,False,original,240,good,0,0.6691578743526563,other_issues,POSITIVE,0.9998161196708679,0.9998161196708679
user friendly,5.0,Pikuukanam,2025-10-14T22:41:03-07:00,25.0919.07,app_store_reviews_complete.csv,da,0.375,False,original,241,user friendly,0,1.0,other_issues,POSITIVE,0.9775891304016113,0.9775891304016113
i switched device and login on other device and it ask for verification and send 4 text msgs all msgs were sent but then it says technical error what a stupidity,1.0,Anonymousmshb,2025-10-14T22:06:26-07:00,25.0919.07,app_store_reviews_complete.csv,en,-0.2416666666666666,False,original,242,i switched device and login on other device and it ask for verification and send text msgs all msgs were sent but then it says technical error what a stupidity,2,1.0,payment_issues,NEGATIVE,0.9997676014900208,-0.9997676014900208
i don't understand the concept of sending only 5000 at a time it's really annoying please make my account working like before,1.0,Hnnzla,2025-10-14T21:57:02-07:00,25.0919.07,app_store_reviews_complete.csv,en,-0.4,False,original,243,i dont understand the concept of sending only at a time its really annoying please make my account working like before,2,1.0,payment_issues,NEGATIVE,0.9991464614868164,-0.9991464614868164
very good i like and prefer others to use,5.0,Omshreee,2025-10-14T09:24:01-07:00,25.0919.07,app_store_reviews_complete.csv,en,0.91,False,original,244,very good i like and prefer others to use,0,0.23389858823035808,other_issues,POSITIVE,0.9998651742935181,0.9998651742935181
good,5.0,Pradeep chinni,2025-10-14T08:09:20-07:00,25.0919.07,app_store_reviews_complete.csv,so,0.7,False,original,245,good,0,0.24747914710852364,other_issues,POSITIVE,0.9998161196708679,0.9998161196708679
good,5.0,Manita manger,2025-10-14T05:03:18-07:00,25.0919.07,app_store_reviews_complete.csv,so,0.7,False,original,246,good,0,0.8988772712848645,other_issues,POSITIVE,0.9998161196708679,0.9998161196708679
switched to it from google pay really loving the speed and glitchless payments unlike gpay where automatic payment requests took even 24 hours to show even after updating app but here withins seconds,5.0,Hemloooooooo,2025-10-14T03:00:25-07:00,25.0919.07,app_store_reviews_complete.csv,en,0.6,False,original,247,switched to it from google pay really loving the speed and glitchless payments unlike gpay where automatic payment requests took even hours to show even after updating app but here withins seconds,2,0.35859849740778194,payment_issues,NEGATIVE,0.956092894077301,-0.956092894077301
amazing,5.0,Manju m g,2025-10-13T11:17:49-07:00,25.0919.06,app_store_reviews_complete.csv,sw,0.6000000000000001,False,original,248,amazing,-1,0.35514246199860955,uncategorized,POSITIVE,0.999875545501709,0.999875545501709
very nice,5.0,Nity Kishori,2025-10-13T10:13:26-07:00,25.0919.06,app_store_reviews_complete.csv,cs,0.78,False,original,249,very nice,0,1.0,other_issues,POSITIVE,0.9998563528060913,0.9998563528060913
ghatiya,1.0,Dc mehra,2025-10-13T08:45:10-07:00,25.0919.06,app_store_reviews_complete.csv,tl,0.0,False,original,250,ghatiya,4,1.0,other_issues,POSITIVE,0.9965241551399231,0.9965241551399231
earlier i use other upi apps like paytm but when i switch to this i never feel down by this app its gui interface and easy to use and understandable icons are good,5.0,Aryan chahar,2025-10-13T07:13:52-07:00,25.0919.06,app_store_reviews_complete.csv,en,0.1705555555555555,False,original,251,earlier i use other upi apps like paytm but when i switch to this i never feel down by this app its gui interface and easy to use and understandable icons are good,1,1.0,other_issues,POSITIVE,0.9916354417800903,0.9916354417800903
very good,4.0,pqkdkjdhdujxjdjsoaia,2025-10-13T02:21:15-07:00,25.0919.06,app_store_reviews_complete.csv,af,0.91,False,original,252,very good,0,1.0,other_issues,POSITIVE,0.9998520612716675,0.9998520612716675
good,5.0,GP1750,2025-10-12T23:23:15-07:00,25.0919.06,app_store_reviews_complete.csv,so,0.7,False,original,253,good,0,0.4092294391429924,other_issues,POSITIVE,0.9998161196708679,0.9998161196708679
good,5.0,gssony,2025-10-12T22:40:21-07:00,25.0919.06,app_store_reviews_complete.csv,so,0.7,False,original,254,good,0,0.4912227832548053,other_issues,POSITIVE,0.9998161196708679,0.9998161196708679
"pls help to correct the fault, want to scan through back camera only, not finding any way to register complain",1.0,Awwshish,2025-10-12T21:35:59-07:00,25.0919.06,app_store_reviews_complete.csv,en,0.0,False,original,255,pls help to correct the fault want to scan through back camera only not finding any way to register complain,-1,0.44112394062808147,uncategorized,NEGATIVE,0.9984363913536072,-0.9984363913536072
excellent,5.0,Naveen nannu,2025-10-12T19:53:33-07:00,25.0919.06,app_store_reviews_complete.csv,ca,1.0,False,original,256,excellent,0,1.0,other_issues,POSITIVE,0.9998434782028198,0.9998434782028198
5 star friend,5.0,Sona Dhaliwal,2025-10-12T16:12:51-07:00,25.0919.06,app_store_reviews_complete.csv,sv,0.0,False,original,257,star friend,3,0.8176221239184827,other_issues,POSITIVE,0.9996421337127686,0.9996421337127686
phonepe,5.0,Rokhda💲,2025-10-12T12:56:35-07:00,25.0919.06,app_store_reviews_complete.csv,en,0.0,False,original,258,phonepe,1,1.0,other_issues,NEGATIVE,0.989192545413971,-0.989192545413971
"is it common with everyone who is using older version of ios (15 or earlier) has to reinstall the app each time you make a payment. for me, once reinstalled the app works fine for multiple payments in one go, but once i close the app, the only way to make it work is to reinstall it. requesting phone pe team to visit this issue.",3.0,Vips201983,2025-10-12T07:28:26-07:00,25.0919.06,app_store_reviews_complete.csv,en,0.0472222222222222,False,original,259,is it common with everyone who is using older version of ios or earlier has to reinstall the app each time you make a payment for me once reinstalled the app works fine for multiple payments in one go but once i close the app the only way to make it work is to reinstall it requesting phone pe team to visit this issue,2,1.0,payment_issues,NEGATIVE,0.9992827773094177,-0.9992827773094177
i enjoyed to pay money in paytm its easy to pay the upi,5.0,Sweetyrizu186,2025-10-12T02:07:25-07:00,25.0919.06,app_store_reviews_complete.csv,en,0.4666666666666667,False,original,260,i enjoyed to pay money in paytm its easy to pay the upi,2,1.0,payment_issues,POSITIVE,0.9530104994773865,0.9530104994773865
9999,5.0,Samadhan bodkhe,2025-10-11T22:13:12-07:00,25.0919.06,app_store_reviews_complete.csv,unknown,0.0,False,original,261,,0,0.7901659179404118,other_issues,POSITIVE,0.9832563400268555,0.9832563400268555
very good idea,5.0,avtar brar pola,2025-10-11T21:54:58-07:00,25.0919.06,app_store_reviews_complete.csv,af,0.91,False,original,262,very good idea,-1,0.08937301432626288,uncategorized,POSITIVE,0.9998683929443359,0.9998683929443359
tmkc,1.0,harshit7711,2025-10-11T09:30:33-07:00,25.0919.06,app_store_reviews_complete.csv,sl,0.0,False,original,263,tmkc,0,0.30576948766543416,other_issues,NEGATIVE,0.9025932550430298,-0.9025932550430298
bad costumer service,1.0,Jahew,2025-10-11T05:39:53-07:00,25.0919.06,app_store_reviews_complete.csv,es,-0.6999999999999998,False,original,264,bad costumer service,0,0.4798138682593809,other_issues,NEGATIVE,0.9998047947883606,-0.9998047947883606
good service,5.0,Ketan chhatrola,2025-10-11T01:40:20-07:00,25.0919.06,app_store_reviews_complete.csv,hr,0.7,False,original,265,good service,0,0.8150286787578238,other_issues,POSITIVE,0.9998499155044556,0.9998499155044556
flawless upi system,5.0,Krishan Kr,2025-10-10T21:11:54-07:00,25.0919.06,app_store_reviews_complete.csv,sv,1.0,False,original,266,flawless upi system,1,0.13870494474813047,other_issues,POSITIVE,0.9998297691345215,0.9998297691345215
recharge,5.0,Tata recharge,2025-10-10T18:40:46-07:00,25.0919.06,app_store_reviews_complete.csv,en,0.0,False,original,267,recharge,1,0.6096537201626862,other_issues,POSITIVE,0.9994657635688782,0.9994657635688782
"there is a white screen coming when i try to open phonepe app, please fix this issue",3.0,maddystarpro,2025-10-10T12:02:02-07:00,25.0613.05,app_store_reviews_complete.csv,en,0.0,False,original,268,there is a white screen coming when i try to open phonepe app please fix this issue,-1,0.32567426084927686,uncategorized,NEGATIVE,0.9990575909614563,-0.9990575909614563
worrst app ever used in my life uninstalled right now,1.0,vishesh1213,2025-10-10T10:14:03-07:00,25.0919.06,app_store_reviews_complete.csv,en,0.2857142857142857,False,original,269,worrst app ever used in my life uninstalled right now,1,0.44306287748507195,other_issues,NEGATIVE,0.9948880076408386,-0.9948880076408386
waste adds,5.0,sgsankar,2025-10-10T08:35:22-07:00,25.0919.06,app_store_reviews_complete.csv,af,-0.2,False,original,270,waste adds,2,0.09084807708330553,payment_issues,NEGATIVE,0.9997236132621765,-0.9997236132621765
not useful for low network areas and transaction faliure problems are more,1.0,Prasanna chowdary,2025-10-10T07:37:22-07:00,25.0919.06,app_store_reviews_complete.csv,en,0.1166666666666666,False,original,271,not useful for low network areas and transaction faliure problems are more,2,1.0,payment_issues,NEGATIVE,0.9995265007019043,-0.9995265007019043
better,5.0,Bheemanath,2025-10-10T07:37:19-07:00,25.0919.06,app_store_reviews_complete.csv,no,0.5,False,original,272,better,-1,0.3730358944037035,uncategorized,POSITIVE,0.999264657497406,0.999264657497406
nice and safe aap.,5.0,bhupinderminhas,2025-10-10T07:14:12-07:00,25.0919.06,app_store_reviews_complete.csv,en,0.55,False,original,273,nice and safe aap,1,1.0,other_issues,POSITIVE,0.9998462200164795,0.9998462200164795
perfect,5.0,𝕤𝕒𝕘𝕒𝕣,2025-10-10T05:53:24-07:00,25.0919.06,app_store_reviews_complete.csv,ca,1.0,False,original,274,perfect,0,0.9062403612129802,other_issues,POSITIVE,0.9998517036437988,0.9998517036437988
please help to log in phone pay. i m trying so many time but not open,1.0,*PARV*,2025-10-10T02:27:46-07:00,25.0919.06,app_store_reviews_complete.csv,en,0.25,False,original,275,please help to log in phone pay i m trying so many time but not open,-1,0.5260832733249945,uncategorized,NEGATIVE,0.9986093044281006,-0.9986093044281006
very useful,5.0,D Sankar,2025-10-10T00:33:48-07:00,25.0919.06,app_store_reviews_complete.csv,en,0.39,False,original,276,very useful,-1,0.0636820511673502,uncategorized,POSITIVE,0.999798595905304,0.999798595905304
great app lots of cosmetic items,5.0,Ashifn,2025-10-09T23:13:12-07:00,25.0919.06,app_store_reviews_complete.csv,en,0.8,False,original,277,great app lots of cosmetic items,1,0.5837533960717606,other_issues,POSITIVE,0.9986710548400879,0.9986710548400879
"i made a payment, but it showed as ""processing"" and the amount was deducted. so, i made the payment again using another account. after two to three days, the earlier ""processing"" transaction was also marked as successful. i'm not sure what to do now, as there's no proper help option available for this issue.",1.0,Failedtransaction,2025-10-09T09:03:21-07:00,25.0919.06,app_store_reviews_complete.csv,en,0.1666666666666666,False,original,278,i made a payment but it showed as processing and the amount was deducted so i made the payment again using another account after two to three days the earlier processing transaction was also marked as successful im not sure what to do now as theres no proper help option available for this issue,2,1.0,payment_issues,NEGATIVE,0.9730187654495239,-0.9730187654495239
awesome,5.0,Mustafa patve,2025-10-09T08:55:38-07:00,25.0919.06,app_store_reviews_complete.csv,af,1.0,False,original,279,awesome,-1,0.08347039380404733,uncategorized,POSITIVE,0.9998682737350464,0.9998682737350464
great app,5.0,Montypks,2025-10-09T07:58:22-07:00,25.0919.06,app_store_reviews_complete.csv,en,0.8,False,original,280,great app,1,0.8302465514913241,other_issues,POSITIVE,0.999821126461029,0.999821126461029
after using all came to this only,5.0,Balram308,2025-10-09T06:05:24-07:00,25.0919.06,app_store_reviews_complete.csv,en,0.0,False,original,281,after using all came to this only,0,0.5149340497721516,other_issues,NEGATIVE,0.9954419136047363,-0.9954419136047363
mahabad,5.0,મારુતિ ડીજે,2025-10-09T05:26:02-07:00,25.0919.06,app_store_reviews_complete.csv,so,0.0,False,original,282,mahabad,-1,0.06610358781765238,uncategorized,POSITIVE,0.9763510227203369,0.9763510227203369
good saving,5.0,Prabh dang,2025-10-09T04:40:03-07:00,25.0919.06,app_store_reviews_complete.csv,hr,0.7,False,original,283,good saving,0,0.47262711723715967,other_issues,POSITIVE,0.9998476505279541,0.9998476505279541
love it,5.0,TUSH7272,2025-10-09T03:20:09-07:00,25.0919.06,app_store_reviews_complete.csv,sl,0.5,False,original,284,love it,0,1.0,other_issues,POSITIVE,0.9998753070831299,0.9998753070831299
great,5.0,Abhu panda,2025-10-09T01:43:17-07:00,25.0919.06,app_store_reviews_complete.csv,ro,0.8,False,original,285,great,0,1.0,other_issues,POSITIVE,0.9998630285263062,0.9998630285263062
excellent system!,5.0,Arjan M’Ratta!,2025-10-09T00:40:35-07:00,25.0919.06,app_store_reviews_complete.csv,fr,1.0,False,original,286,excellent system,0,0.6319010941172533,other_issues,POSITIVE,0.9998633861541748,0.9998633861541748
"please let us add caption in each payment. when we are tracking the monthly expenses we see random merchant names or just amazon, flipkart etc. it's a headache to track our expenditure. please give a caption option for each payment that also appears in the history.",3.0,MeticulouslyYours,2025-10-08T23:43:12-07:00,25.0919.06,app_store_reviews_complete.csv,en,-0.5,False,original,287,please let us add caption in each payment when we are tracking the monthly expenses we see random merchant names or just amazon flipkart etc its a headache to track our expenditure please give a caption option for each payment that also appears in the history,2,0.25866520542899435,payment_issues,NEGATIVE,0.9990645051002502,-0.9990645051002502
there are good number of store using pgonepe and one f the flexible payment options.,5.0,Go-pee,2025-10-08T21:35:03-07:00,25.0919.06,app_store_reviews_complete.csv,en,0.7,False,original,288,there are good number of store using pgonepe and one f the flexible payment options,2,0.6418971223012819,payment_issues,POSITIVE,0.9553738832473755,0.9553738832473755
super,5.0,Akhta..3002,2025-10-08T17:39:34-07:00,25.0919.06,app_store_reviews_complete.csv,ro,0.3333333333333333,False,original,289,super,0,1.0,other_issues,POSITIVE,0.998783528804779,0.998783528804779
new update is excellent,5.0,Iambornfire,2025-10-08T17:14:51-07:00,25.0919.06,app_store_reviews_complete.csv,en,0.5681818181818181,False,original,290,new update is excellent,0,0.5016407745168399,other_issues,POSITIVE,0.9998657703399658,0.9998657703399658
good,5.0,Akki#,2025-10-08T04:38:17-07:00,25.0919.06,app_store_reviews_complete.csv,so,0.7,False,original,291,good,0,1.0,other_issues,POSITIVE,0.9998161196708679,0.9998161196708679
phone pay is not proper work when i opened my phone pay than show white screen,1.0,GURUX__0001,2025-10-08T04:09:47-07:00,25.0613.05,app_store_reviews_complete.csv,en,0.0,False,original,292,phone pay is not proper work when i opened my phone pay than show white screen,2,0.6152473614447114,payment_issues,NEGATIVE,0.9996891021728516,-0.9996891021728516
must,5.0,bechan ji,2025-10-08T01:01:03-07:00,25.0919.06,app_store_reviews_complete.csv,et,0.0,False,original,293,must,-1,0.33227813790599287,uncategorized,POSITIVE,0.9950320720672607,0.9950320720672607
i had ordered to deliver my gold in physical but order is showing in progress from 5 days of placing order. no direct contact number to reach out. poor support.,1.0,Utkarsh111,2025-10-08T00:04:01-07:00,25.0919.06,app_store_reviews_complete.csv,en,-0.15,False,original,294,i had ordered to deliver my gold in physical but order is showing in progress from days of placing order no direct contact number to reach out poor support,2,0.5117201576833168,payment_issues,NEGATIVE,0.9996252059936523,-0.9996252059936523
very convenient and reliable apps for new users as well as experience,5.0,Dhanpat agrawal,2025-10-07T21:51:23-07:00,25.0919.06,app_store_reviews_complete.csv,en,0.1681818181818181,False,original,295,very convenient and reliable apps for new users as well as experience,-1,0.5016805765765945,uncategorized,POSITIVE,0.9992339611053467,0.9992339611053467
best upi app forever,5.0,Kailash 007,2025-10-07T19:15:12-07:00,25.0905.05,app_store_reviews_complete.csv,no,1.0,False,original,296,best upi app forever,1,1.0,other_issues,POSITIVE,0.9996111989021301,0.9996111989021301
very bad experience with phonepe. our account was deleted without any prior notice or information. this sudden action has completely stopped our transactions and caused serious inconvenience to our business. extremely disappointed with the lack of communication and accountability. urgent action is needed to resolve this issue.,1.0,Prince P J Singh,2025-10-07T08:42:13-07:00,25.0905.05,app_store_reviews_complete.csv,en,-0.2116666666666666,False,original,297,very bad experience with phonepe our account was deleted without any prior notice or information this sudden action has completely stopped our transactions and caused serious inconvenience to our business extremely disappointed with the lack of communication and accountability urgent action is needed to resolve this issue,-1,0.2152702579958554,uncategorized,NEGATIVE,0.9997511506080627,-0.9997511506080627
too fast,5.0,Malik S K,2025-10-07T08:14:43-07:00,25.0905.05,app_store_reviews_complete.csv,en,0.2,False,original,298,too fast,0,0.3836250241528156,other_issues,NEGATIVE,0.9991706609725952,-0.9991706609725952
for any enquiry or escalation only ive available,1.0,Ranjeet Kumar Sharma,2025-10-07T00:35:17-07:00,25.0905.05,app_store_reviews_complete.csv,en,0.2,False,original,299,for any enquiry or escalation only ive available,-1,0.27356792457574847,uncategorized,NEGATIVE,0.9969525337219238,-0.9969525337219238
not able to transfer more than 5 k,1.0,MSridevixyz,2025-10-06T23:01:23-07:00,25.0905.05,app_store_reviews_complete.csv,en,0.125,False,original,300,not able to transfer more than k,2,1.0,payment_issues,NEGATIVE,0.9995971322059631,-0.9995971322059631
good,5.0,fayazshaik,2025-10-06T22:43:14-07:00,25.0905.05,app_store_reviews_complete.csv,so,0.7,False,original,301,good,0,0.68389145710717,other_issues,POSITIVE,0.9998161196708679,0.9998161196708679
very easy to use,5.0,Appie_82,2025-10-06T07:43:01-07:00,25.0905.05,app_store_reviews_complete.csv,en,0.5633333333333334,False,original,302,very easy to use,0,1.0,other_issues,POSITIVE,0.9991422891616821,0.9991422891616821
nice payments,5.0,Avinashpandu,2025-10-06T07:34:12-07:00,25.0905.05,app_store_reviews_complete.csv,fr,0.6,False,original,303,nice payments,2,1.0,payment_issues,POSITIVE,0.9997480511665344,0.9997480511665344
phone pay used my privacy without my permission and paid 1019 rupees to google pay,1.0,Kb Ansari,2025-10-06T04:26:24-07:00,25.0905.05,app_store_reviews_complete.csv,en,0.0,False,original,304,phone pay used my privacy without my permission and paid rupees to google pay,-1,0.48891976049120717,uncategorized,NEGATIVE,0.9977051615715027,-0.9977051615715027
app not working properly on iphone 7 plus,1.0,Veeraswamy gouda141,2025-10-06T04:23:57-07:00,25.0613.05,app_store_reviews_complete.csv,en,0.0,False,original,305,app not working properly on iphone plus,-1,0.14326368422960695,uncategorized,NEGATIVE,0.9997802376747131,-0.9997802376747131
very slow and poor functioning app,1.0,Shank2198,2025-10-05T23:55:38-07:00,25.0905.05,app_store_reviews_complete.csv,en,-0.395,False,original,306,very slow and poor functioning app,-1,0.21781684025877818,uncategorized,NEGATIVE,0.9997851252555847,-0.9997851252555847
1177,5.0,gcigit,2025-10-05T23:10:55-07:00,25.0905.05,app_store_reviews_complete.csv,unknown,0.0,False,original,307,,0,0.6082785120835412,other_issues,POSITIVE,0.9333679676055908,0.9333679676055908
good forfarance,5.0,Swamy pbn,2025-10-05T22:08:58-07:00,25.0905.05,app_store_reviews_complete.csv,cy,0.7,False,original,308,good forfarance,-1,0.2761655111260803,uncategorized,POSITIVE,0.999747097492218,0.999747097492218
ezi h good like this app,5.0,Alisha mokhtar,2025-10-05T21:05:02-07:00,25.0905.05,app_store_reviews_complete.csv,nl,0.7,False,original,309,ezi h good like this app,-1,0.38712284250816154,uncategorized,POSITIVE,0.9990565180778503,0.9990565180778503
secure payment all types,5.0,Prakashsingh Chouhan,2025-10-05T20:09:06-07:00,25.0905.05,app_store_reviews_complete.csv,en,0.4,False,original,310,secure payment all types,-1,0.2404813065963575,uncategorized,POSITIVE,0.9951236844062805,0.9951236844062805
very fast operating these days keep it up,5.0,paras somaiya,2025-10-05T19:48:20-07:00,25.0905.05,app_store_reviews_complete.csv,en,0.26,False,original,311,very fast operating these days keep it up,0,0.360417389499659,other_issues,POSITIVE,0.9991661310195923,0.9991661310195923
best,5.0,Pankaj Kumar Mehta,2025-10-05T19:07:00-07:00,25.0905.05,app_store_reviews_complete.csv,af,1.0,False,original,312,best,0,1.0,other_issues,POSITIVE,0.9997941851615906,0.9997941851615906
by far the most easiest & comfortable user experience upi app,5.0,Patsav Academy,2025-10-05T11:16:23-07:00,25.0905.05,app_store_reviews_complete.csv,en,0.3333333333333333,False,original,313,by far the most easiest comfortable user experience upi app,1,0.7509479452834078,other_issues,POSITIVE,0.9982463121414185,0.9982463121414185
great app,4.0,Dinesh fc,2025-10-05T10:05:57-07:00,25.0905.05,app_store_reviews_complete.csv,en,0.8,False,original,314,great app,1,0.8065272594673067,other_issues,POSITIVE,0.999821126461029,0.999821126461029
worst,1.0,Dangi619,2025-10-05T07:38:27-07:00,25.0905.05,app_store_reviews_complete.csv,af,-1.0,False,original,315,worst,0,1.0,other_issues,NEGATIVE,0.9998016953468323,-0.9998016953468323
it's simply awesome,5.0,tammup,2025-10-05T06:47:16-07:00,25.0905.05,app_store_reviews_complete.csv,en,1.0,False,original,316,its simply awesome,0,1.0,other_issues,POSITIVE,0.9998708963394165,0.9998708963394165
very useful app for smooth transition,5.0,Gaurav-9764,2025-10-05T01:22:19-07:00,25.0905.05,app_store_reviews_complete.csv,en,0.395,False,original,317,very useful app for smooth transition,-1,0.322187006017959,uncategorized,POSITIVE,0.9974498152732849,0.9974498152732849
such a pathetic application. i had a worst experience with phonepe. i used to be a regular phonepe user and then i changed my phone and purchased a new phone and since then i am not able to use phone pe at all. it's giving me error and not even letting me add my bank accounts. i contacted their support and they are such useless people!!!! no resolution no response and they closed my ticket. so yes google pay is much better option and i am switching to that permanently,1.0,riyalaha,2025-10-05T00:45:12-07:00,25.0905.05,app_store_reviews_complete.csv,en,-0.2713636363636363,False,original,318,such a pathetic application i had a worst experience with phonepe i used to be a regular phonepe user and then i changed my phone and purchased a new phone and since then i am not able to use phone pe at all its giving me error and not even letting me add my bank accounts i contacted their support and they are such useless people no resolution no response and they closed my ticket so yes google pay is much better option and i am switching to that permanently,2,1.0,payment_issues,NEGATIVE,0.9997231364250183,-0.9997231364250183
"there're issues with gold autopay in my ios device. i am not able to see full history of autopay transactions. i could only see few of them. also on autopay history page, the transaction date time doesn't match with the ones that is on invoice. please fix this asap. as it's very much difficult to know when i did the actual transaction ‍‍",3.0,pybeast,2025-10-04T22:18:14-07:00,25.0905.05,app_store_reviews_complete.csv,en,-0.1,False,original,319,therere issues with gold autopay in my ios device i am not able to see full history of autopay transactions i could only see few of them also on autopay history page the transaction date time doesnt match with the ones that is on invoice please fix this asap as its very much difficult to know when i did the actual transaction,2,0.3485474819484437,payment_issues,NEGATIVE,0.9993742108345032,-0.9993742108345032
your stupidity to set app as default uninstalling app never install again,1.0,Sachin sac sac,2025-10-04T11:26:35-07:00,25.0905.05,app_store_reviews_complete.csv,en,-0.6,False,original,320,your stupidity to set app as default uninstalling app never install again,-1,0.20811371163209766,uncategorized,NEGATIVE,0.9992362260818481,-0.9992362260818481
please don't load wallet here. they will never give you the option for payment through wallet. also u can't load upi lite through wallet. beggars,2.0,Shailru,2025-10-04T09:12:27-07:00,25.0905.05,app_store_reviews_complete.csv,en,0.0,False,original,321,please dont load wallet here they will never give you the option for payment through wallet also u cant load upi lite through wallet beggars,2,0.6059113501630092,payment_issues,NEGATIVE,0.9983800649642944,-0.9983800649642944
very good,5.0,Ankushrao,2025-10-04T07:35:37-07:00,25.0905.05,app_store_reviews_complete.csv,af,0.91,False,original,322,very good,0,1.0,other_issues,POSITIVE,0.9998520612716675,0.9998520612716675
"dear developers, the phonepe app always works smother and better but the important feature missing is there should be option to clear chat or delete chat. at least clearing messages or deleting messages should be added in the future. if transactions are not able to delete that's fine but chat messages should be given option to clear those.",3.0,RahulRGowda,2025-10-04T06:57:00-07:00,25.0905.05,app_store_reviews_complete.csv,en,0.0851851851851851,False,original,323,dear developers the phonepe app always works smother and better but the important feature missing is there should be option to clear chat or delete chat at least clearing messages or deleting messages should be added in the future if transactions are not able to delete thats fine but chat messages should be given option to clear those,1,1.0,other_issues,NEGATIVE,0.9992884397506714,-0.9992884397506714
good,5.0,Sahil1171,2025-10-04T06:37:10-07:00,25.0905.05,app_store_reviews_complete.csv,so,0.7,False,original,324,good,0,0.4558129245474656,other_issues,POSITIVE,0.9998161196708679,0.9998161196708679
working well,5.0,Prusty Kailash,2025-10-04T04:24:21-07:00,25.0905.05,app_store_reviews_complete.csv,af,0.0,False,original,325,working well,0,1.0,other_issues,POSITIVE,0.9998229146003723,0.9998229146003723
very very fast,5.0,ankit.timbadia,2025-10-04T01:07:24-07:00,25.0905.05,app_store_reviews_complete.csv,en,0.26,False,original,326,very very fast,0,1.0,other_issues,POSITIVE,0.999480664730072,0.999480664730072
after scanning any qr and selecting bank account to proceed the page stucks at loading section same issue with upi request,1.0,rahulzuse,2025-10-04T00:29:05-07:00,25.0905.05,app_store_reviews_complete.csv,en,0.0,False,original,327,after scanning any qr and selecting bank account to proceed the page stucks at loading section same issue with upi request,2,1.0,payment_issues,NEGATIVE,0.9969802498817444,-0.9969802498817444
remove adds,5.0,dr.rahul0987,2025-10-03T20:33:55-07:00,25.0905.05,app_store_reviews_complete.csv,sl,0.0,False,original,328,remove adds,2,0.14976240030484014,payment_issues,NEGATIVE,0.9965941309928894,-0.9965941309928894
it's been more than 70 hours but still i can't make payments in my new iphone and not able to connect to customer care,1.0,Reddy-666,2025-10-03T12:45:11-07:00,25.0905.05,app_store_reviews_complete.csv,en,0.1287878787878787,False,original,329,its been more than hours but still i cant make payments in my new iphone and not able to connect to customer care,-1,0.5380277112796739,uncategorized,NEGATIVE,0.9995037317276001,-0.9995037317276001
this is a beautifully designed app,5.0,Tonhi11,2025-10-03T09:36:32-07:00,25.0905.05,app_store_reviews_complete.csv,en,0.85,False,original,330,this is a beautifully designed app,1,0.59890647065304,other_issues,POSITIVE,0.99985671043396,0.99985671043396
"my account keeps getting logged out and does not login now. worst payment app. says kyc pending, what kyc man? i am using other payment apps, and also i have done this once now happened again twice in a week. now when i click contact support, error 404 not found. deleting this app for ever.",1.0,Satwik sinha,2025-10-03T00:52:32-07:00,25.0905.05,app_store_reviews_complete.csv,en,-0.5625,False,original,331,my account keeps getting logged out and does not login now worst payment app says kyc pending what kyc man i am using other payment apps and also i have done this once now happened again twice in a week now when i click contact support error not found deleting this app for ever,-1,0.28511724509679137,uncategorized,NEGATIVE,0.9986743927001953,-0.9986743927001953
very good,5.0,dpshori,2025-10-02T21:37:05-07:00,25.0905.05,app_store_reviews_complete.csv,af,0.91,False,original,332,very good,0,0.7653574563717505,other_issues,POSITIVE,0.9998520612716675,0.9998520612716675
good,5.0,Pedestal ku,2025-10-02T21:13:23-07:00,25.0905.05,app_store_reviews_complete.csv,so,0.7,False,original,333,good,0,0.29457675970824443,other_issues,POSITIVE,0.9998161196708679,0.9998161196708679
very good,5.0,LokeshRaghav,2025-10-02T21:09:45-07:00,25.0905.05,app_store_reviews_complete.csv,af,0.91,False,original,334,very good,0,1.0,other_issues,POSITIVE,0.9998520612716675,0.9998520612716675
"no glitches, no errors, no worries",5.0,Chetan_Bandge,2025-10-02T20:51:39-07:00,25.0905.05,app_store_reviews_complete.csv,en,0.0,False,original,335,no glitches no errors no worries,-1,0.16485636238579812,uncategorized,POSITIVE,0.7198056578636169,0.7198056578636169
hassle free transfer,5.0,Varma Rajesh,2025-10-02T11:57:14-07:00,25.0905.05,app_store_reviews_complete.csv,no,0.4,False,original,336,hassle free transfer,2,1.0,payment_issues,NEGATIVE,0.9774752855300903,-0.9774752855300903
"i want to highlight the bug, i have added qr scanner widget on my ios device's lockscreen. it doesn't open the camera ui, instead it get stuck at white background . pls rectify thisissue",1.0,NoSupport001,2025-10-02T11:09:42-07:00,25.0905.05,app_store_reviews_complete.csv,en,0.0,False,original,337,i want to highlight the bug i have added qr scanner widget on my ios devices lockscreen it doesnt open the camera ui instead it get stuck at white background pls rectify thisissue,-1,0.21324283478332448,uncategorized,NEGATIVE,0.9989790916442871,-0.9989790916442871
very slow,5.0,drshivchoudhary,2025-10-02T08:51:09-07:00,25.0905.05,app_store_reviews_complete.csv,cs,-0.39,False,original,338,very slow,0,1.0,other_issues,NEGATIVE,0.9997065663337708,-0.9997065663337708
super app,5.0,RatnaPaul,2025-10-02T08:02:19-07:00,25.0905.05,app_store_reviews_complete.csv,fr,0.3333333333333333,False,original,339,super app,-1,0.5274002947793988,uncategorized,POSITIVE,0.9932268261909485,0.9932268261909485
phone pe very good,5.0,Lakshya Sahu,2025-10-02T07:26:44-07:00,25.0905.05,app_store_reviews_complete.csv,en,0.91,False,original,340,phone pe very good,1,1.0,other_issues,POSITIVE,0.999175488948822,0.999175488948822
fooling customers by using dark patterns to generate revenue,1.0,Damnmakethisoptional,2025-10-02T07:26:00-07:00,25.0905.05,app_store_reviews_complete.csv,en,-0.15,False,original,341,fooling customers by using dark patterns to generate revenue,-1,0.1595634073398543,uncategorized,NEGATIVE,0.9994924068450928,-0.9994924068450928
liked it for upi transactions,5.0,Mayur_marq,2025-10-02T06:43:29-07:00,25.0905.05,app_store_reviews_complete.csv,en,0.6,False,original,342,liked it for upi transactions,2,0.2909020553621795,payment_issues,POSITIVE,0.9986602067947388,0.9986602067947388
after a phone reset my phonepe is not working and i am not able to pause / delete my autopay. because of this i am losing money every week. their customer care is hopeless. they have no clue change resolution date one after another that's what they do.,1.0,Chith k,2025-10-02T01:23:44-07:00,25.0905.05,app_store_reviews_complete.csv,en,-0.25,False,original,343,after a phone reset my phonepe is not working and i am not able to pause delete my autopay because of this i am losing money every week their customer care is hopeless they have no clue change resolution date one after another thats what they do,-1,0.20118070632414978,uncategorized,NEGATIVE,0.999797523021698,-0.999797523021698
"not able to see the option to turn off notifications related to promotions, i don't see any option to stop notifications what the hell is wrong with this app ?",1.0,Wisestfly1192,2025-10-02T00:41:59-07:00,25.0905.05,app_store_reviews_complete.csv,en,-0.25,False,original,344,not able to see the option to turn off notifications related to promotions i dont see any option to stop notifications what the hell is wrong with this app,1,1.0,other_issues,NEGATIVE,0.9990832805633545,-0.9990832805633545
after i have scan a qr code information not fast loading,3.0,QR code scan problem,2025-10-01T08:20:56-07:00,25.0905.05,app_store_reviews_complete.csv,en,-0.1,False,original,345,after i have scan a qr code information not fast loading,2,0.6380549548068444,payment_issues,NEGATIVE,0.994723916053772,-0.994723916053772
awesome and good service,5.0,Adv Tanmay,2025-10-01T07:49:06-07:00,25.0905.05,app_store_reviews_complete.csv,en,0.85,False,original,346,awesome and good service,0,1.0,other_issues,POSITIVE,0.9998774528503418,0.9998774528503418
gold savings and balance check window is not loading at all started facing these issue since oct 1st 2026,3.0,Ashu Sonone,2025-10-01T05:12:26-07:00,25.0905.05,app_store_reviews_complete.csv,en,0.0,False,original,347,gold savings and balance check window is not loading at all started facing these issue since oct st,2,0.6405104858591375,payment_issues,NEGATIVE,0.9682998061180115,-0.9682998061180115
goood,5.0,Shabu fatha,2025-10-01T00:27:21-07:00,25.0905.05,app_store_reviews_complete.csv,so,0.0,False,original,348,goood,0,0.06136760908490863,other_issues,NEGATIVE,0.9943867921829224,-0.9943867921829224
world best app good working,5.0,JAGDISHSINH VAGHELA,2025-09-30T22:22:33-07:00,25.0905.05,app_store_reviews_complete.csv,af,0.85,False,original,349,world best app good working,1,0.5530726490380481,other_issues,POSITIVE,0.9997887015342712,0.9997887015342712
u r taking too much charges,1.0,srk0425,2025-09-30T22:15:02-07:00,25.0905.05,app_store_reviews_complete.csv,en,0.2,False,original,350,u r taking too much charges,-1,0.21714316759368085,uncategorized,NEGATIVE,0.9991457462310791,-0.9991457462310791
very safe and secure app,5.0,Phone Pay App,2025-09-30T19:19:18-07:00,25.0905.05,app_store_reviews_complete.csv,en,0.525,False,original,351,very safe and secure app,1,0.7680411781278051,other_issues,POSITIVE,0.9997236132621765,0.9997236132621765
"pohnpei is the largest online payment app in india, but it has lots up accessibility issues such as unlevel buttons and label graphics. bottom of the menus are not labeled so kindly make it accessible for voiceover users.",1.0,Tikaram mahto,2025-09-30T18:35:35-07:00,25.0905.05,app_store_reviews_complete.csv,en,0.325,False,original,352,pohnpei is the largest online payment app in india but it has lots up accessibility issues such as unlevel buttons and label graphics bottom of the menus are not labeled so kindly make it accessible for voiceover users,2,1.0,payment_issues,NEGATIVE,0.9953330159187317,-0.9953330159187317
best app for upi,5.0,Usman choksi,2025-09-30T11:14:38-07:00,25.0905.05,app_store_reviews_complete.csv,no,1.0,False,original,353,best app for upi,1,1.0,other_issues,POSITIVE,0.9993640780448914,0.9993640780448914
"""the phonepe app is excellent, but it would be even better if a voice alert feature for receiving money was available for regular users, similar to what merchants have. this would enhance convenience and ensure users don't miss any transactions.""",5.0,Shanteshwar,2025-09-30T10:55:44-07:00,25.0905.05,app_store_reviews_complete.csv,en,0.38,False,original,354,the phonepe app is excellent but it would be even better if a voice alert feature for receiving money was available for regular users similar to what merchants have this would enhance convenience and ensure users dont miss any transactions,-1,0.4186788348342996,uncategorized,POSITIVE,0.9518986940383911,0.9518986940383911
when i check my balance it always showing 10k additional balance !,3.0,Ranjith ppm,2025-09-30T09:33:48-07:00,25.0905.05,app_store_reviews_complete.csv,en,0.0,False,original,355,when i check my balance it always showing k additional balance,-1,0.5499866732965819,uncategorized,NEGATIVE,0.982758104801178,-0.982758104801178
good service,5.0,kiran j patel,2025-09-30T05:33:47-07:00,25.0905.05,app_store_reviews_complete.csv,hr,0.7,False,original,356,good service,0,0.8217481157923179,other_issues,POSITIVE,0.9998499155044556,0.9998499155044556
good fast accurate easy to send and receive money,5.0,Nothing less,2025-09-30T04:46:26-07:00,25.0905.05,app_store_reviews_complete.csv,en,0.4333333333333333,False,original,357,good fast accurate easy to send and receive money,-1,0.20430755532050737,uncategorized,POSITIVE,0.99980229139328,0.99980229139328
from last month i'm not able to make any type of upi payment it's saying that on the time of verification of device it displays update your device to ios 17. from last 2.5 years i'm using phonepe but at that time there were no issue but now i'm not able to use the upi payment can you help me out with it.,2.0,Karthik .M.K,2025-09-30T03:45:26-07:00,25.0905.05,app_store_reviews_complete.csv,en,-0.125,False,original,358,from last month im not able to make any type of upi payment its saying that on the time of verification of device it displays update your device to ios from last years im using phonepe but at that time there were no issue but now im not able to use the upi payment can you help me out with it,2,1.0,payment_issues,NEGATIVE,0.9975550770759583,-0.9975550770759583
good work,5.0,Zhatur pakshi,2025-09-30T03:33:58-07:00,25.0905.05,app_store_reviews_complete.csv,af,0.7,False,original,359,good work,-1,0.31711353637986794,uncategorized,POSITIVE,0.9998413324356079,0.9998413324356079
not connecting,3.0,sandesh adhav,2025-09-30T02:44:11-07:00,25.0905.05,app_store_reviews_complete.csv,fr,0.0,False,original,360,not connecting,-1,0.1917352347326318,uncategorized,NEGATIVE,0.9997803568840027,-0.9997803568840027
good,5.0,Divyesh y,2025-09-30T02:12:13-07:00,25.0905.05,app_store_reviews_complete.csv,so,0.7,False,original,361,good,0,0.6052028544570507,other_issues,POSITIVE,0.9998161196708679,0.9998161196708679
unable to receive otp,2.0,चमेली,2025-09-30T01:11:47-07:00,25.0905.05,app_store_reviews_complete.csv,es,-0.5,False,original,362,unable to receive otp,-1,0.5106820689327258,uncategorized,NEGATIVE,0.9993866682052612,-0.9993866682052612
working very nice,5.0,Advocate tyagi ji,2025-09-30T00:40:48-07:00,25.0905.05,app_store_reviews_complete.csv,af,0.78,False,original,363,working very nice,0,1.0,other_issues,POSITIVE,0.9998613595962524,0.9998613595962524
good,5.0,uma chintala,2025-09-29T20:43:38-07:00,25.0905.05,app_store_reviews_complete.csv,so,0.7,False,original,364,good,0,0.23131442146626338,other_issues,POSITIVE,0.9998161196708679,0.9998161196708679
very,5.0,V3_store_,2025-09-29T18:34:25-07:00,25.0905.05,app_store_reviews_complete.csv,af,0.2,False,original,365,very,0,0.6631374430337101,other_issues,POSITIVE,0.9928560256958008,0.9928560256958008
amazing,5.0,Abhi0492,2025-09-29T18:32:20-07:00,25.0905.05,app_store_reviews_complete.csv,sw,0.6000000000000001,False,original,366,amazing,-1,0.3510420118066509,uncategorized,POSITIVE,0.999875545501709,0.999875545501709
from august i can't reset my account pin . otp sent to my number but when i put otp in the application show incorrect. i write complaint in bank but not resolved this . facing to much issue pls help,1.0,Sarpanchsiya,2025-09-29T11:20:45-07:00,25.0905.05,app_store_reviews_complete.csv,en,-0.0499999999999999,False,original,367,from august i cant reset my account pin otp sent to my number but when i put otp in the application show incorrect i write complaint in bank but not resolved this facing to much issue pls help,2,0.6003504165894158,payment_issues,NEGATIVE,0.997093677520752,-0.997093677520752
please add rent payment,5.0,saisweety,2025-09-29T10:17:09-07:00,25.0905.05,app_store_reviews_complete.csv,en,0.0,False,original,368,please add rent payment,2,1.0,payment_issues,POSITIVE,0.7892948389053345,0.7892948389053345
worst experience. autopay's are unable to delete.,1.0,Jetesh Moudgil,2025-09-29T09:36:57-07:00,25.0905.05,app_store_reviews_complete.csv,en,-0.75,False,original,369,worst experience autopays are unable to delete,2,0.8687029270161573,payment_issues,NEGATIVE,0.9991782307624817,-0.9991782307624817
dont add text or links while sharing payment receipts,1.0,awesomeasad07,2025-09-29T08:58:59-07:00,25.0905.05,app_store_reviews_complete.csv,en,0.0,False,original,370,dont add text or links while sharing payment receipts,2,0.5223907214295187,payment_issues,NEGATIVE,0.9989129304885864,-0.9989129304885864
there is no any benefit from phone pay i use to do minimum 10 to 12 transaction from pp app,1.0,Vasudendra,2025-09-29T08:37:37-07:00,25.0905.05,app_store_reviews_complete.csv,en,0.0,False,original,371,there is no any benefit from phone pay i use to do minimum to transaction from pp app,2,0.5887151703221871,payment_issues,NEGATIVE,0.9995282888412476,-0.9995282888412476
self transfer is taking more time to credit it's debit on time and to credit to another account it's taking more time so so if you need to do urgent transfer then i should not suggest.,1.0,Mihir Oza,2025-09-29T05:50:40-07:00,25.0905.05,app_store_reviews_complete.csv,en,0.5,False,original,372,self transfer is taking more time to credit its debit on time and to credit to another account its taking more time so so if you need to do urgent transfer then i should not suggest,2,1.0,payment_issues,NEGATIVE,0.9992425441741943,-0.9992425441741943
fully developed app,5.0,Sudha1967,2025-09-29T02:57:13-07:00,25.0905.05,app_store_reviews_complete.csv,en,0.1,False,original,373,fully developed app,1,0.6390036269953415,other_issues,POSITIVE,0.9995692372322083,0.9995692372322083
awesome,5.0,rajesh cherry,2025-09-28T12:43:33-07:00,25.0905.05,app_store_reviews_complete.csv,af,1.0,False,original,374,awesome,-1,0.07986164442700502,uncategorized,POSITIVE,0.9998682737350464,0.9998682737350464
it's very bad to give permission for auto pay it's our choise,1.0,haroon19k,2025-09-28T11:39:09-07:00,25.0905.05,app_store_reviews_complete.csv,en,-0.9099999999999998,False,original,375,its very bad to give permission for auto pay its our choise,2,1.0,payment_issues,NEGATIVE,0.9997647404670715,-0.9997647404670715
after update phonepe is still slow in update the transfers,2.0,Bharath 88,2025-09-28T09:19:33-07:00,25.0905.05,app_store_reviews_complete.csv,en,-0.3,False,original,376,after update phonepe is still slow in update the transfers,-1,0.19423118028237465,uncategorized,NEGATIVE,0.998178243637085,-0.998178243637085
"after 23 days with 5 resolution date extension, phonepe is denying eligible offer benefits. this is even sharing offer screenshots received via push notifications and inapp communication. highly uneithical malpractices.",1.0,Dpb700,2025-09-28T03:16:04-07:00,25.0905.05,app_store_reviews_complete.csv,en,0.16,False,original,377,after days with resolution date extension phonepe is denying eligible offer benefits this is even sharing offer screenshots received via push notifications and inapp communication highly uneithical malpractices,2,0.6906721045847948,payment_issues,NEGATIVE,0.9991449117660522,-0.9991449117660522
exallent,5.0,Babu@@,2025-09-28T00:54:12-07:00,25.0905.05,app_store_reviews_complete.csv,ca,0.0,False,original,378,exallent,-1,0.27621245046588194,uncategorized,NEGATIVE,0.9765806198120117,-0.9765806198120117
we lost so much cause of no proper msg and calls from receivers bank cause once we send the money but it showing transaction pending for us as receivers received the money but they say it will reflect to your bank again we will paying cause off the bank issues the receivers bank is getting double payments like this we lost so much money,5.0,Aandal✌️,2025-09-28T00:35:10-07:00,25.0905.05,app_store_reviews_complete.csv,en,0.1,False,original,379,we lost so much cause of no proper msg and calls from receivers bank cause once we send the money but it showing transaction pending for us as receivers received the money but they say it will reflect to your bank again we will paying cause off the bank issues the receivers bank is getting double payments like this we lost so much money,2,1.0,payment_issues,NEGATIVE,0.9991777539253235,-0.9991777539253235
please make suitable adjustments so that app can be supported on ios earlier than 16,1.0,abhisura,2025-09-27T03:34:31-07:00,25.0613.05,app_store_reviews_complete.csv,en,0.275,False,original,380,please make suitable adjustments so that app can be supported on ios earlier than,-1,0.24510726411052686,uncategorized,NEGATIVE,0.5606866478919983,-0.5606866478919983
good worker,5.0,Nabu Thakur,2025-09-27T03:18:36-07:00,25.0905.05,app_store_reviews_complete.csv,af,0.7,False,original,381,good worker,0,1.0,other_issues,POSITIVE,0.9998489618301392,0.9998489618301392
"too much advertisements and unwanted notifications. i have to black all notifications, because of this.",2.0,Suma Bennur,2025-09-27T00:12:15-07:00,25.0905.05,app_store_reviews_complete.csv,en,0.0166666666666666,False,original,382,too much advertisements and unwanted notifications i have to black all notifications because of this,-1,0.2569482310859042,uncategorized,NEGATIVE,0.9998118281364441,-0.9998118281364441
india leading the world through phonepay. lightning fast transactions in a simple way . power of upi,5.0,kotipalli sudhirkumar,2025-09-26T08:30:43-07:00,25.0905.05,app_store_reviews_complete.csv,en,0.1,False,original,383,india leading the world through phonepay lightning fast transactions in a simple way power of upi,4,0.5082499151722529,other_issues,POSITIVE,0.9991216063499451,0.9991216063499451
excellent,5.0,Kanchan Sriram,2025-09-26T07:37:54-07:00,25.0905.05,app_store_reviews_complete.csv,ca,1.0,False,original,384,excellent,0,0.8049378692829264,other_issues,POSITIVE,0.9998434782028198,0.9998434782028198
"phonepe applies very high charges for mobile recharges, especially when using a credit card.",1.0,Akhilesh VV,2025-09-26T06:42:15-07:00,25.0905.05,app_store_reviews_complete.csv,en,0.104,False,original,385,phonepe applies very high charges for mobile recharges especially when using a credit card,1,1.0,other_issues,NEGATIVE,0.8758772015571594,-0.8758772015571594
"not happy with the current payment method, earlier payment method was good. i was able to use cards or rupay upi",1.0,Shantharaju D,2025-09-26T04:18:23-07:00,25.0905.05,app_store_reviews_complete.csv,en,0.1599999999999999,False,original,386,not happy with the current payment method earlier payment method was good i was able to use cards or rupay upi,2,0.2804278690149728,payment_issues,POSITIVE,0.9829781651496887,0.9829781651496887
how can you not support a csv statement download? such an inconvenience for users. only pdf statements are available.,1.0,Prajwal Suhas P,2025-09-26T00:09:05-07:00,25.0905.05,app_store_reviews_complete.csv,en,0.1333333333333333,False,original,387,how can you not support a csv statement download such an inconvenience for users only pdf statements are available,-1,0.035174143473846835,uncategorized,NEGATIVE,0.9996355772018433,-0.9996355772018433
"good app for transaction, i using since 2018 .",5.0,Bhusshann,2025-09-25T23:15:31-07:00,25.0905.05,app_store_reviews_complete.csv,en,0.7,False,original,388,good app for transaction i using since,2,1.0,payment_issues,POSITIVE,0.9993366599082947,0.9993366599082947
good,5.0,Sunil sethy,2025-09-25T23:08:31-07:00,25.0905.05,app_store_reviews_complete.csv,so,0.7,False,original,389,good,0,0.8856949727607256,other_issues,POSITIVE,0.9998161196708679,0.9998161196708679
i have enter the correct password but upi pin in incorrected what i am do and whom i contact them,1.0,Eat-healthy,2025-09-25T21:00:09-07:00,25.0905.05,app_store_reviews_complete.csv,en,0.0,False,original,390,i have enter the correct password but upi pin in incorrected what i am do and whom i contact them,2,0.5976194055117434,payment_issues,NEGATIVE,0.995897650718689,-0.995897650718689
mere paise kat gaye auto pay ho gaye ab paise kon meri mehnat ki kamai thi phone pay ka jo bi malik ha mere 500 rupay de dena bs,1.0,Raghuwan,2025-09-25T11:32:25-07:00,25.0905.05,app_store_reviews_complete.csv,id,-0.5,False,original,391,mere paise kat gaye auto pay ho gaye ab paise kon meri mehnat ki kamai thi phone pay ka jo bi malik ha mere rupay de dena bs,-1,0.09884096359570009,uncategorized,NEGATIVE,0.9982041120529175,-0.9982041120529175
rent payment remove,1.0,sabir 007,2025-09-25T09:45:41-07:00,25.0905.05,app_store_reviews_complete.csv,fr,0.0,False,original,392,rent payment remove,2,1.0,payment_issues,NEGATIVE,0.9983258843421936,-0.9983258843421936
i always use this app,5.0,Shergill8822,2025-09-25T09:35:15-07:00,25.0905.05,app_store_reviews_complete.csv,en,0.0,False,original,393,i always use this app,1,0.45787017558741155,other_issues,POSITIVE,0.9907970428466797,0.9907970428466797
very good,5.0,Richungactg,2025-09-25T08:43:55-07:00,25.0905.05,app_store_reviews_complete.csv,af,0.91,False,original,394,very good,0,0.8015703793881142,other_issues,POSITIVE,0.9998520612716675,0.9998520612716675
i have face problem with phonepe scan. open scan camera and camera automatically scan front side my face . whats the problem yaar. should be scan rear camera scanner. bug fixes and solve my problem. thanks,5.0,Ramesh Suthar Chaba,2025-09-25T08:39:54-07:00,25.0905.05,app_store_reviews_complete.csv,en,0.1,False,original,395,i have face problem with phonepe scan open scan camera and camera automatically scan front side my face whats the problem yaar should be scan rear camera scanner bug fixes and solve my problem thanks,-1,0.44605082639743127,uncategorized,NEGATIVE,0.9971796274185181,-0.9971796274185181
5 rupes extra on a transaction,1.0,Deepaklmd,2025-09-25T07:20:52-07:00,25.0905.05,app_store_reviews_complete.csv,fr,0.0,False,original,396,rupes extra on a transaction,2,0.570475895015562,payment_issues,NEGATIVE,0.9929815530776978,-0.9929815530776978
not supporting,1.0,10220202,2025-09-25T04:59:48-07:00,25.0905.00,app_store_reviews_complete.csv,it,-0.125,False,original,397,not supporting,-1,0.12290263693916148,uncategorized,NEGATIVE,0.9997703433036804,-0.9997703433036804
"i am not receiving any notifications when i receive payments on phonepe. this is a very frustrating thing, and if it's not fixed soon, i may have to switch to another app.",2.0,virusknock,2025-09-25T02:48:10-07:00,25.0905.00,app_store_reviews_complete.csv,en,-0.285,False,original,398,i am not receiving any notifications when i receive payments on phonepe this is a very frustrating thing and if its not fixed soon i may have to switch to another app,1,0.41875645885480156,other_issues,NEGATIVE,0.9993942975997925,-0.9993942975997925
good service i really like it thank you,5.0,Ready bby,2025-09-25T00:39:29-07:00,25.0905.00,app_store_reviews_complete.csv,en,0.4499999999999999,False,original,399,good service i really like it thank you,0,1.0,other_issues,POSITIVE,0.9998732805252075,0.9998732805252075
for opening application taking too long time and money send not showing in history,1.0,Uyfurfh,2025-09-24T23:17:31-07:00,25.0905.00,app_store_reviews_complete.csv,en,-0.05,False,original,400,for opening application taking too long time and money send not showing in history,-1,0.33506729331759627,uncategorized,NEGATIVE,0.9992750287055969,-0.9992750287055969
very good app,5.0,Mana bank,2025-09-24T23:13:24-07:00,25.0905.00,app_store_reviews_complete.csv,en,0.91,False,original,401,very good app,1,1.0,other_issues,POSITIVE,0.9998675584793091,0.9998675584793091
awesome speedy transactions,5.0,Vineethvincentk,2025-09-24T18:15:00-07:00,25.0905.00,app_store_reviews_complete.csv,en,1.0,False,original,402,awesome speedy transactions,2,1.0,payment_issues,POSITIVE,0.9996516704559326,0.9996516704559326
super,5.0,Hungry star,2025-09-24T07:44:46-07:00,25.0905.00,app_store_reviews_complete.csv,ro,0.3333333333333333,False,original,403,super,0,1.0,other_issues,POSITIVE,0.998783528804779,0.998783528804779
bhai,1.0,Vikku Perwal,2025-09-24T07:32:41-07:00,25.0905.00,app_store_reviews_complete.csv,cy,0.0,False,original,404,bhai,4,0.905996705050723,other_issues,POSITIVE,0.9565706253051758,0.9565706253051758
best online application in world wide,5.0,Kashif khan 1,2025-09-23T21:22:11-07:00,25.0905.00,app_store_reviews_complete.csv,en,0.45,False,original,405,best online application in world wide,-1,0.49181698897572007,uncategorized,POSITIVE,0.9998267292976379,0.9998267292976379
"phonepe app is updated and when it is installed, the app opens only for first time. once the app is closed it doesn't even respond and get open.",1.0,B#UV@N,2025-09-23T09:00:50-07:00,25.0613.05,app_store_reviews_complete.csv,en,0.0375,False,original,406,phonepe app is updated and when it is installed the app opens only for first time once the app is closed it doesnt even respond and get open,-1,0.15498079458954644,uncategorized,NEGATIVE,0.9970399737358093,-0.9970399737358093
"i've been using three payment platforms, i've experienced payment processing issues due to low internet speeds in the other payment platforms. but phonepe always seems to work even in those situations too. this platform had helped me pay at important times. definitely recommend.",5.0,Ivkarthickraj,2025-09-23T06:46:44-07:00,25.0905.00,app_store_reviews_complete.csv,en,0.1583333333333333,False,original,407,ive been using three payment platforms ive experienced payment processing issues due to low internet speeds in the other payment platforms but phonepe always seems to work even in those situations too this platform had helped me pay at important times definitely recommend,-1,0.19195570225957342,uncategorized,POSITIVE,0.9992559552192688,0.9992559552192688
phone pe app most payment fail or processing problem create,1.0,Mahjabbsjdk,2025-09-23T06:19:46-07:00,25.0905.00,app_store_reviews_complete.csv,en,0.0,False,original,408,phone pe app most payment fail or processing problem create,2,0.6551038147342811,payment_issues,NEGATIVE,0.9989374279975891,-0.9989374279975891
here i'm unable to do any upi transaction on this app. i've been using this app for longer time and this is not what i was expecting from the app. raised a ticket for this but no response from tech team. seems like it's time for me to move to different upi apps.,1.0,M_Prasad,2025-09-23T01:52:19-07:00,25.0905.00,app_store_reviews_complete.csv,en,-0.25,False,original,409,here im unable to do any upi transaction on this app ive been using this app for longer time and this is not what i was expecting from the app raised a ticket for this but no response from tech team seems like its time for me to move to different upi apps,-1,0.33194673854319445,uncategorized,NEGATIVE,0.999630331993103,-0.999630331993103
problem solution very good good service,5.0,j sain,2025-09-22T23:53:38-07:00,25.0905.00,app_store_reviews_complete.csv,en,0.8049999999999999,False,original,410,problem solution very good good service,0,0.5224346697332597,other_issues,POSITIVE,0.9997828602790833,0.9997828602790833
good,4.0,priya sampla,2025-09-22T23:40:34-07:00,25.0905.00,app_store_reviews_complete.csv,so,0.7,False,original,411,good,0,1.0,other_issues,POSITIVE,0.9998161196708679,0.9998161196708679
good,5.0,Phanindra Phanindra,2025-09-22T23:28:49-07:00,25.0905.00,app_store_reviews_complete.csv,so,0.7,False,original,412,good,0,0.2555769540998468,other_issues,POSITIVE,0.9998161196708679,0.9998161196708679
thank you phone pe and team,5.0,Khan Sahab 07,2025-09-22T22:30:36-07:00,25.0905.00,app_store_reviews_complete.csv,en,0.0,False,original,413,thank you phone pe and team,1,0.6464444831312313,other_issues,POSITIVE,0.9975336790084839,0.9975336790084839
good,5.0,alipookodan,2025-09-22T22:29:45-07:00,25.0905.00,app_store_reviews_complete.csv,so,0.7,False,original,414,good,0,0.6253222103432208,other_issues,POSITIVE,0.9998161196708679,0.9998161196708679
great,5.0,Great review rocks,2025-09-22T13:11:50-07:00,25.0905.00,app_store_reviews_complete.csv,ro,0.8,False,original,415,great,0,0.7122118365516066,other_issues,POSITIVE,0.9998630285263062,0.9998630285263062
check balance option doesn't works sometime in ios,1.0,Harsh-18,2025-09-22T04:20:41-07:00,25.0905.00,app_store_reviews_complete.csv,en,0.0,False,original,416,check balance option doesnt works sometime in ios,-1,0.5309191312511399,uncategorized,NEGATIVE,0.9991845488548279,-0.9991845488548279
"this app frequently fails to scan while other apps are smoothly able to scan, payment progress is tremendously slow when signal is moderate while other apps are quite the opposite even with weak signal strength",1.0,UrbanGypsy94,2025-09-22T01:34:41-07:00,25.0905.00,app_store_reviews_complete.csv,en,-0.115625,False,original,417,this app frequently fails to scan while other apps are smoothly able to scan payment progress is tremendously slow when signal is moderate while other apps are quite the opposite even with weak signal strength,2,0.4975346667158298,payment_issues,NEGATIVE,0.9992532134056091,-0.9992532134056091
phone is the best app in india. it helped me out in the situation where i was stuck with google pay. really best app. loving it.,5.0,Dakshjaglan,2025-09-22T01:34:39-07:00,25.0905.00,app_store_reviews_complete.csv,en,0.8666666666666667,False,original,418,phone is the best app in india it helped me out in the situation where i was stuck with google pay really best app loving it,-1,0.2771775408833498,uncategorized,POSITIVE,0.9998077750205994,0.9998077750205994
mast app,5.0,Tasleem91,2025-09-22T00:32:46-07:00,25.0905.00,app_store_reviews_complete.csv,et,0.0,False,original,419,mast app,-1,0.05468937218217773,uncategorized,NEGATIVE,0.99687659740448,-0.99687659740448
good,5.0,Its dhamo,2025-09-21T22:44:17-07:00,25.0905.00,app_store_reviews_complete.csv,so,0.7,False,original,420,good,0,0.38952927160160994,other_issues,POSITIVE,0.9998161196708679,0.9998161196708679
give choice to make payments autopay or not,1.0,Worse 123,2025-09-21T21:33:43-07:00,25.0905.00,app_store_reviews_complete.csv,en,0.0,False,original,421,give choice to make payments autopay or not,2,1.0,payment_issues,NEGATIVE,0.9852911233901978,-0.9852911233901978
good,5.0,Sampath Billi,2025-09-21T06:54:00-07:00,25.0905.00,app_store_reviews_complete.csv,so,0.7,False,original,422,good,0,0.32133724086459203,other_issues,POSITIVE,0.9998161196708679,0.9998161196708679
cool,5.0,its_ipreet_twest,2025-09-21T06:01:55-07:00,25.0905.00,app_store_reviews_complete.csv,it,0.35,False,original,423,cool,-1,0.08428073545655443,uncategorized,POSITIVE,0.9998509883880615,0.9998509883880615
"used to fulfill needs without issues nowadays lot of unnecessary popups, advertisements and other useless things pop up. a payment app shouldn't become an app for borrowing. stop nonsense before one of the earliest customers is lost.",3.0,namindian,2025-09-21T05:01:27-07:00,25.0905.00,app_store_reviews_complete.csv,en,-0.3416666666666666,False,original,424,used to fulfill needs without issues nowadays lot of unnecessary popups advertisements and other useless things pop up a payment app shouldnt become an app for borrowing stop nonsense before one of the earliest customers is lost,2,1.0,payment_issues,NEGATIVE,0.9985480904579163,-0.9985480904579163
"dear phonepe support team, i am facing a serious issue with your app. the contact names are not displaying properly, and because of that, i ended up sending money to the wrong person who wasn't even in my contact list. i reached out to your support, but they said they can't help and that i need to contact the bank directly. this is very inconvenient, especially since other upi apps like google pay, amazon pay, and navi pay are working fine. please address this contact display problem urgently, as it's causing financial mishaps. if required, you can contact me directly at my number: 9066 344 372.",1.0,Raj Giri1,2025-09-21T00:52:44-07:00,25.0905.00,app_store_reviews_complete.csv,en,-0.1121666666666666,False,original,425,dear phonepe support team i am facing a serious issue with your app the contact names are not displaying properly and because of that i ended up sending money to the wrong person who wasnt even in my contact list i reached out to your support but they said they cant help and that i need to contact the bank directly this is very inconvenient especially since other upi apps like google pay amazon pay and navi pay are working fine please address this contact display problem urgently as its causing financial mishaps if required you can contact me directly at my number,2,0.6324855472201393,payment_issues,NEGATIVE,0.9995638728141785,-0.9995638728141785
took more than 1 month to resolve query and still not resolved and deduct extra amount instead of fixed emi,1.0,ashishbansal.97,2025-09-21T00:38:24-07:00,25.0905.00,app_store_reviews_complete.csv,en,0.1999999999999999,False,original,426,took more than month to resolve query and still not resolved and deduct extra amount instead of fixed emi,2,1.0,payment_issues,NEGATIVE,0.9982140064239502,-0.9982140064239502
even on reinstall not able to open,3.0,vvs1188,2025-09-20T22:01:44-07:00,25.0613.00,app_store_reviews_complete.csv,en,-0.125,False,original,427,even on reinstall not able to open,1,1.0,other_issues,NEGATIVE,0.9990799427032471,-0.9990799427032471
waste,2.0,A nani Redyy,2025-09-20T21:12:39-07:00,25.0905.00,app_store_reviews_complete.csv,af,-0.2,False,original,428,waste,2,0.08032378506174187,payment_issues,NEGATIVE,0.9997934699058533,-0.9997934699058533
this app is friendly n fast,5.0,Haresh S K,2025-09-20T20:02:36-07:00,25.0905.00,app_store_reviews_complete.csv,en,0.2875,False,original,429,this app is friendly n fast,1,0.477861967467493,other_issues,POSITIVE,0.9992165565490723,0.9992165565490723
easy transfer and secure,5.0,Niraj Kumar yadav,2025-09-20T19:37:15-07:00,25.0905.00,app_store_reviews_complete.csv,en,0.4166666666666667,False,original,430,easy transfer and secure,2,1.0,payment_issues,POSITIVE,0.9996532201766968,0.9996532201766968
phonepe app is not opening still showing please wait only for past two days what is the solution,1.0,Chinna0225,2025-09-20T11:39:50-07:00,25.0905.00,app_store_reviews_complete.csv,en,-0.125,False,original,431,phonepe app is not opening still showing please wait only for past two days what is the solution,-1,0.15564772863920495,uncategorized,NEGATIVE,0.9978126287460327,-0.9978126287460327
it's simply amazing,5.0,ritikasuneja,2025-09-20T05:58:16-07:00,25.0905.00,app_store_reviews_complete.csv,en,0.6000000000000001,False,original,432,its simply amazing,0,0.5190187321955186,other_issues,POSITIVE,0.9998770952224731,0.9998770952224731
lightning stars,5.0,Shajahan pothencode,2025-09-20T05:45:27-07:00,25.0905.00,app_store_reviews_complete.csv,sv,0.0,False,original,433,lightning stars,3,0.17671322185533006,other_issues,POSITIVE,0.9998273849487305,0.9998273849487305
payment untied,1.0,Sanwla ram,2025-09-20T05:37:35-07:00,25.0905.00,app_store_reviews_complete.csv,fr,0.0,False,original,434,payment untied,-1,0.23987860837653438,uncategorized,NEGATIVE,0.6173801422119141,-0.6173801422119141
new design is really worst.,1.0,Pranav Goswami,2025-09-20T04:26:28-07:00,25.0905.00,app_store_reviews_complete.csv,en,-0.4318181818181818,False,original,435,new design is really worst,0,1.0,other_issues,NEGATIVE,0.9998030066490173,-0.9998030066490173
ashu,5.0,Payment by ashu,2025-09-20T03:14:16-07:00,25.0905.00,app_store_reviews_complete.csv,sq,0.0,False,original,436,ashu,3,1.0,other_issues,POSITIVE,0.9752219915390015,0.9752219915390015
"whosever idea it was to update the ui/ux, the change is pathetic. even after almost a year of the update, i'm still confused how to add another bank account, how to transfer money, how to pay my bills and the list continues. and if i'm facing this trouble and i'm just in my late 20s, image all the hard time our parents and other old timers are having navigating. the only reason i still haven't offloaded the app is cuz of the new cash back offer. once it's over, my journey with phone pe will be over as well. and i'm very sure lot of others are on the same page. good work phone pe.",1.0,Mevan_ofc,2025-09-20T01:28:09-07:00,25.0905.00,app_store_reviews_complete.csv,en,-0.0561771561771561,False,original,437,whosever idea it was to update the uiux the change is pathetic even after almost a year of the update im still confused how to add another bank account how to transfer money how to pay my bills and the list continues and if im facing this trouble and im just in my late s image all the hard time our parents and other old timers are having navigating the only reason i still havent offloaded the app is cuz of the new cash back offer once its over my journey with phone pe will be over as well and im very sure lot of others are on the same page good work phone pe,2,1.0,payment_issues,NEGATIVE,0.9995399713516235,-0.9995399713516235
supposed i ilke,5.0,Adhigowdraaa,2025-09-19T21:49:10-07:00,25.0905.00,app_store_reviews_complete.csv,hr,0.0,False,original,438,supposed i ilke,-1,0.34450945134550404,uncategorized,NEGATIVE,0.9911985993385315,-0.9911985993385315
no cashback,2.0,RahulVerma 1983,2025-09-19T19:42:34-07:00,25.0905.00,app_store_reviews_complete.csv,pt,0.0,False,original,439,no cashback,2,1.0,payment_issues,NEGATIVE,0.9775320291519165,-0.9775320291519165
i recently got a problem on home/shop rent payment option in phone pay thats i'm uninstall phone pay 3 4 times but home/shop rent option is not available in phone pay app .why are you remove home/shop rent method please resolve that query it's very serious problem for many members for phone pay app i'm already uninstall phone pay app right now . technician team please resolve fast . it's very big problem.,1.0,Tyagihhs,2025-09-19T10:03:23-07:00,25.0905.00,app_store_reviews_complete.csv,en,0.0503401360544217,False,original,440,i recently got a problem on homeshop rent payment option in phone pay thats im uninstall phone pay times but homeshop rent option is not available in phone pay app why are you remove homeshop rent method please resolve that query its very serious problem for many members for phone pay app im already uninstall phone pay app right now technician team please resolve fast its very big problem,2,1.0,payment_issues,NEGATIVE,0.9988725781440735,-0.9988725781440735
nice,5.0,Chiranjib Dash,2025-09-19T08:17:03-07:00,25.0905.00,app_store_reviews_complete.csv,pl,0.6,False,original,441,nice,0,1.0,other_issues,POSITIVE,0.9998552799224854,0.9998552799224854
not going upi payments,2.0,RockyAlpha,2025-09-19T07:27:39-07:00,25.0905.00,app_store_reviews_complete.csv,tl,0.0,False,original,442,not going upi payments,-1,0.40938833938076574,uncategorized,NEGATIVE,0.9992545247077942,-0.9992545247077942
gufsgjjff,5.0,Adil raja &39,2025-09-19T06:50:02-07:00,25.0905.00,app_store_reviews_complete.csv,sq,0.0,False,original,443,gufsgjjff,4,1.0,other_issues,NEGATIVE,0.9865562915802002,-0.9865562915802002
app blocked after years of usage. logging in option is useless and of no help. extremely user unfriendly app,1.0,shanu dev,2025-09-18T22:47:03-07:00,25.0905.00,app_store_reviews_complete.csv,en,-0.3125,False,original,444,app blocked after years of usage logging in option is useless and of no help extremely user unfriendly app,-1,0.2769951921156777,uncategorized,NEGATIVE,0.9997170567512512,-0.9997170567512512
hey ! my dear people's please do not install the your mobile phone pay is very very bad and wrost app . im not hppy and satisfaction . this is the world bad app .,1.0,Hit‘s solanki,2025-09-18T02:59:00-07:00,25.0905.00,app_store_reviews_complete.csv,en,-0.8049999999999998,False,original,445,hey my dear peoples please do not install the your mobile phone pay is very very bad and wrost app im not hppy and satisfaction this is the world bad app,-1,0.22525276906746006,uncategorized,NEGATIVE,0.99964439868927,-0.99964439868927
"this app functions properly when it comes to payments. however, the absence of no options to turn off promotional notifications on my iphone screen is unprofessional and unfair.",2.0,Folmgip,2025-09-18T02:29:43-07:00,25.0905.00,app_store_reviews_complete.csv,en,-0.1708333333333333,False,original,446,this app functions properly when it comes to payments however the absence of no options to turn off promotional notifications on my iphone screen is unprofessional and unfair,1,1.0,other_issues,NEGATIVE,0.9991400241851807,-0.9991400241851807
its very good app easy to use,5.0,Shan@4042,2025-09-18T00:30:28-07:00,25.0905.00,app_store_reviews_complete.csv,en,0.6716666666666666,False,original,447,its very good app easy to use,1,0.5401783534612872,other_issues,POSITIVE,0.9996798038482666,0.9996798038482666
no offers like paytm or gpay and when i check balance shows more but actual it's less,2.0,Arvind jio,2025-09-17T18:57:40-07:00,25.0905.00,app_store_reviews_complete.csv,en,0.0708333333333333,False,original,448,no offers like paytm or gpay and when i check balance shows more but actual its less,-1,0.53220527459493,uncategorized,NEGATIVE,0.9971204996109009,-0.9971204996109009
unable to pay from last 2 days,3.0,Gha222455()₹,2025-09-17T15:14:16-07:00,25.0905.00,app_store_reviews_complete.csv,en,-0.25,False,original,449,unable to pay from last days,2,1.0,payment_issues,NEGATIVE,0.9984911680221558,-0.9984911680221558
mast,5.0,Ghelabhai m fangliya,2025-09-17T08:47:44-07:00,25.0905.00,app_store_reviews_complete.csv,et,0.0,False,original,450,mast,-1,0.05491455823032747,uncategorized,POSITIVE,0.7173445224761963,0.7173445224761963
"""something went wrong. please try again later"" i'm seeing this from 3 months. i guess, after default upi i selected as gpay. it's not good to treat like this.",1.0,am01.ammu,2025-09-17T06:02:07-07:00,25.0905.00,app_store_reviews_complete.csv,en,-0.2833333333333333,False,original,451,something went wrong please try again later im seeing this from months i guess after default upi i selected as gpay its not good to treat like this,-1,0.3477525211174228,uncategorized,NEGATIVE,0.999544084072113,-0.999544084072113
home and shop rent payment credit card option not available,1.0,Ss Ingale,2025-09-17T04:31:56-07:00,25.0905.00,app_store_reviews_complete.csv,en,-0.2,False,original,452,home and shop rent payment credit card option not available,2,1.0,payment_issues,NEGATIVE,0.999478280544281,-0.999478280544281
the rent payment option was very useful for me. the option is not available now. i was trying to reach customer care but no options available to contact. please add the options back.,2.0,panda0000999000,2025-09-16T23:22:09-07:00,25.0822.06,app_store_reviews_complete.csv,en,0.1475,False,original,453,the rent payment option was very useful for me the option is not available now i was trying to reach customer care but no options available to contact please add the options back,2,1.0,payment_issues,NEGATIVE,0.9972207546234131,-0.9972207546234131
such an idiots change their interface evertime and users needs to take training to find something. stop changing the interface freaking every time.,1.0,gameswagger,2025-09-16T19:55:44-07:00,25.0822.06,app_store_reviews_complete.csv,en,-0.4,False,original,454,such an idiots change their interface evertime and users needs to take training to find something stop changing the interface freaking every time,0,1.0,other_issues,NEGATIVE,0.9996651411056519,-0.9996651411056519
can we have a feature like paytm wherein we can come to know in advance whether a merchant accepts credit card payments via upi?,3.0,MSCmnd,2025-09-16T07:14:16-07:00,25.0822.06,app_store_reviews_complete.csv,en,0.0,False,original,455,can we have a feature like paytm wherein we can come to know in advance whether a merchant accepts credit card payments via upi,-1,0.5374698424092647,uncategorized,NEGATIVE,0.9978846907615662,-0.9978846907615662
nothing to issue,5.0,Sharlinejoy,2025-09-15T22:43:41-07:00,25.0822.06,app_store_reviews_complete.csv,en,0.0,False,original,456,nothing to issue,-1,0.16152671429255747,uncategorized,NEGATIVE,0.9945646524429321,-0.9945646524429321
rent option is not showing to transfer my money. please help me,2.0,Tharun venkat,2025-09-15T22:39:41-07:00,25.0822.06,app_store_reviews_complete.csv,en,0.0,False,original,457,rent option is not showing to transfer my money please help me,2,1.0,payment_issues,NEGATIVE,0.9965149164199829,-0.9965149164199829
"from last two days , i am unable to do any transaction using phone pe. when i am scanning qr code , it is showing that the qr code is not identified . even i am unable to check my balances as well",1.0,Diavel_9722,2025-09-15T19:41:34-07:00,25.0822.06,app_store_reviews_complete.csv,en,-0.3333333333333333,False,original,458,from last two days i am unable to do any transaction using phone pe when i am scanning qr code it is showing that the qr code is not identified even i am unable to check my balances as well,2,1.0,payment_issues,NEGATIVE,0.9995608925819397,-0.9995608925819397
good,5.0,Stalinbontha,2025-09-15T08:11:12-07:00,25.0822.06,app_store_reviews_complete.csv,so,0.7,False,original,459,good,0,1.0,other_issues,POSITIVE,0.9998161196708679,0.9998161196708679
"i just want you improve in one thing......which is,when we end the 24 hrs amount transfer limit you should give countdown of when i can regain the full limit...... or simply give the limit on right hamd corner all the time",5.0,sknarsule,2025-09-15T07:50:38-07:00,25.0822.06,app_store_reviews_complete.csv,en,0.2119047619047619,False,original,460,i just want you improve in one thingwhich iswhen we end the hrs amount transfer limit you should give countdown of when i can regain the full limit or simply give the limit on right hamd corner all the time,2,1.0,payment_issues,NEGATIVE,0.9538065195083618,-0.9538065195083618
"facing serious problems with autopay option. unable to delete , stop or pause. customer service has not responded yet. the app has stopped recognising my bank account.",1.0,🫡😶‍🌫️😡😡,2025-09-15T01:11:14-07:00,25.0822.06,app_store_reviews_complete.csv,en,-0.4166666666666666,False,original,461,facing serious problems with autopay option unable to delete stop or pause customer service has not responded yet the app has stopped recognising my bank account,2,0.41572956871791455,payment_issues,NEGATIVE,0.9994865655899048,-0.9994865655899048
"poor customer support, no response on tickets they don't have any email id for complaint only customer care number where all are giving irrelevant information such a worst application",1.0,Prarash,2025-09-14T22:55:19-07:00,25.0822.06,app_store_reviews_complete.csv,en,-0.3666666666666667,False,original,462,poor customer support no response on tickets they dont have any email id for complaint only customer care number where all are giving irrelevant information such a worst application,-1,0.4519058899514601,uncategorized,NEGATIVE,0.9997853636741638,-0.9997853636741638
no option to deactivate notifications inside app per module,1.0,Khemraj Sharma,2025-09-14T09:40:12-07:00,25.0822.06,app_store_reviews_complete.csv,en,0.0,False,original,463,no option to deactivate notifications inside app per module,1,1.0,other_issues,NEGATIVE,0.998342752456665,-0.998342752456665
unable to pay since afternoon,2.0,Deep fake app cred,2025-09-14T08:13:53-07:00,25.0822.06,app_store_reviews_complete.csv,en,-0.5,False,original,464,unable to pay since afternoon,2,1.0,payment_issues,NEGATIVE,0.9983550906181335,-0.9983550906181335
everytime i have to uninstall and reinstall to use. what is wrong with you ?,5.0,RtanVar,2025-09-14T07:54:25-07:00,25.0613.05,app_store_reviews_complete.csv,en,-0.5,False,original,465,everytime i have to uninstall and reinstall to use what is wrong with you,-1,0.14403554844218608,uncategorized,NEGATIVE,0.9993008375167847,-0.9993008375167847
ye phone pe khul hi ni riya he phone pe likha aaata he fir freeg ho jata he uninstalled kr ke install kr ne pr ek bar chal ta he fir band ho jata he,1.0,mark__42,2025-09-14T03:43:51-07:00,25.0613.05,app_store_reviews_complete.csv,en,0.0,False,original,466,ye phone pe khul hi ni riya he phone pe likha aaata he fir freeg ho jata he uninstalled kr ke install kr ne pr ek bar chal ta he fir band ho jata he,-1,0.10310502347004577,uncategorized,NEGATIVE,0.9944994449615479,-0.9944994449615479
stupid app,1.0,Sameer1326383,2025-09-13T23:28:44-07:00,25.0822.06,app_store_reviews_complete.csv,et,-0.7999999999999999,False,original,467,stupid app,-1,0.40667490168351234,uncategorized,NEGATIVE,0.9997664093971252,-0.9997664093971252
"the app has been smooth overall, but for the past week there's a recurring glitch — after completing a payment, the app freezes when trying to share the receipt. the only way out is to force close and restart the app. the ""share receipt"" option is currently not functional, which makes it inconvenient. hope this gets fixed soon.",3.0,Imran Belgaumi,2025-09-13T21:05:39-07:00,25.0822.06,app_store_reviews_complete.csv,en,-0.0499999999999999,False,original,468,the app has been smooth overall but for the past week theres a recurring glitch after completing a payment the app freezes when trying to share the receipt the only way out is to force close and restart the app the share receipt option is currently not functional which makes it inconvenient hope this gets fixed soon,-1,0.23638571070102943,uncategorized,NEGATIVE,0.9996386766433716,-0.9996386766433716
worst customer service not able to rectify issue taking more than 2 weeks and still needs time worst worst worst please do not invest in any investment with them stay away from this app,1.0,Thim007,2025-09-13T10:10:10-07:00,25.0822.06,app_store_reviews_complete.csv,en,-0.625,False,original,469,worst customer service not able to rectify issue taking more than weeks and still needs time worst worst worst please do not invest in any investment with them stay away from this app,-1,0.2469530322317226,uncategorized,NEGATIVE,0.9997480511665344,-0.9997480511665344
unable to change the pin. when i'm resetting it i am not getting theotp on my nmbr,1.0,Sadiya.S,2025-09-13T08:57:38-07:00,25.0822.06,app_store_reviews_complete.csv,en,-0.5,False,original,470,unable to change the pin when im resetting it i am not getting theotp on my nmbr,-1,0.21189661804176857,uncategorized,NEGATIVE,0.9964714050292969,-0.9964714050292969
satisfactory,4.0,Sun@19,2025-09-13T08:29:24-07:00,25.0822.06,app_store_reviews_complete.csv,en,0.0,False,original,471,satisfactory,0,0.10570330963808851,other_issues,POSITIVE,0.9998334646224976,0.9998334646224976
i want payments history delete,3.0,jantan6789,2025-09-13T06:38:56-07:00,25.0822.06,app_store_reviews_complete.csv,en,0.0,False,original,472,i want payments history delete,2,0.6281746549372845,payment_issues,NEGATIVE,0.9997478127479553,-0.9997478127479553
very nice,5.0,nazimroy,2025-09-13T05:08:00-07:00,25.0822.06,app_store_reviews_complete.csv,cs,0.78,False,original,473,very nice,0,1.0,other_issues,POSITIVE,0.9998563528060913,0.9998563528060913
excellent and reliable service,5.0,Parayya,2025-11-12T03:25:32-07:00,25.1017.05,dataset_apple-app-store-review-scraper.csv,en,1.0,False,original,474,excellent and reliable service,0,1.0,other_issues,POSITIVE,0.9998695850372314,0.9998695850372314
"i am currently using an iphone 7 plus and have been relying on your application for over three years. i recently noticed that the app is now requiring an ios update to function. could you please explain the technical reasons why this ios update is mandatory to continue using the application? given that the iphone 7 plus is no longer receiving new ios version updates, this requirement implies that i would need to purchase a new phone just to access your app. i would appreciate any insight you can provide regarding this situation.",1.0,nephsterr,2025-11-03T20:37:29-07:00,25.0613.05,dataset_apple-app-store-review-scraper.csv,en,0.0545454545454545,False,original,475,i am currently using an iphone plus and have been relying on your application for over three years i recently noticed that the app is now requiring an ios update to function could you please explain the technical reasons why this ios update is mandatory to continue using the application given that the iphone plus is no longer receiving new ios version updates this requirement implies that i would need to purchase a new phone just to access your app i would appreciate any insight you can provide regarding this situation,-1,0.19246520357273977,uncategorized,NEGATIVE,0.9898646473884583,-0.9898646473884583
popping up instant notifications for advertising is unacceptable. deleted.,1.0,Mojourjojo,2025-10-30T04:12:18-07:00,25.1017.00,dataset_apple-app-store-review-scraper.csv,en,0.0,False,original,476,popping up instant notifications for advertising is unacceptable deleted,1,0.33450006961221185,other_issues,NEGATIVE,0.999810516834259,-0.999810516834259
very good service.,5.0,Good providers,2025-10-26T07:18:44-07:00,25.1003.06,dataset_apple-app-store-review-scraper.csv,en,0.91,False,original,477,very good service,0,1.0,other_issues,POSITIVE,0.9998656511306763,0.9998656511306763
good,5.0,Dev sidar,2025-10-22T18:19:29-07:00,25.1003.00,dataset_apple-app-store-review-scraper.csv,so,0.7,False,original,478,good,0,0.912152786869033,other_issues,POSITIVE,0.9998161196708679,0.9998161196708679
very easy,5.0,Pizburg,2025-10-22T13:28:04-07:00,25.1003.00,dataset_apple-app-store-review-scraper.csv,en,0.5633333333333334,False,original,479,very easy,0,1.0,other_issues,POSITIVE,0.9985224604606628,0.9985224604606628
great experience!,5.0,MaliniKB,2025-10-15T19:49:13-07:00,25.0919.07,dataset_apple-app-store-review-scraper.csv,ro,1.0,False,original,480,great experience,0,1.0,other_issues,POSITIVE,0.9998804330825806,0.9998804330825806
application is fast and extremely easy to use,5.0,a5_anand,2025-10-11T19:25:47-07:00,25.0919.06,dataset_apple-app-store-review-scraper.csv,en,0.3166666666666666,False,original,481,application is fast and extremely easy to use,1,0.4633670587615305,other_issues,POSITIVE,0.998410701751709,0.998410701751709
can not select any other country other then india.. can not create account with usa no. fix the app.,2.0,Business-Hotel,2025-10-10T06:47:29-07:00,25.0919.06,dataset_apple-app-store-review-scraper.csv,en,-0.125,False,original,482,can not select any other country other then india can not create account with usa no fix the app,-1,0.4598212387052577,uncategorized,NEGATIVE,0.9949538111686707,-0.9949538111686707
i find this app very much convenient for all my recharges..,5.0,Arun Bhole,2025-10-03T19:15:51-07:00,25.0905.05,dataset_apple-app-store-review-scraper.csv,en,0.26,False,original,483,i find this app very much convenient for all my recharges,1,0.5628819127584237,other_issues,NEGATIVE,0.9897393584251404,-0.9897393584251404
"so nice and easy to use app that, i wonder to see old aged, illiterate, street vendors including females are using effortlessly, it's contributing might to the beautiful and most powerful digital india platform",5.0,VasanthSccl,2025-09-16T09:56:27-07:00,25.0822.06,dataset_apple-app-store-review-scraper.csv,en,0.3354166666666666,False,original,484,so nice and easy to use app that i wonder to see old aged illiterate street vendors including females are using effortlessly its contributing might to the beautiful and most powerful digital india platform,-1,0.22515879082439813,uncategorized,POSITIVE,0.9998462200164795,0.9998462200164795
was able to register my international phone number seamlessly bhim upi had issues,5.0,MumbaiIndian009,2025-09-05T01:43:53-07:00,25.0822.00,dataset_apple-app-store-review-scraper.csv,en,0.1999999999999999,False,original,485,was able to register my international phone number seamlessly bhim upi had issues,2,0.5448199694653415,payment_issues,NEGATIVE,0.981186032295227,-0.981186032295227
i was trying to set up my upi through hdfc account and it was giving me very hard time but with the phone i was able to do it within few minutes. 5 star for the convenience.,5.0,AkshaySarkar,2025-08-27T19:21:01-07:00,25.0808.09,dataset_apple-app-store-review-scraper.csv,en,-0.0263888888888889,False,original,486,i was trying to set up my upi through hdfc account and it was giving me very hard time but with the phone i was able to do it within few minutes star for the convenience,2,0.669850638140663,payment_issues,NEGATIVE,0.9397862553596497,-0.9397862553596497
finally an app that works for nre account and it works awesome with hdfc nre and nro account,5.0,Victor_ Victor,2025-08-25T01:38:17-07:00,25.0725.07,dataset_apple-app-store-review-scraper.csv,en,0.5,False,original,487,finally an app that works for nre account and it works awesome with hdfc nre and nro account,1,0.4980396379368951,other_issues,POSITIVE,0.9994077682495117,0.9994077682495117
"this is the best app in india. it is safe , it is fast and it was easy",5.0,Sunny712320111,2025-08-08T08:36:10-07:00,25.0725.00,dataset_apple-app-store-review-scraper.csv,en,0.5333333333333333,False,original,488,this is the best app in india it is safe it is fast and it was easy,-1,0.20930266425648494,uncategorized,POSITIVE,0.9996505975723267,0.9996505975723267
being an nri customer. this is app at finger tips. super user friendly and simple to use. thanks again,5.0,PinkTattoo Girl,2025-08-07T04:03:47-07:00,25.0725.00,dataset_apple-app-store-review-scraper.csv,en,0.2270833333333333,False,original,489,being an nri customer this is app at finger tips super user friendly and simple to use thanks again,1,0.5333510870469315,other_issues,POSITIVE,0.9973902106285095,0.9973902106285095
if your payment is stuck for whatever reason on the receiving bank side you are screwed. the payment is deducted from your bank and there is no way to recover it. i ended up paying double my taxi fare. customer support is of no use as they claim nothing wrong from their side. whoever came up with this process needs to be fired. gpay is apparently better but it's not yet available for nris visiting india,1.0,Chess512,2025-07-24T06:38:34-07:00,25.0711.00,dataset_apple-app-store-review-scraper.csv,en,0.1,False,original,490,if your payment is stuck for whatever reason on the receiving bank side you are screwed the payment is deducted from your bank and there is no way to recover it i ended up paying double my taxi fare customer support is of no use as they claim nothing wrong from their side whoever came up with this process needs to be fired gpay is apparently better but its not yet available for nris visiting india,2,1.0,payment_issues,NEGATIVE,0.9994899034500122,-0.9994899034500122
i guess this is the only indian upi app that works with foreign phone numbers and with the nre accounts. as long as the phone number you're using is the same as the one linked to the banks it is seamless. apart from this the customer service is amazing. i had some issues with the login. i contacted the customer support and they fixed the issue within two days.,5.0,RajeevBharol,2025-07-07T02:20:26-07:00,25.0613.05,dataset_apple-app-store-review-scraper.csv,en,0.0892857142857143,False,original,491,i guess this is the only indian upi app that works with foreign phone numbers and with the nre accounts as long as the phone number youre using is the same as the one linked to the banks it is seamless apart from this the customer service is amazing i had some issues with the login i contacted the customer support and they fixed the issue within two days,-1,0.21240436869557325,uncategorized,POSITIVE,0.993759036064148,0.993759036064148
seamless onboarding. frictionless payments anywhere. love this app. so well done.,5.0,MadhuVudali,2025-07-06T23:13:00-07:00,25.0613.05,dataset_apple-app-store-review-scraper.csv,en,0.3,False,original,492,seamless onboarding frictionless payments anywhere love this app so well done,2,1.0,payment_issues,POSITIVE,0.9996840953826904,0.9996840953826904
"being nri, always facing issues for setup with international number. no easy way to connect with customer service to resolve the issue. giving error multiple times but no path forward to resolve the issue.",1.0,RamyaRaveen,2025-07-03T09:41:23-07:00,25.0613.05,dataset_apple-app-store-review-scraper.csv,en,-0.0722222222222222,False,original,493,being nri always facing issues for setup with international number no easy way to connect with customer service to resolve the issue giving error multiple times but no path forward to resolve the issue,-1,0.43996785032658325,uncategorized,NEGATIVE,0.9989128112792969,-0.9989128112792969
despite the claim the app does not work with international numbers. the sms verification step is broken.,1.0,DIYTexan,2025-07-02T00:36:37-07:00,25.0613.00,dataset_apple-app-store-review-scraper.csv,en,-0.2,False,original,494,despite the claim the app does not work with international numbers the sms verification step is broken,-1,0.43518303028102556,uncategorized,NEGATIVE,0.9996645450592041,-0.9996645450592041
"not reliable for everyday payments to whom you don't know. often payment are stuck for couple of days and then passes, instead of failing immediately if other bank is not accepting the payment. i had to pay uber twice and now unable to get refund from driver even after calling multiple times, all due to phonepe processing issues. this is an issue when you cannot directly follow up with the merchant. based on this experience gpay is the way to go, as it fails the transactions immediately.",1.0,amrendr,2025-06-26T01:06:44-07:00,25.0613.00,dataset_apple-app-store-review-scraper.csv,en,-0.1928571428571428,False,original,495,not reliable for everyday payments to whom you dont know often payment are stuck for couple of days and then passes instead of failing immediately if other bank is not accepting the payment i had to pay uber twice and now unable to get refund from driver even after calling multiple times all due to phonepe processing issues this is an issue when you cannot directly follow up with the merchant based on this experience gpay is the way to go as it fails the transactions immediately,2,0.2761823601362487,payment_issues,NEGATIVE,0.9994932413101196,-0.9994932413101196
i can't believe money transfer can be so easy and quick!! thanks india,5.0,SamMathew,2025-06-21T10:32:06-07:00,25.0530.06,dataset_apple-app-store-review-scraper.csv,en,0.3847222222222222,False,original,496,i cant believe money transfer can be so easy and quick thanks india,2,1.0,payment_issues,POSITIVE,0.9996680021286011,0.9996680021286011
"can stopped at no where , 4 km before the location . driver took 400 instead of 268",1.0,mp bangalore,2025-06-13T04:02:53-07:00,25.0530.00,dataset_apple-app-store-review-scraper.csv,en,0.0,False,original,497,can stopped at no where km before the location driver took instead of,-1,0.07508925447423817,uncategorized,NEGATIVE,0.9964105486869812,-0.9964105486869812
the app doesn't open at all when i have to pay. it gets hung.,1.0,arpita.saha,2025-06-11T05:41:20-07:00,25.0530.00,dataset_apple-app-store-review-scraper.csv,en,0.0,False,original,498,the app doesnt open at all when i have to pay it gets hung,1,0.22055793478615981,other_issues,NEGATIVE,0.9997071623802185,-0.9997071623802185
good,,,,,phonepe_playstore_reviews.csv,so,0.7,False,original,499,good,0,1.0,other_issues,POSITIVE,0.9998161196708679,0.9998161196708679
its good to be in transaction,,,,,phonepe_playstore_reviews.csv,en,0.7,False,original,500,its good to be in transaction,2,1.0,payment_issues,POSITIVE,0.9996455907821655,0.9996455907821655
excellent,,,,,phonepe_playstore_reviews.csv,ca,1.0,False,original,501,excellent,0,1.0,other_issues,POSITIVE,0.9998434782028198,0.9998434782028198
very good,,,,,phonepe_playstore_reviews.csv,af,0.91,False,original,502,very good,0,1.0,other_issues,POSITIVE,0.9998520612716675,0.9998520612716675
very nice,,,,,phonepe_playstore_reviews.csv,cs,0.78,False,original,503,very nice,0,1.0,other_issues,POSITIVE,0.9998563528060913,0.9998563528060913
wow nice service,,,,,phonepe_playstore_reviews.csv,pl,0.35,False,original,504,wow nice service,0,0.7801410333607284,other_issues,POSITIVE,0.9998414516448975,0.9998414516448975
thank you,,,,,phonepe_playstore_reviews.csv,en,0.0,False,original,505,thank you,0,1.0,other_issues,POSITIVE,0.9998352527618408,0.9998352527618408
good app very helpful,,,,,phonepe_playstore_reviews.csv,en,0.4499999999999999,False,original,506,good app very helpful,1,1.0,other_issues,POSITIVE,0.9998142123222351,0.9998142123222351
sometimes it's not coming open,,,,,phonepe_playstore_reviews.csv,en,0.0,False,original,507,sometimes its not coming open,1,0.5541715868839878,other_issues,NEGATIVE,0.999705970287323,-0.999705970287323
very good service,,,,,phonepe_playstore_reviews.csv,en,0.91,False,original,508,very good service,0,1.0,other_issues,POSITIVE,0.9998648166656494,0.9998648166656494
good good service,,,,,phonepe_playstore_reviews.csv,hr,0.7,False,original,509,good good service,0,1.0,other_issues,POSITIVE,0.9998515844345093,0.9998515844345093
very easy,,,,,phonepe_playstore_reviews.csv,en,0.5633333333333334,False,original,510,very easy,0,0.8749362046289982,other_issues,POSITIVE,0.9985224604606628,0.9985224604606628
बहुत अच्छा अच्छा अच्छा अच्छा अच्छा अच्छा,,,,,phonepe_playstore_reviews.csv,ne,0.0,False,original,511,,0,1.0,other_issues,POSITIVE,0.5063121318817139,0.5063121318817139
acha,,,,,phonepe_playstore_reviews.csv,cy,0.0,False,original,512,acha,4,1.0,other_issues,POSITIVE,0.9979257583618164,0.9979257583618164
good similar paytm,,,,,phonepe_playstore_reviews.csv,tl,0.35,False,original,513,good similar paytm,-1,0.508813206735256,uncategorized,POSITIVE,0.9641125202178955,0.9641125202178955
best,,,,,phonepe_playstore_reviews.csv,af,1.0,False,original,514,best,0,1.0,other_issues,POSITIVE,0.9997941851615906,0.9997941851615906
hanging/ freezing issue faced on samsung galaxy a20,,,,,phonepe_playstore_reviews.csv,en,0.0,False,original,515,hanging freezing issue faced on samsung galaxy a,1,0.41591490581521073,other_issues,NEGATIVE,0.9947170615196228,-0.9947170615196228
nice brother,,,,,phonepe_playstore_reviews.csv,en,0.6,False,original,516,nice brother,0,1.0,other_issues,POSITIVE,0.9998137354850769,0.9998137354850769
excellent workvgvgbv,,,,,phonepe_playstore_reviews.csv,nl,1.0,False,original,517,excellent workvgvgbv,-1,0.404033224264205,uncategorized,POSITIVE,0.9997287392616272,0.9997287392616272
nice,,,,,phonepe_playstore_reviews.csv,pl,0.6,False,original,518,nice,0,1.0,other_issues,POSITIVE,0.9998552799224854,0.9998552799224854
very good app,,,,,phonepe_playstore_reviews.csv,en,0.91,False,original,519,very good app,1,1.0,other_issues,POSITIVE,0.9998675584793091,0.9998675584793091
i close auto payment how paid again,,,,,phonepe_playstore_reviews.csv,en,0.0,False,original,520,i close auto payment how paid again,2,1.0,payment_issues,NEGATIVE,0.9914833903312683,-0.9914833903312683
nid to all of us are usmein aap so gaye ho to batao kya hua yaar mera nahin ho raha ho,,,,,phonepe_playstore_reviews.csv,so,0.0,False,original,521,nid to all of us are usmein aap so gaye ho to batao kya hua yaar mera nahin ho raha ho,4,0.6539481409868602,other_issues,NEGATIVE,0.9854956269264221,-0.9854956269264221
super,,,,,phonepe_playstore_reviews.csv,ro,0.3333333333333333,False,original,522,super,0,1.0,other_issues,POSITIVE,0.998783528804779,0.998783528804779
jafarshaikh,,,,,phonepe_playstore_reviews.csv,so,0.0,False,original,523,jafarshaikh,4,1.0,other_issues,POSITIVE,0.9220184683799744,0.9220184683799744
good look,,,,,phonepe_playstore_reviews.csv,so,0.7,False,original,524,good look,0,0.8541069704009514,other_issues,POSITIVE,0.9998304843902588,0.9998304843902588
late process isusu,,,,,phonepe_playstore_reviews.csv,en,-0.3,False,original,525,late process isusu,0,0.42899239833313607,other_issues,NEGATIVE,0.9973840117454529,-0.9973840117454529
good payment app,,,,,phonepe_playstore_reviews.csv,fr,0.7,False,original,526,good payment app,2,1.0,payment_issues,POSITIVE,0.9997733235359192,0.9997733235359192
it's good,,,,,phonepe_playstore_reviews.csv,en,0.7,False,original,527,its good,0,0.6312500049843361,other_issues,POSITIVE,0.9998360872268677,0.9998360872268677
best aap,,,,,phonepe_playstore_reviews.csv,af,1.0,False,original,528,best aap,1,0.8019766064785514,other_issues,POSITIVE,0.9998045563697815,0.9998045563697815
i've been using phonepe for quite some time now. recently i had a situation where money from an unknown id was transferred into my account. the unknown person was calling me constantly for the return. i had no way of knowing if it was spam or not. i tried to raise a ticket but there was no option for this. i tried calling customer support multiple times but there was a recorded conversation without any option for these situations. this is frustrating and very bad service.,,,,,phonepe_playstore_reviews.csv,en,-0.2157142857142857,False,original,529,ive been using phonepe for quite some time now recently i had a situation where money from an unknown id was transferred into my account the unknown person was calling me constantly for the return i had no way of knowing if it was spam or not i tried to raise a ticket but there was no option for this i tried calling customer support multiple times but there was a recorded conversation without any option for these situations this is frustrating and very bad service,2,0.6047287230296782,payment_issues,NEGATIVE,0.9997419714927673,-0.9997419714927673
challla manchii app,,,,,phonepe_playstore_reviews.csv,it,0.0,False,original,530,challla manchii app,-1,0.25770926749250145,uncategorized,NEGATIVE,0.8798313140869141,-0.8798313140869141
very good experience good app personal information like so much and performance,,,,,phonepe_playstore_reviews.csv,en,0.4524999999999999,False,original,531,very good experience good app personal information like so much and performance,1,1.0,other_issues,POSITIVE,0.9998205304145813,0.9998205304145813
slow,,,,,phonepe_playstore_reviews.csv,sk,-0.3,False,original,532,slow,0,1.0,other_issues,NEGATIVE,0.9997313618659973,-0.9997313618659973
good app,,,,,phonepe_playstore_reviews.csv,en,0.7,False,original,533,good app,1,1.0,other_issues,POSITIVE,0.9998493194580078,0.9998493194580078
easy and fast,,,,,phonepe_playstore_reviews.csv,en,0.3166666666666666,False,original,534,easy and fast,0,0.2595081846403869,other_issues,POSITIVE,0.9995583891868591,0.9995583891868591
good working process,,,,,phonepe_playstore_reviews.csv,en,0.7,False,original,535,good working process,0,1.0,other_issues,POSITIVE,0.9998441934585571,0.9998441934585571
very nice app,,,,,phonepe_playstore_reviews.csv,cs,0.78,False,original,536,very nice app,1,1.0,other_issues,POSITIVE,0.9998562335968018,0.9998562335968018
done,,,,,phonepe_playstore_reviews.csv,it,0.0,False,original,537,done,0,0.45566508859166815,other_issues,POSITIVE,0.985146701335907,0.985146701335907
app good,,,,,phonepe_playstore_reviews.csv,af,0.7,False,original,538,app good,1,0.8548037810903532,other_issues,POSITIVE,0.9998369216918945,0.9998369216918945
gooo,,,,,phonepe_playstore_reviews.csv,so,0.0,False,original,539,gooo,0,0.061792925574194524,other_issues,NEGATIVE,0.9979240894317627,-0.9979240894317627
excellent app .,,,,,phonepe_playstore_reviews.csv,fr,1.0,False,original,540,excellent app,1,1.0,other_issues,POSITIVE,0.9998461008071899,0.9998461008071899
scooper good,,,,,phonepe_playstore_reviews.csv,nl,0.7,False,original,541,scooper good,0,0.4343778116857363,other_issues,POSITIVE,0.999843955039978,0.999843955039978
excellent app,,,,,phonepe_playstore_reviews.csv,fr,1.0,False,original,542,excellent app,1,1.0,other_issues,POSITIVE,0.9998356103897095,0.9998356103897095
சிறந்த வசதிகள் உள்ளன,,,,,phonepe_playstore_reviews.csv,ta,0.0,False,original,543,,0,0.431130148536702,other_issues,POSITIVE,0.8758518099784851,0.8758518099784851
esy to used,,,,,phonepe_playstore_reviews.csv,en,0.0,False,original,544,esy to used,0,1.0,other_issues,NEGATIVE,0.918811559677124,-0.918811559677124
good net work issue web options,,,,,phonepe_playstore_reviews.csv,af,0.35,False,original,545,good net work issue web options,0,0.328467317272221,other_issues,POSITIVE,0.9995691180229187,0.9995691180229187
supar,,,,,phonepe_playstore_reviews.csv,id,0.0,False,original,546,supar,0,0.2480021710329242,other_issues,POSITIVE,0.8584697842597961,0.8584697842597961
suprr,,,,,phonepe_playstore_reviews.csv,ro,0.0,False,original,547,suprr,0,0.22098218302386452,other_issues,NEGATIVE,0.8524553179740906,-0.8524553179740906
service good recharge service price very bad,,,,,phonepe_playstore_reviews.csv,en,-0.1049999999999999,False,original,548,service good recharge service price very bad,0,0.4168687827939847,other_issues,NEGATIVE,0.9984266757965088,-0.9984266757965088
"not able to open the app after installation, i have done my gold sip and cannot open the app to use the amount nor transfer from my phone. kindly suggest what is wrong",,,,,phonepe_playstore_reviews.csv,en,-0.03,False,original,549,not able to open the app after installation i have done my gold sip and cannot open the app to use the amount nor transfer from my phone kindly suggest what is wrong,1,0.27807405348421943,other_issues,NEGATIVE,0.9993135929107666,-0.9993135929107666
how to pause auto pay... ok latest version not available,,,,,phonepe_playstore_reviews.csv,en,0.2666666666666666,False,original,550,how to pause auto pay ok latest version not available,2,1.0,payment_issues,NEGATIVE,0.9995371103286743,-0.9995371103286743
good for pay!,,,,,phonepe_playstore_reviews.csv,en,0.875,False,original,551,good for pay,2,1.0,payment_issues,POSITIVE,0.9998196959495544,0.9998196959495544
sir again same problm on going why? unable to login any solution,,,,,phonepe_playstore_reviews.csv,en,-0.25,False,original,552,sir again same problm on going why unable to login any solution,-1,0.4336538006937163,uncategorized,NEGATIVE,0.999613344669342,-0.999613344669342
badhiya,,,,,phonepe_playstore_reviews.csv,so,0.0,False,original,553,badhiya,4,1.0,other_issues,NEGATIVE,0.8960344195365906,-0.8960344195365906
"i am never buying policies from phonepe anymore,i have had a very bad experience. i even urge the people not to buy it. i paid a sum of 12k in vehicle insurance but got only 5k back . it was later found out that to make the price of the policy low, like a bait, the ncb was kept very high. moreover i waited for more than 2 months to get back the amount. it was a vehicle insurance luckily had it been health insurance i would have faced the deadliest scams ever.the care people dont even bother.",,,,,phonepe_playstore_reviews.csv,en,0.0145925925925926,False,original,554,i am never buying policies from phonepe anymorei have had a very bad experience i even urge the people not to buy it i paid a sum of k in vehicle insurance but got only k back it was later found out that to make the price of the policy low like a bait the ncb was kept very high moreover i waited for more than months to get back the amount it was a vehicle insurance luckily had it been health insurance i would have faced the deadliest scams everthe care people dont even bother,2,1.0,payment_issues,NEGATIVE,0.998386025428772,-0.998386025428772
my phone pay account blocked without reason,,,,,phonepe_playstore_reviews.csv,en,0.0,False,original,555,my phone pay account blocked without reason,-1,0.5140142068703445,uncategorized,NEGATIVE,0.9995526671409607,-0.9995526671409607
besst facilities provided this app,,,,,phonepe_playstore_reviews.csv,en,0.0,False,original,556,besst facilities provided this app,1,0.5217460771806894,other_issues,NEGATIVE,0.9345011115074158,-0.9345011115074158
super fast,,,,,phonepe_playstore_reviews.csv,it,0.2666666666666666,False,original,557,super fast,0,1.0,other_issues,POSITIVE,0.9992691874504089,0.9992691874504089
good working,,,,,phonepe_playstore_reviews.csv,af,0.7,False,original,558,good working,0,1.0,other_issues,POSITIVE,0.999843955039978,0.999843955039978
"chor app, convenience fee too high even for using their co branded card, what a shame",,,,,phonepe_playstore_reviews.csv,en,0.16,False,original,559,chor app convenience fee too high even for using their co branded card what a shame,-1,0.3700719293855628,uncategorized,NEGATIVE,0.9996932744979858,-0.9996932744979858
recharge par 3% flatfrom fees यह गलत हैं जब फोन पे भारत का app हैं,,,,,phonepe_playstore_reviews.csv,hi,0.0,False,original,560,recharge par flatfrom fees app,1,1.0,other_issues,NEGATIVE,0.9903197288513184,-0.9903197288513184
not interested fake,,,,,phonepe_playstore_reviews.csv,no,-0.3125,False,original,561,not interested fake,0,0.5208912354776807,other_issues,NEGATIVE,0.9983223080635071,-0.9983223080635071
phonepe nice app but i look spend analysis that features not available phonepe appbring spend analysis,,,,,phonepe_playstore_reviews.csv,en,0.1999999999999999,False,original,562,phonepe nice app but i look spend analysis that features not available phonepe appbring spend analysis,1,1.0,other_issues,NEGATIVE,0.998128354549408,-0.998128354549408
"urge people to not use phonepe. i transferred money for a payment on the 11th nov 22:49, the payment was stuck in processing and phonepe claims that they will reach out to the receiver's bank and it will be reverted if it doesn't go through within 48hrs, which is 13th nov, 22:49. after 48hrs, they claim they are still reaching out to the receiver's bank and will update on 17th nov. upon replying to the ticket, they again updated that they will update on 24th nov, 17:21. don't use phonepe.",,,,,phonepe_playstore_reviews.csv,en,0.0,False,original,563,urge people to not use phonepe i transferred money for a payment on the th nov the payment was stuck in processing and phonepe claims that they will reach out to the receivers bank and it will be reverted if it doesnt go through within hrs which is th nov after hrs they claim they are still reaching out to the receivers bank and will update on th nov upon replying to the ticket they again updated that they will update on th nov dont use phonepe,2,0.740093036890507,payment_issues,NEGATIVE,0.9981558918952942,-0.9981558918952942
easy and fast service,,,,,phonepe_playstore_reviews.csv,en,0.3166666666666666,False,original,564,easy and fast service,0,1.0,other_issues,POSITIVE,0.9994971752166748,0.9994971752166748
better,,,,,phonepe_playstore_reviews.csv,no,0.5,False,original,565,better,-1,0.1079470645329706,uncategorized,POSITIVE,0.999264657497406,0.999264657497406
"improvement of speed and giltech ok,",,,,,phonepe_playstore_reviews.csv,en,0.5,False,original,566,improvement of speed and giltech ok,0,1.0,other_issues,POSITIVE,0.9981319308280945,0.9981319308280945
safe,,,,,phonepe_playstore_reviews.csv,cy,0.5,False,original,567,safe,-1,0.15967150497597324,uncategorized,POSITIVE,0.999782383441925,0.999782383441925
easy to use very good app,,,,,phonepe_playstore_reviews.csv,en,0.6716666666666666,False,original,568,easy to use very good app,1,0.4674745673438891,other_issues,POSITIVE,0.9996520280838013,0.9996520280838013
good experience,,,,,phonepe_playstore_reviews.csv,en,0.7,False,original,569,good experience,0,1.0,other_issues,POSITIVE,0.9998599290847778,0.9998599290847778
very nice aap,,,,,phonepe_playstore_reviews.csv,af,0.78,False,original,570,very nice aap,1,0.7116043163917767,other_issues,POSITIVE,0.9998561143875122,0.9998561143875122
nice app thanks for,,,,,phonepe_playstore_reviews.csv,en,0.4,False,original,571,nice app thanks for,1,0.8785350892848713,other_issues,POSITIVE,0.9998140931129456,0.9998140931129456
super app,,,,,phonepe_playstore_reviews.csv,it,0.3333333333333333,False,original,572,super app,-1,0.6463155611280547,uncategorized,POSITIVE,0.9932268261909485,0.9932268261909485
excellent but some time gets high power issue,,,,,phonepe_playstore_reviews.csv,en,0.58,False,original,573,excellent but some time gets high power issue,0,0.1437922725758373,other_issues,POSITIVE,0.997076153755188,0.997076153755188
pay phone,,,,,phonepe_playstore_reviews.csv,tl,0.0,False,original,574,pay phone,-1,0.44453081746565,uncategorized,NEGATIVE,0.9718526005744934,-0.9718526005744934
vvv good app,,,,,phonepe_playstore_reviews.csv,sl,0.7,False,original,575,vvv good app,1,0.7415113916115073,other_issues,POSITIVE,0.9997584223747253,0.9997584223747253
please open this app,,,,,phonepe_playstore_reviews.csv,en,0.0,False,original,576,please open this app,1,0.45671229365495036,other_issues,POSITIVE,0.9977896213531494,0.9977896213531494
অসাধারণ,,,,,phonepe_playstore_reviews.csv,bn,0.0,False,original,577,,0,0.8541943868173116,other_issues,POSITIVE,0.9369089603424072,0.9369089603424072
very ugly user interface. i don't like it.,,,,,phonepe_playstore_reviews.csv,no,-0.91,False,original,578,very ugly user interface i dont like it,0,1.0,other_issues,NEGATIVE,0.9997934699058533,-0.9997934699058533
best app,,,,,phonepe_playstore_reviews.csv,fr,1.0,False,original,579,best app,1,1.0,other_issues,POSITIVE,0.999686598777771,0.999686598777771
sometimes good sometimes giving hand,,,,,phonepe_playstore_reviews.csv,da,0.7,False,original,580,sometimes good sometimes giving hand,0,0.5213785574814709,other_issues,POSITIVE,0.9997174143791199,0.9997174143791199
very good supar ‍,,,,,phonepe_playstore_reviews.csv,en,0.91,False,original,581,very good supar,0,0.34295656454101153,other_issues,POSITIVE,0.9998693466186523,0.9998693466186523
super good saras,,,,,phonepe_playstore_reviews.csv,hr,0.5166666666666666,False,original,582,super good saras,0,0.5438490204380809,other_issues,POSITIVE,0.9998675584793091,0.9998675584793091
phone pe given zero cashback,,,,,phonepe_playstore_reviews.csv,en,0.0,False,original,583,phone pe given zero cashback,2,1.0,payment_issues,NEGATIVE,0.9921866655349731,-0.9921866655349731
very good apps,,,,,phonepe_playstore_reviews.csv,af,0.91,False,original,584,very good apps,1,1.0,other_issues,POSITIVE,0.9998751878738403,0.9998751878738403
veery good,,,,,phonepe_playstore_reviews.csv,af,0.7,False,original,585,veery good,0,0.47172038446229964,other_issues,POSITIVE,0.9998094439506531,0.9998094439506531
isn't working properly when we have shifted from one phone to another the isn't responding to contact there is no number please check this and clear this issue as soon as possible,,,,,phonepe_playstore_reviews.csv,en,0.0333333333333333,False,original,586,isnt working properly when we have shifted from one phone to another the isnt responding to contact there is no number please check this and clear this issue as soon as possible,-1,0.17066835326883445,uncategorized,NEGATIVE,0.9994637370109558,-0.9994637370109558
smart,,,,,phonepe_playstore_reviews.csv,sv,0.2142857142857142,False,original,587,smart,-1,0.16930525268779803,uncategorized,POSITIVE,0.9998456239700317,0.9998456239700317
good and safe with past,,,,,phonepe_playstore_reviews.csv,en,0.3166666666666666,False,original,588,good and safe with past,-1,0.2632859317597231,uncategorized,POSITIVE,0.9998117089271545,0.9998117089271545
best app easy to use,,,,,phonepe_playstore_reviews.csv,en,0.7166666666666667,False,original,589,best app easy to use,1,1.0,other_issues,POSITIVE,0.9983603358268738,0.9983603358268738
beautiful app,,,,,phonepe_playstore_reviews.csv,ro,0.85,False,original,590,beautiful app,1,0.5954695560533527,other_issues,POSITIVE,0.9998687505722046,0.9998687505722046
this app is very usefull,,,,,phonepe_playstore_reviews.csv,en,0.2,False,original,591,this app is very usefull,1,0.5691274770766974,other_issues,POSITIVE,0.9981474876403809,0.9981474876403809
"easy to manage , fast and accurate , secured , easily pay different types of bills through phone pay like electricity bill , mobile recharge , and some ect ......",,,,,phonepe_playstore_reviews.csv,en,0.2933333333333333,False,original,592,easy to manage fast and accurate secured easily pay different types of bills through phone pay like electricity bill mobile recharge and some ect,2,0.22829449288719367,payment_issues,POSITIVE,0.9746869206428528,0.9746869206428528
worsted app i am really disappointed cashback not received it will fraded i will share screenshot but it will be no option share screenshot,,,,,phonepe_playstore_reviews.csv,en,-0.75,False,original,593,worsted app i am really disappointed cashback not received it will fraded i will share screenshot but it will be no option share screenshot,2,1.0,payment_issues,NEGATIVE,0.9952479004859924,-0.9952479004859924
better to use,,,,,phonepe_playstore_reviews.csv,no,0.5,False,original,594,better to use,0,1.0,other_issues,NEGATIVE,0.8657584190368652,-0.8657584190368652
good & perfect app for online payment,,,,,phonepe_playstore_reviews.csv,en,0.85,False,original,595,good perfect app for online payment,2,1.0,payment_issues,POSITIVE,0.9998376369476318,0.9998376369476318
very nice nice nice,,,,,phonepe_playstore_reviews.csv,cs,0.66,False,original,596,very nice nice nice,0,1.0,other_issues,POSITIVE,0.9998537302017212,0.9998537302017212
work get easier,,,,,phonepe_playstore_reviews.csv,af,0.0,False,original,597,work get easier,0,0.4339703051264072,other_issues,POSITIVE,0.8931070566177368,0.8931070566177368
good better,,,,,phonepe_playstore_reviews.csv,af,0.6,False,original,598,good better,-1,0.4026913456689764,uncategorized,POSITIVE,0.9998114705085754,0.9998114705085754
"very good, instead showing in your app send a sms to the concern",,,,,phonepe_playstore_reviews.csv,en,0.91,False,original,599,very good instead showing in your app send a sms to the concern,-1,0.4596805039051087,uncategorized,POSITIVE,0.9981330037117004,0.9981330037117004
most usefull and easy app,,,,,phonepe_playstore_reviews.csv,en,0.4666666666666667,False,original,600,most usefull and easy app,1,0.5914708311260478,other_issues,POSITIVE,0.9954960346221924,0.9954960346221924
my airtel payment bank technical issue problem,,,,,phonepe_playstore_reviews.csv,en,0.0,False,original,601,my airtel payment bank technical issue problem,2,1.0,payment_issues,NEGATIVE,0.9993852376937866,-0.9993852376937866
best app.,,,,,phonepe_playstore_reviews.csv,no,1.0,False,original,602,best app,1,1.0,other_issues,POSITIVE,0.999774158000946,0.999774158000946
indian app good,,,,,phonepe_playstore_reviews.csv,af,0.7,False,original,603,indian app good,-1,0.23662049562065832,uncategorized,POSITIVE,0.9998056292533875,0.9998056292533875
"bad notification, phonepe app",1.0,214anup,2025-10-25T02:37:58-07:00,25.1003.06,app_store_reviews_complete.csv,en,-0.6999999999999998,True,synonym,158,bad notification phonepe app,1,1.0,other_issues,NEGATIVE,0.9996538162231445,-0.9996538162231445
"bad bunny, smartphone app",1.0,214anup,2025-10-25T02:37:58-07:00,25.1003.06,app_store_reviews_complete.csv,en,-0.6999999999999998,True,contextual,158,bad bunny smartphone app,-1,0.3953709728698477,uncategorized,NEGATIVE,0.9978345036506653,-0.9978345036506653
"Disappointed. bad notification, phonepe app Fix this ASAP!",1.0,214anup,2025-10-25T02:37:58-07:00,25.1003.06,app_store_reviews_complete.csv,en,-0.6999999999999998,True,template,158,disappointed bad notification phonepe app fix this asap,1,1.0,other_issues,NEGATIVE,0.9998000264167786,-0.9998000264167786
"""notifications on PhonePe app are terrible""",1.0,214anup,2025-10-25T02:37:58-07:00,25.1003.06,app_store_reviews_complete.csv,en,-0.6999999999999998,True,llm,158,notifications on phonepe app are terrible,1,1.0,other_issues,NEGATIVE,0.9997636675834656,-0.9997636675834656
"spoilt notification, phonepe app",1.0,214anup,2025-10-25T02:37:58-07:00,25.1003.06,app_store_reviews_complete.csv,en,-0.6999999999999998,True,synonym,158,spoilt notification phonepe app,1,1.0,other_issues,NEGATIVE,0.9993782043457031,-0.9993782043457031
bad experience. autopay ' s are unable to erase.,1.0,Jetesh Moudgil,2025-09-29T09:36:57-07:00,25.0905.05,app_store_reviews_complete.csv,en,-0.75,True,synonym,369,bad experience autopay s are unable to erase,2,0.8482076845398123,payment_issues,NEGATIVE,0.9158564805984497,-0.9158564805984497
worst experience. forbes ' apps are perfect for communicate.,1.0,Jetesh Moudgil,2025-09-29T09:36:57-07:00,25.0905.05,app_store_reviews_complete.csv,en,-0.75,True,contextual,369,worst experience forbes apps are perfect for communicate,1,0.2878450351190572,other_issues,NEGATIVE,0.9912531971931458,-0.9912531971931458
Disappointed. worst experience. autopay's are unable to delete. Very frustrated.,1.0,Jetesh Moudgil,2025-09-29T09:36:57-07:00,25.0905.05,app_store_reviews_complete.csv,en,-0.75,True,template,369,disappointed worst experience autopays are unable to delete very frustrated,2,0.7862056700834292,payment_issues,NEGATIVE,0.9995915293693542,-0.9995915293693542
"""Terrible time. Can't remove autopayments.""",1.0,Jetesh Moudgil,2025-09-29T09:36:57-07:00,25.0905.05,app_store_reviews_complete.csv,en,-0.75,True,llm,369,terrible time cant remove autopayments,2,1.0,payment_issues,NEGATIVE,0.9996862411499023,-0.9996862411499023
speculative experience. autopay ' s are ineffectual to edit.,1.0,Jetesh Moudgil,2025-09-29T09:36:57-07:00,25.0905.05,app_store_reviews_complete.csv,en,-0.75,True,synonym,369,speculative experience autopay s are ineffectual to edit,2,1.0,payment_issues,NEGATIVE,0.6849403977394104,-0.6849403977394104
worst upi app,1.0,Aaaaaaaaaakp,2025-10-18T23:27:33-07:00,25.1003.00,app_store_reviews_complete.csv,en,-1.0,True,synonym,203,worst upi app,1,0.6024361573392675,other_issues,NEGATIVE,0.99978107213974,-0.99978107213974
rapid response app,1.0,Aaaaaaaaaakp,2025-10-18T23:27:33-07:00,25.1003.00,app_store_reviews_complete.csv,en,-1.0,True,contextual,203,rapid response app,1,0.5126597433181969,other_issues,POSITIVE,0.9976112842559814,0.9976112842559814
Disappointed. worst upi app Won't use again.,1.0,Aaaaaaaaaakp,2025-10-18T23:27:33-07:00,25.1003.00,app_store_reviews_complete.csv,en,-1.0,True,template,203,disappointed worst upi app wont use again,1,0.5865430972623892,other_issues,NEGATIVE,0.9997327923774719,-0.9997327923774719
This app for UPI payments is the worst.,1.0,Aaaaaaaaaakp,2025-10-18T23:27:33-07:00,25.1003.00,app_store_reviews_complete.csv,en,-1.0,True,llm,203,this app for upi payments is the worst,-1,0.47895130764680427,uncategorized,NEGATIVE,0.9998065829277039,-0.9998065829277039
worst upi app,1.0,Aaaaaaaaaakp,2025-10-18T23:27:33-07:00,25.1003.00,app_store_reviews_complete.csv,en,-1.0,True,synonym,203,worst upi app,1,0.6004870824839971,other_issues,NEGATIVE,0.99978107213974,-0.99978107213974
bad,1.0,Dangi619,2025-10-05T07:38:27-07:00,25.0905.05,app_store_reviews_complete.csv,af,-1.0,True,synonym,315,bad,0,1.0,other_issues,NEGATIVE,0.999782383441925,-0.999782383441925
163,1.0,Dangi619,2025-10-05T07:38:27-07:00,25.0905.05,app_store_reviews_complete.csv,af,-1.0,True,contextual,315,,0,0.8206276897912899,other_issues,POSITIVE,0.9207932353019714,0.9207932353019714
Waste of time. worst Needs improvement.,1.0,Dangi619,2025-10-05T07:38:27-07:00,25.0905.05,app_store_reviews_complete.csv,af,-1.0,True,template,315,waste of time worst needs improvement,0,0.4362405906928871,other_issues,NEGATIVE,0.9998145699501038,-0.9998145699501038
Absolutely terrible!,1.0,Dangi619,2025-10-05T07:38:27-07:00,25.0905.05,app_store_reviews_complete.csv,af,-1.0,True,llm,315,absolutely terrible,0,1.0,other_issues,NEGATIVE,0.9992156028747559,-0.9992156028747559
bad,1.0,Dangi619,2025-10-05T07:38:27-07:00,25.0905.05,app_store_reviews_complete.csv,af,-1.0,True,synonym,315,bad,0,1.0,other_issues,NEGATIVE,0.999782383441925,-0.999782383441925
bad costumier service,1.0,Jahew,2025-10-11T05:39:53-07:00,25.0919.06,app_store_reviews_complete.csv,es,-0.6999999999999998,True,synonym,264,bad costumier service,0,0.39421746787292566,other_issues,NEGATIVE,0.9997656941413879,-0.9997656941413879
national radio service,1.0,Jahew,2025-10-11T05:39:53-07:00,25.0919.06,app_store_reviews_complete.csv,es,-0.6999999999999998,True,contextual,264,national radio service,0,0.7908320892616408,other_issues,POSITIVE,0.9460570216178894,0.9460570216178894
Terrible experience. bad costumer service Very frustrated.,1.0,Jahew,2025-10-11T05:39:53-07:00,25.0919.06,app_store_reviews_complete.csv,es,-0.6999999999999998,True,template,264,terrible experience bad costumer service very frustrated,0,0.46926260619002447,other_issues,NEGATIVE,0.999789297580719,-0.999789297580719
"""poor customer support""",1.0,Jahew,2025-10-11T05:39:53-07:00,25.0919.06,app_store_reviews_complete.csv,es,-0.6999999999999998,True,llm,264,poor customer support,0,0.3982794018318041,other_issues,NEGATIVE,0.9998063445091248,-0.9998063445091248
high risk costumer service,1.0,Jahew,2025-10-11T05:39:53-07:00,25.0919.06,app_store_reviews_complete.csv,es,-0.6999999999999998,True,synonym,264,high risk costumer service,0,0.6127001974290142,other_issues,NEGATIVE,0.8636677265167236,-0.8636677265167236
stupefied app,1.0,Sameer1326383,2025-09-13T23:28:44-07:00,25.0822.06,app_store_reviews_complete.csv,et,-0.7999999999999999,True,synonym,467,stupefied app,1,0.6017219496185666,other_issues,NEGATIVE,0.9984793066978455,-0.9984793066978455
android ap,1.0,Sameer1326383,2025-09-13T23:28:44-07:00,25.0822.06,app_store_reviews_complete.csv,et,-0.7999999999999999,True,contextual,467,android ap,1,1.0,other_issues,POSITIVE,0.7966113090515137,0.7966113090515137
Not recommended. stupid app Needs improvement.,1.0,Sameer1326383,2025-09-13T23:28:44-07:00,25.0822.06,app_store_reviews_complete.csv,et,-0.7999999999999999,True,template,467,not recommended stupid app needs improvement,-1,0.3173882889414511,uncategorized,NEGATIVE,0.999788224697113,-0.999788224697113
This app is so dumb.,1.0,Sameer1326383,2025-09-13T23:28:44-07:00,25.0822.06,app_store_reviews_complete.csv,et,-0.7999999999999999,True,llm,467,this app is so dumb,-1,0.4125730503197671,uncategorized,NEGATIVE,0.9997602105140686,-0.9997602105140686
stupid app,1.0,Sameer1326383,2025-09-13T23:28:44-07:00,25.0822.06,app_store_reviews_complete.csv,et,-0.7999999999999999,True,synonym,467,stupid app,-1,0.4297338325187823,uncategorized,NEGATIVE,0.9997664093971252,-0.9997664093971252
spoiled app i habituate iam invest in amber but the amount is not credited in my accunt only they show the amount is accredit,1.0,Offlx abi,2025-11-07T02:43:26-07:00,25.1017.05,app_store_reviews_complete.csv,en,-1.0,True,synonym,54,spoiled app i habituate iam invest in amber but the amount is not credited in my accunt only they show the amount is accredit,2,0.8824627401976926,payment_issues,NEGATIVE,0.9972041845321655,-0.9972041845321655
worst way i used iam file in gold but the amount so not computed without silver accunt but we show it amount is credited,1.0,Offlx abi,2025-11-07T02:43:26-07:00,25.1017.05,app_store_reviews_complete.csv,en,-1.0,True,contextual,54,worst way i used iam file in gold but the amount so not computed without silver accunt but we show it amount is credited,2,1.0,payment_issues,NEGATIVE,0.7462365031242371,-0.7462365031242371
Terrible experience. worst app i used iam invest in gold but the amount is nt credited in my accunt but they show the amount is credited Very frustrated.,1.0,Offlx abi,2025-11-07T02:43:26-07:00,25.1017.05,app_store_reviews_complete.csv,en,-1.0,True,template,54,terrible experience worst app i used iam invest in gold but the amount is nt credited in my accunt but they show the amount is credited very frustrated,2,1.0,payment_issues,NEGATIVE,0.9992326498031616,-0.9992326498031616
"""The app is terrible, I invested in gold but the money isn't showing up in my account even though they claim it's there.""",1.0,Offlx abi,2025-11-07T02:43:26-07:00,25.1017.05,app_store_reviews_complete.csv,en,-1.0,True,llm,54,the app is terrible i invested in gold but the money isnt showing up in my account even though they claim its there,2,0.8145381352145495,payment_issues,NEGATIVE,0.9993451237678528,-0.9993451237678528
sorry app i expend iam invest in atomic number 79 merely the measure is not credited in my accunt but they show the amount is credited,1.0,Offlx abi,2025-11-07T02:43:26-07:00,25.1017.05,app_store_reviews_complete.csv,en,-1.0,True,synonym,54,sorry app i expend iam invest in atomic number merely the measure is not credited in my accunt but they show the amount is credited,2,0.9431460031875105,payment_issues,NEGATIVE,0.9884516000747681,-0.9884516000747681
hey! my dear hoi polloi ' s please do nt install the your mobile phone pay is very terrible and wrost app. im not hppy and gratification. this is the humanity bad app.,1.0,Hit‘s solanki,2025-09-18T02:59:00-07:00,25.0905.00,app_store_reviews_complete.csv,en,-0.8049999999999998,True,synonym,445,hey my dear hoi polloi s please do nt install the your mobile phone pay is very terrible and wrost app im not hppy and gratification this is the humanity bad app,-1,0.20919722245129937,uncategorized,NEGATIVE,0.9993966817855835,-0.9993966817855835
bravo! my various people ' s will do to install the apps my phone pay is very pretty bad and useless app. certainly not hppy and satisfaction. this is the world cloud app.,1.0,Hit‘s solanki,2025-09-18T02:59:00-07:00,25.0905.00,app_store_reviews_complete.csv,en,-0.8049999999999998,True,contextual,445,bravo my various people s will do to install the apps my phone pay is very pretty bad and useless app certainly not hppy and satisfaction this is the world cloud app,-1,0.21548150901547167,uncategorized,NEGATIVE,0.9998094439506531,-0.9998094439506531
Waste of time. hey ! my dear people's please do not install the your mobile phone pay is very very bad and wrost app . im not hppy and satisfaction . this is the world bad app . Won't use again.,1.0,Hit‘s solanki,2025-09-18T02:59:00-07:00,25.0905.00,app_store_reviews_complete.csv,en,-0.8049999999999998,True,template,445,waste of time hey my dear peoples please do not install the your mobile phone pay is very very bad and wrost app im not hppy and satisfaction this is the world bad app wont use again,-1,0.20303593958814908,uncategorized,NEGATIVE,0.999603807926178,-0.999603807926178
"Hey there! Guys, please don't download this mobile payment app, it's really terrible and the worst. I'm not happy and satisfied at all. This app is the worst in the world.",1.0,Hit‘s solanki,2025-09-18T02:59:00-07:00,25.0905.00,app_store_reviews_complete.csv,en,-0.8049999999999998,True,llm,445,hey there guys please dont download this mobile payment app its really terrible and the worst im not happy and satisfied at all this app is the worst in the world,-1,0.22211823951187484,uncategorized,NEGATIVE,0.9998050332069397,-0.9998050332069397
hey! my near citizenry ' s please coif not establish the your wandering phone pay is very terrible and wrost app. im non hppy nd satisfaction. this is the world high risk app.,1.0,Hit‘s solanki,2025-09-18T02:59:00-07:00,25.0905.00,app_store_reviews_complete.csv,en,-0.8049999999999998,True,synonym,445,hey my near citizenry s please coif not establish the your wandering phone pay is very terrible and wrost app im non hppy nd satisfaction this is the world high risk app,-1,0.22651903873545245,uncategorized,NEGATIVE,0.9988155364990234,-0.9988155364990234
"why be this app adding pay use phonepe upi spam after every exclusive payment? like when you stimulate to share the screenshot with mortal, for example whatsapp this app adds the spam mechanically each time. it ' s rattling annoying.",1.0,FaZe Aditya,2025-10-28T03:39:12-07:00,25.1003.06,app_store_reviews_complete.csv,en,-0.5357142857142857,True,synonym,137,why be this app adding pay use phonepe upi spam after every exclusive payment like when you stimulate to share the screenshot with mortal for example whatsapp this app adds the spam mechanically each time it s rattling annoying,1,1.0,other_issues,NEGATIVE,0.9995930790901184,-0.9995930790901184
"why try this app with your money phonepe upi spam after every single payment? like when you have facebook share the account with someone, for example whatsapp this website adds phone spam automatically every day. it ' s very annoying.",1.0,FaZe Aditya,2025-10-28T03:39:12-07:00,25.1003.06,app_store_reviews_complete.csv,en,-0.5357142857142857,True,contextual,137,why try this app with your money phonepe upi spam after every single payment like when you have facebook share the account with someone for example whatsapp this website adds phone spam automatically every day it s very annoying,1,1.0,other_issues,NEGATIVE,0.9996065497398376,-0.9996065497398376
"Disappointed. why is this app adding paid using phonepe upi spam after every single payment? like when you have to share the screenshot with someone, for example whatsapp this app adds the spam automatically each time. it's very annoying. Needs improvement.",1.0,FaZe Aditya,2025-10-28T03:39:12-07:00,25.1003.06,app_store_reviews_complete.csv,en,-0.5357142857142857,True,template,137,disappointed why is this app adding paid using phonepe upi spam after every single payment like when you have to share the screenshot with someone for example whatsapp this app adds the spam automatically each time its very annoying needs improvement,1,1.0,other_issues,NEGATIVE,0.9997944235801697,-0.9997944235801697
"""Why does this app keep including PhonePe UPI payment ads after every single transaction? For instance, when you share a screenshot on WhatsApp, the app automatically inserts the ads every time. It's really frustrating.""",1.0,FaZe Aditya,2025-10-28T03:39:12-07:00,25.1003.06,app_store_reviews_complete.csv,en,-0.5357142857142857,True,llm,137,why does this app keep including phonepe upi payment ads after every single transaction for instance when you share a screenshot on whatsapp the app automatically inserts the ads every time its really frustrating,1,1.0,other_issues,NEGATIVE,0.9995730519294739,-0.9995730519294739
"why be this app adding paid using phonepe upi spam after every single requital? like when you stimulate to plowshare the screenshot with someone, for example whatsapp this app adds the junk e mail automatically each time. it ' s very nark.",1.0,FaZe Aditya,2025-10-28T03:39:12-07:00,25.1003.06,app_store_reviews_complete.csv,en,-0.5357142857142857,True,synonym,137,why be this app adding paid using phonepe upi spam after every single requital like when you stimulate to plowshare the screenshot with someone for example whatsapp this app adds the junk e mail automatically each time it s very nark,1,1.0,other_issues,NEGATIVE,0.9994352459907532,-0.9994352459907532
information technology ' s very bad to give permission for auto pay information technology ' s our choise,1.0,haroon19k,2025-09-28T11:39:09-07:00,25.0905.05,app_store_reviews_complete.csv,en,-0.9099999999999998,True,synonym,375,information technology s very bad to give permission for auto pay information technology s our choise,2,1.0,payment_issues,NEGATIVE,0.9997429251670837,-0.9997429251670837
it ' r very bad to pay some your auto as somebody ' s our choise,1.0,haroon19k,2025-09-28T11:39:09-07:00,25.0905.05,app_store_reviews_complete.csv,en,-0.9099999999999998,True,contextual,375,it r very bad to pay some your auto as somebody s our choise,2,1.0,payment_issues,NEGATIVE,0.9997625946998596,-0.9997625946998596
Waste of time. it's very bad to give permission for auto pay it's our choise Fix this ASAP!,1.0,haroon19k,2025-09-28T11:39:09-07:00,25.0905.05,app_store_reviews_complete.csv,en,-0.9099999999999998,True,template,375,waste of time its very bad to give permission for auto pay its our choise fix this asap,2,1.0,payment_issues,NEGATIVE,0.9998241066932678,-0.9998241066932678
Allowing automatic payments without our consent is not good because we should have the option to choose.,1.0,haroon19k,2025-09-28T11:39:09-07:00,25.0905.05,app_store_reviews_complete.csv,en,-0.9099999999999998,True,llm,375,allowing automatic payments without our consent is not good because we should have the option to choose,2,0.8142084776172948,payment_issues,NEGATIVE,0.9997308850288391,-0.9997308850288391
information technology ' s very regretful to return permission for auto pay it ' s our choise,1.0,haroon19k,2025-09-28T11:39:09-07:00,25.0905.05,app_store_reviews_complete.csv,en,-0.9099999999999998,True,synonym,375,information technology s very regretful to return permission for auto pay it s our choise,2,1.0,payment_issues,NEGATIVE,0.993798553943634,-0.993798553943634
"my report keep getting logged come out of the closet and make out not login today. risky payment app. says kyc pending, what kyc man? i am using former payment apps, and also i have do this once now happened again twice in a week. now when i click contact funding, error 404 not found. deleting this app for ever.",1.0,Satwik sinha,2025-10-03T00:52:32-07:00,25.0905.05,app_store_reviews_complete.csv,en,-0.5625,True,synonym,331,my report keep getting logged come out of the closet and make out not login today risky payment app says kyc pending what kyc man i am using former payment apps and also i have do this once now happened again twice in a week now when i click contact funding error not found deleting this app for ever,-1,0.28569364390856045,uncategorized,NEGATIVE,0.9988735318183899,-0.9988735318183899
"my user keeps getting logged out and does correct login now. worst payment app. says kyc pending, what kyc man? i am using other payments technology, and also i have done this once now happened again twice in a day. now when i click contact support, error detection being found. zero security code for ever.",1.0,Satwik sinha,2025-10-03T00:52:32-07:00,25.0905.05,app_store_reviews_complete.csv,en,-0.5625,True,contextual,331,my user keeps getting logged out and does correct login now worst payment app says kyc pending what kyc man i am using other payments technology and also i have done this once now happened again twice in a day now when i click contact support error detection being found zero security code for ever,-1,0.28697287319049736,uncategorized,NEGATIVE,0.99947589635849,-0.99947589635849
"Disappointed. my account keeps getting logged out and does not login now. worst payment app. says kyc pending, what kyc man? i am using other payment apps, and also i have done this once now happened again twice in a week. now when i click contact support, error 404 not found. deleting this app for ever. Very frustrated.",1.0,Satwik sinha,2025-10-03T00:52:32-07:00,25.0905.05,app_store_reviews_complete.csv,en,-0.5625,True,template,331,disappointed my account keeps getting logged out and does not login now worst payment app says kyc pending what kyc man i am using other payment apps and also i have done this once now happened again twice in a week now when i click contact support error not found deleting this app for ever very frustrated,-1,0.28994222596037145,uncategorized,NEGATIVE,0.9993390440940857,-0.9993390440940857
"My account keeps logging me out and won't let me log in. This payment app is the worst. It keeps saying my KYC is pending, like seriously, what KYC? I prefer other payment apps and this issue has happened twice in a week now. And when I try to contact support, I get a 404 error. Deleting this app forever.",1.0,Satwik sinha,2025-10-03T00:52:32-07:00,25.0905.05,app_store_reviews_complete.csv,en,-0.5625,True,llm,331,my account keeps logging me out and wont let me log in this payment app is the worst it keeps saying my kyc is pending like seriously what kyc i prefer other payment apps and this issue has happened twice in a week now and when i try to contact support i get a error deleting this app forever,-1,0.2829326608249707,uncategorized,NEGATIVE,0.9996656179428101,-0.9996656179428101
"my account keep produce logged out and does not login like a shot. worst payment app. says kyc pending, what kyc man? ane am using other payment apps, and also i have done this erst now happened again twice in a calendar week. now when i click contact support, error 404 non found. deleting this app for ever.",1.0,Satwik sinha,2025-10-03T00:52:32-07:00,25.0905.05,app_store_reviews_complete.csv,en,-0.5625,True,synonym,331,my account keep produce logged out and does not login like a shot worst payment app says kyc pending what kyc man ane am using other payment apps and also i have done this erst now happened again twice in a calendar week now when i click contact support error non found deleting this app for ever,-1,0.27493332773860796,uncategorized,NEGATIVE,0.9987198114395142,-0.9987198114395142
your stupidity to set app as default uninstalling ap never install once again,1.0,Sachin sac sac,2025-10-04T11:26:35-07:00,25.0905.05,app_store_reviews_complete.csv,en,-0.6,True,synonym,320,your stupidity to set app as default uninstalling ap never install once again,-1,0.20849117588450594,uncategorized,NEGATIVE,0.9989321827888489,-0.9989321827888489
your stupidity program set app as default app search periodically works again,1.0,Sachin sac sac,2025-10-04T11:26:35-07:00,25.0905.05,app_store_reviews_complete.csv,en,-0.6,True,contextual,320,your stupidity program set app as default app search periodically works again,-1,0.16139268435145637,uncategorized,NEGATIVE,0.9972012042999268,-0.9972012042999268
Waste of time. your stupidity to set app as default uninstalling app never install again Fix this ASAP!,1.0,Sachin sac sac,2025-10-04T11:26:35-07:00,25.0905.05,app_store_reviews_complete.csv,en,-0.6,True,template,320,waste of time your stupidity to set app as default uninstalling app never install again fix this asap,-1,0.15054477026146873,uncategorized,NEGATIVE,0.9998100399971008,-0.9998100399971008
"""Why would you make the app default and then uninstall it? That's a dumb move. Won't be reinstalling it again.""",1.0,Sachin sac sac,2025-10-04T11:26:35-07:00,25.0905.05,app_store_reviews_complete.csv,en,-0.6,True,llm,320,why would you make the app default and then uninstall it thats a dumb move wont be reinstalling it again,-1,0.14428934116954567,uncategorized,NEGATIVE,0.9996787309646606,-0.9996787309646606
your imbecility to set app as default uninstalling app never install again,1.0,Sachin sac sac,2025-10-04T11:26:35-07:00,25.0905.05,app_store_reviews_complete.csv,en,-0.6,True,synonym,320,your imbecility to set app as default uninstalling app never install again,-1,0.14467596283370848,uncategorized,NEGATIVE,0.9955021739006042,-0.9955021739006042
worst customer service not able bodied to rectify number taking more than 2 week and still needs time worst speculative worst please do non invest in any investment with them stay aside from this app,1.0,Thim007,2025-09-13T10:10:10-07:00,25.0822.06,app_store_reviews_complete.csv,en,-0.625,True,synonym,469,worst customer service not able bodied to rectify number taking more than week and still needs time worst speculative worst please do non invest in any investment with them stay aside from this app,-1,0.26138169395915833,uncategorized,NEGATIVE,0.9997348189353943,-0.9997348189353943
worst customer service application configured to rectify issue is more hours 18 weeks and still needs time worst worst worst software do not invest in any investment with microsoft unless liable for this app,1.0,Thim007,2025-09-13T10:10:10-07:00,25.0822.06,app_store_reviews_complete.csv,en,-0.625,True,contextual,469,worst customer service application configured to rectify issue is more hours weeks and still needs time worst worst worst software do not invest in any investment with microsoft unless liable for this app,-1,0.2585680113557288,uncategorized,NEGATIVE,0.9996691942214966,-0.9996691942214966
Waste of time. worst customer service not able to rectify issue taking more than 2 weeks and still needs time worst worst worst please do not invest in any investment with them stay away from this app Needs improvement.,1.0,Thim007,2025-09-13T10:10:10-07:00,25.0822.06,app_store_reviews_complete.csv,en,-0.625,True,template,469,waste of time worst customer service not able to rectify issue taking more than weeks and still needs time worst worst worst please do not invest in any investment with them stay away from this app needs improvement,-1,0.2543859719071419,uncategorized,NEGATIVE,0.9997573494911194,-0.9997573494911194
"The customer service is terrible, they can't fix the issue after 2 weeks and it's still not resolved. Don't invest with them, stay away from this app.",1.0,Thim007,2025-09-13T10:10:10-07:00,25.0822.06,app_store_reviews_complete.csv,en,-0.625,True,llm,469,the customer service is terrible they cant fix the issue after weeks and its still not resolved dont invest with them stay away from this app,-1,0.25949980607692247,uncategorized,NEGATIVE,0.9996802806854248,-0.9996802806854248
worst customer service non capable to rectify issue taking more than ii weeks and still needs fourth dimension bad worst spoiled please do not vest in any investment with them stay away from this app,1.0,Thim007,2025-09-13T10:10:10-07:00,25.0822.06,app_store_reviews_complete.csv,en,-0.625,True,synonym,469,worst customer service non capable to rectify issue taking more than ii weeks and still needs fourth dimension bad worst spoiled please do not vest in any investment with them stay away from this app,-1,0.25453244540172754,uncategorized,NEGATIVE,0.9997019171714783,-0.9997019171714783
one hate ads,3.0,Rahil Alvi,2025-10-23T04:48:54-07:00,25.1003.06,app_store_reviews_complete.csv,da,-0.8,True,synonym,173,one hate ads,-1,0.20713764860986486,uncategorized,NEGATIVE,0.993281364440918,-0.993281364440918
i ran ads,3.0,Rahil Alvi,2025-10-23T04:48:54-07:00,25.1003.06,app_store_reviews_complete.csv,da,-0.8,True,contextual,173,i ran ads,-1,0.2068503559528511,uncategorized,NEGATIVE,0.9977018237113953,-0.9977018237113953
i hate ads Could be better.,3.0,Rahil Alvi,2025-10-23T04:48:54-07:00,25.1003.06,app_store_reviews_complete.csv,da,-0.8,True,template,173,i hate ads could be better,-1,0.20474929356474209,uncategorized,NEGATIVE,0.9988632202148438,-0.9988632202148438
"""I can't stand all these advertisements.""",3.0,Rahil Alvi,2025-10-23T04:48:54-07:00,25.1003.06,app_store_reviews_complete.csv,da,-0.8,True,llm,173,i cant stand all these advertisements,-1,0.20485567715250105,uncategorized,NEGATIVE,0.9995562434196472,-0.9995562434196472
i detest ads,3.0,Rahil Alvi,2025-10-23T04:48:54-07:00,25.1003.06,app_store_reviews_complete.csv,da,-0.8,True,synonym,173,i detest ads,-1,0.2003169131091362,uncategorized,NEGATIVE,0.9922674298286438,-0.9922674298286438
very ugly user user interface. ane don river ' tetraiodothyronine like it.,,,,,phonepe_playstore_reviews.csv,no,-0.91,True,synonym,578,very ugly user user interface ane don river tetraiodothyronine like it,0,0.7781120667782543,other_issues,NEGATIVE,0.9997773766517639,-0.9997773766517639
very neat user tools. i hadn ' t like robots.,,,,,phonepe_playstore_reviews.csv,no,-0.91,True,contextual,578,very neat user tools i hadn t like robots,0,0.8208290588498887,other_issues,POSITIVE,0.9554806351661682,0.9554806351661682
Average. very ugly user interface. i don't like it.,,,,,phonepe_playstore_reviews.csv,no,-0.91,True,template,578,average very ugly user interface i dont like it,0,1.0,other_issues,NEGATIVE,0.999800980091095,-0.999800980091095
The user interface is really unattractive. Not a fan of it.,,,,,phonepe_playstore_reviews.csv,no,-0.91,True,llm,578,the user interface is really unattractive not a fan of it,0,1.0,other_issues,NEGATIVE,0.9988202452659607,-0.9988202452659607
very ugly user user interface. one don ' triiodothyronine like it.,,,,,phonepe_playstore_reviews.csv,no,-0.91,True,synonym,578,very ugly user user interface one don triiodothyronine like it,0,0.7443739446454081,other_issues,NEGATIVE,0.9998019337654114,-0.9998019337654114
very leisurely,5.0,Pizburg,2025-10-22T13:28:04-07:00,25.1003.00,dataset_apple-app-store-review-scraper.csv,en,0.5633333333333334,True,synonym,479,very leisurely,0,1.0,other_issues,POSITIVE,0.9996931552886963,0.9996931552886963
very nice,5.0,Pizburg,2025-10-22T13:28:04-07:00,25.1003.00,dataset_apple-app-store-review-scraper.csv,en,0.5633333333333334,True,contextual,479,very nice,0,1.0,other_issues,POSITIVE,0.9998563528060913,0.9998563528060913
Amazing! very easy Worth trying.,5.0,Pizburg,2025-10-22T13:28:04-07:00,25.1003.00,dataset_apple-app-store-review-scraper.csv,en,0.5633333333333334,True,template,479,amazing very easy worth trying,0,0.9310295160052946,other_issues,POSITIVE,0.9998759031295776,0.9998759031295776
super simple,5.0,Pizburg,2025-10-22T13:28:04-07:00,25.1003.00,dataset_apple-app-store-review-scraper.csv,en,0.5633333333333334,True,llm,479,super simple,0,0.5700947054072891,other_issues,POSITIVE,0.9995777010917664,0.9995777010917664
very well off,5.0,Pizburg,2025-10-22T13:28:04-07:00,25.1003.00,dataset_apple-app-store-review-scraper.csv,en,0.5633333333333334,True,synonym,479,very well off,0,0.8107147582032319,other_issues,POSITIVE,0.8797665238380432,0.8797665238380432
love information technology,5.0,TUSH7272,2025-10-09T03:20:09-07:00,25.0919.06,app_store_reviews_complete.csv,sl,0.5,True,synonym,284,love information technology,-1,0.2697254520102099,uncategorized,POSITIVE,0.9998654127120972,0.9998654127120972
love stories,5.0,TUSH7272,2025-10-09T03:20:09-07:00,25.0919.06,app_store_reviews_complete.csv,sl,0.5,True,contextual,284,love stories,0,0.6464054604928842,other_issues,POSITIVE,0.9997950196266174,0.9997950196266174
Love this app! love it Five stars!,5.0,TUSH7272,2025-10-09T03:20:09-07:00,25.0919.06,app_store_reviews_complete.csv,sl,0.5,True,template,284,love this app love it five stars,1,1.0,other_issues,POSITIVE,0.999871015548706,0.999871015548706
I really like it,5.0,TUSH7272,2025-10-09T03:20:09-07:00,25.0919.06,app_store_reviews_complete.csv,sl,0.5,True,llm,284,i really like it,0,1.0,other_issues,POSITIVE,0.9998546838760376,0.9998546838760376
jazz it,5.0,TUSH7272,2025-10-09T03:20:09-07:00,25.0919.06,app_store_reviews_complete.csv,sl,0.5,True,synonym,284,jazz it,0,1.0,other_issues,POSITIVE,0.9994142055511475,0.9994142055511475
can cost improved,1.0,10000 i lost,2025-11-09T05:08:59-07:00,25.1017.05,app_store_reviews_complete.csv,en,0.0,True,synonym,34,can cost improved,0,0.4322828173633807,other_issues,POSITIVE,0.9887660145759583,0.9887660145759583
can include improved,1.0,10000 i lost,2025-11-09T05:08:59-07:00,25.1017.05,app_store_reviews_complete.csv,en,0.0,True,contextual,34,can include improved,0,0.437404704237297,other_issues,POSITIVE,0.9995133876800537,0.9995133876800537
Waste of time. can be improved Very frustrated.,1.0,10000 i lost,2025-11-09T05:08:59-07:00,25.1017.05,app_store_reviews_complete.csv,en,0.0,True,template,34,waste of time can be improved very frustrated,0,0.4306936826915623,other_issues,NEGATIVE,0.9998192191123962,-0.9998192191123962
"""room for improvement""",1.0,10000 i lost,2025-11-09T05:08:59-07:00,25.1017.05,app_store_reviews_complete.csv,en,0.0,True,llm,34,room for improvement,0,0.435072898420334,other_issues,NEGATIVE,0.9993674159049988,-0.9993674159049988
can be meliorate,1.0,10000 i lost,2025-11-09T05:08:59-07:00,25.1017.05,app_store_reviews_complete.csv,en,0.0,True,synonym,34,can be meliorate,-1,0.2906006177512805,uncategorized,NEGATIVE,0.9997565150260925,-0.9997565150260925
serious upi app forever,5.0,Kailash 007,2025-10-07T19:15:12-07:00,25.0905.05,app_store_reviews_complete.csv,no,1.0,True,synonym,296,serious upi app forever,1,1.0,other_issues,POSITIVE,0.9985550045967102,0.9985550045967102
2012 upi app collection,5.0,Kailash 007,2025-10-07T19:15:12-07:00,25.0905.05,app_store_reviews_complete.csv,no,1.0,True,contextual,296,upi app collection,1,1.0,other_issues,POSITIVE,0.9547953009605408,0.9547953009605408
Great experience. best upi app forever Keep it up!,5.0,Kailash 007,2025-10-07T19:15:12-07:00,25.0905.05,app_store_reviews_complete.csv,no,1.0,True,template,296,great experience best upi app forever keep it up,1,1.0,other_issues,POSITIVE,0.9998425245285034,0.9998425245285034
"Love this UPI app, it's the best one yet!",5.0,Kailash 007,2025-10-07T19:15:12-07:00,25.0905.05,app_store_reviews_complete.csv,no,1.0,True,llm,296,love this upi app its the best one yet,1,1.0,other_issues,POSITIVE,0.9998750686645508,0.9998750686645508
best upi app forever,5.0,Kailash 007,2025-10-07T19:15:12-07:00,25.0905.05,app_store_reviews_complete.csv,no,1.0,True,synonym,296,best upi app forever,1,1.0,other_issues,POSITIVE,0.9996111989021301,0.9996111989021301
application represent loyal and extremely easy to use,5.0,a5_anand,2025-10-11T19:25:47-07:00,25.0919.06,dataset_apple-app-store-review-scraper.csv,en,0.3166666666666666,True,synonym,481,application represent loyal and extremely easy to use,1,0.4963015870916943,other_issues,POSITIVE,0.9994373917579651,0.9994373917579651
application is inexpensive and fairly easy to install,5.0,a5_anand,2025-10-11T19:25:47-07:00,25.0919.06,dataset_apple-app-store-review-scraper.csv,en,0.3166666666666666,True,contextual,481,application is inexpensive and fairly easy to install,1,0.43930078018156044,other_issues,POSITIVE,0.9981009364128113,0.9981009364128113
Amazing! application is fast and extremely easy to use Keep it up!,5.0,a5_anand,2025-10-11T19:25:47-07:00,25.0919.06,dataset_apple-app-store-review-scraper.csv,en,0.3166666666666666,True,template,481,amazing application is fast and extremely easy to use keep it up,1,0.5713395780838967,other_issues,POSITIVE,0.9997076392173767,0.9997076392173767
The app is quick and really simple to navigate.,5.0,a5_anand,2025-10-11T19:25:47-07:00,25.0919.06,dataset_apple-app-store-review-scraper.csv,en,0.3166666666666666,True,llm,481,the app is quick and really simple to navigate,1,0.5187239326908042,other_issues,POSITIVE,0.9990037083625793,0.9990037083625793
diligence is fast and extremely well situated to use,5.0,a5_anand,2025-10-11T19:25:47-07:00,25.0919.06,dataset_apple-app-store-review-scraper.csv,en,0.3166666666666666,True,synonym,481,diligence is fast and extremely well situated to use,0,0.3175906729949437,other_issues,POSITIVE,0.9995537400245667,0.9995537400245667
malesh,5.0,VDKmm,2025-11-13T05:59:23-07:00,25.1031.00,app_store_reviews_complete.csv,sq,0.0,True,synonym,2,malesh,3,0.258980751192553,other_issues,POSITIVE,0.9837148785591125,0.9837148785591125
169,5.0,VDKmm,2025-11-13T05:59:23-07:00,25.1031.00,app_store_reviews_complete.csv,sq,0.0,True,contextual,2,,0,0.2521233596364031,other_issues,POSITIVE,0.9176824688911438,0.9176824688911438
Amazing! malesh Five stars!,5.0,VDKmm,2025-11-13T05:59:23-07:00,25.1031.00,app_store_reviews_complete.csv,sq,0.0,True,template,2,amazing malesh five stars,3,1.0,other_issues,POSITIVE,0.9998642206192017,0.9998642206192017
"""male shoes""",5.0,VDKmm,2025-11-13T05:59:23-07:00,25.1031.00,app_store_reviews_complete.csv,sq,0.0,True,llm,2,male shoes,3,0.24175494498153907,other_issues,NEGATIVE,0.8588962554931641,-0.8588962554931641
malesh,5.0,VDKmm,2025-11-13T05:59:23-07:00,25.1031.00,app_store_reviews_complete.csv,sq,0.0,True,synonym,2,malesh,3,0.24891354361021917,other_issues,POSITIVE,0.9837148785591125,0.9837148785591125
beneficial and fastest servicing and easy access,5.0,Harvindra singhal,2025-11-13T04:06:39-07:00,25.1031.00,app_store_reviews_complete.csv,en,0.5666666666666667,True,synonym,4,beneficial and fastest servicing and easy access,0,1.0,other_issues,POSITIVE,0.9998445510864258,0.9998445510864258
good and fastest functioning and safe availability,5.0,Harvindra singhal,2025-11-13T04:06:39-07:00,25.1031.00,app_store_reviews_complete.csv,en,0.5666666666666667,True,contextual,4,good and fastest functioning and safe availability,0,1.0,other_issues,POSITIVE,0.9998078942298889,0.9998078942298889
Highly recommend. good and fastest services and easy access Five stars!,5.0,Harvindra singhal,2025-11-13T04:06:39-07:00,25.1031.00,app_store_reviews_complete.csv,en,0.5666666666666667,True,template,4,highly recommend good and fastest services and easy access five stars,0,0.8089396339391718,other_issues,POSITIVE,0.9998643398284912,0.9998643398284912
"""Great service, super quick, and super easy to use!""",5.0,Harvindra singhal,2025-11-13T04:06:39-07:00,25.1031.00,app_store_reviews_complete.csv,en,0.5666666666666667,True,llm,4,great service super quick and super easy to use,0,1.0,other_issues,POSITIVE,0.9998109936714172,0.9998109936714172
good and fastest services and easygoing access code,5.0,Harvindra singhal,2025-11-13T04:06:39-07:00,25.1031.00,app_store_reviews_complete.csv,en,0.5666666666666667,True,synonym,4,good and fastest services and easygoing access code,0,0.8511468957405928,other_issues,POSITIVE,0.9998290538787842,0.9998290538787842
jagtap,1.0,Pradip Jagtap,2025-11-12T20:35:39-07:00,25.1031.00,app_store_reviews_complete.csv,tl,0.0,True,synonym,5,jagtap,4,1.0,other_issues,NEGATIVE,0.9909067153930664,-0.9909067153930664
221,1.0,Pradip Jagtap,2025-11-12T20:35:39-07:00,25.1031.00,app_store_reviews_complete.csv,tl,0.0,True,contextual,5,,0,1.0,other_issues,POSITIVE,0.9755438566207886,0.9755438566207886
Not recommended. jagtap Fix this ASAP!,1.0,Pradip Jagtap,2025-11-12T20:35:39-07:00,25.1031.00,app_store_reviews_complete.csv,tl,0.0,True,template,5,not recommended jagtap fix this asap,4,1.0,other_issues,NEGATIVE,0.9996218681335449,-0.9996218681335449
jagtap,1.0,Pradip Jagtap,2025-11-12T20:35:39-07:00,25.1031.00,app_store_reviews_complete.csv,tl,0.0,True,llm,5,jagtap,4,1.0,other_issues,NEGATIVE,0.9909067153930664,-0.9909067153930664
jagtap,1.0,Pradip Jagtap,2025-11-12T20:35:39-07:00,25.1031.00,app_store_reviews_complete.csv,tl,0.0,True,synonym,5,jagtap,4,1.0,other_issues,NEGATIVE,0.9909067153930664,-0.9909067153930664
good experimental condition,5.0,Abhishek Maury,2025-11-12T16:08:59-07:00,25.1031.00,app_store_reviews_complete.csv,en,0.7,True,synonym,6,good experimental condition,-1,0.3683660676806179,uncategorized,POSITIVE,0.9998038411140442,0.9998038411140442
good bye,5.0,Abhishek Maury,2025-11-12T16:08:59-07:00,25.1031.00,app_store_reviews_complete.csv,en,0.7,True,contextual,6,good bye,0,0.10176030039656717,other_issues,POSITIVE,0.9996273517608643,0.9996273517608643
Great experience. good condition Keep it up!,5.0,Abhishek Maury,2025-11-12T16:08:59-07:00,25.1031.00,app_store_reviews_complete.csv,en,0.7,True,template,6,great experience good condition keep it up,0,1.0,other_issues,POSITIVE,0.9998515844345093,0.9998515844345093
in good shape,5.0,Abhishek Maury,2025-11-12T16:08:59-07:00,25.1031.00,app_store_reviews_complete.csv,en,0.7,True,llm,6,in good shape,0,0.6005461482678873,other_issues,POSITIVE,0.9998446702957153,0.9998446702957153
proficient condition,5.0,Abhishek Maury,2025-11-12T16:08:59-07:00,25.1031.00,app_store_reviews_complete.csv,en,0.7,True,synonym,6,proficient condition,0,1.0,other_issues,POSITIVE,0.9857038855552673,0.9857038855552673
it ' s amazing,5.0,Anmol deol,2025-11-12T05:34:19-07:00,25.1031.00,app_store_reviews_complete.csv,tl,0.6000000000000001,True,synonym,8,it s amazing,0,1.0,other_issues,POSITIVE,0.9998785257339478,0.9998785257339478
run ' s okay,5.0,Anmol deol,2025-11-12T05:34:19-07:00,25.1031.00,app_store_reviews_complete.csv,tl,0.6000000000000001,True,contextual,8,run s okay,0,0.34050383870221884,other_issues,POSITIVE,0.9996547698974609,0.9996547698974609
Highly recommend. it's amazing Worth trying.,5.0,Anmol deol,2025-11-12T05:34:19-07:00,25.1031.00,app_store_reviews_complete.csv,tl,0.6000000000000001,True,template,8,highly recommend its amazing worth trying,0,0.2077180131273726,other_issues,POSITIVE,0.9998857975006104,0.9998857975006104
"""It's fantastic""",5.0,Anmol deol,2025-11-12T05:34:19-07:00,25.1031.00,app_store_reviews_complete.csv,tl,0.6000000000000001,True,llm,8,its fantastic,0,1.0,other_issues,POSITIVE,0.9998757839202881,0.9998757839202881
it ' s amazing,5.0,Anmol deol,2025-11-12T05:34:19-07:00,25.1031.00,app_store_reviews_complete.csv,tl,0.6000000000000001,True,synonym,8,it s amazing,0,0.6542287529685361,other_issues,POSITIVE,0.9998785257339478,0.9998785257339478
outdated port,1.0,Mickypandu,2025-11-12T05:33:14-07:00,25.1031.00,app_store_reviews_complete.csv,en,-0.4000000000000001,True,synonym,9,outdated port,0,1.0,other_issues,NEGATIVE,0.9997184872627258,-0.9997184872627258
functional interface,1.0,Mickypandu,2025-11-12T05:33:14-07:00,25.1031.00,app_store_reviews_complete.csv,en,-0.4000000000000001,True,contextual,9,functional interface,0,0.8093623405224201,other_issues,POSITIVE,0.9967483282089233,0.9967483282089233
Not recommended. outdated interface Needs improvement.,1.0,Mickypandu,2025-11-12T05:33:14-07:00,25.1031.00,app_store_reviews_complete.csv,en,-0.4000000000000001,True,template,9,not recommended outdated interface needs improvement,0,1.0,other_issues,NEGATIVE,0.9997187256813049,-0.9997187256813049
"""interface needs an update""",1.0,Mickypandu,2025-11-12T05:33:14-07:00,25.1031.00,app_store_reviews_complete.csv,en,-0.4000000000000001,True,llm,9,interface needs an update,0,1.0,other_issues,NEGATIVE,0.998417854309082,-0.998417854309082
outdated interface,1.0,Mickypandu,2025-11-12T05:33:14-07:00,25.1031.00,app_store_reviews_complete.csv,en,-0.4000000000000001,True,synonym,9,outdated interface,0,1.0,other_issues,NEGATIVE,0.9997835755348206,-0.9997835755348206
splendid speed,5.0,Hvrrrddy,2025-11-12T01:00:20-07:00,25.1017.05,app_store_reviews_complete.csv,nl,1.0,True,synonym,11,splendid speed,0,1.0,other_issues,POSITIVE,0.999883770942688,0.999883770942688
peak speed,5.0,Hvrrrddy,2025-11-12T01:00:20-07:00,25.1017.05,app_store_reviews_complete.csv,nl,1.0,True,contextual,11,peak speed,0,1.0,other_issues,POSITIVE,0.998992383480072,0.998992383480072
Love this app! excellent speed Best app ever.,5.0,Hvrrrddy,2025-11-12T01:00:20-07:00,25.1017.05,app_store_reviews_complete.csv,nl,1.0,True,template,11,love this app excellent speed best app ever,-1,0.43612993998852434,uncategorized,POSITIVE,0.9998538494110107,0.9998538494110107
"""great speed""",5.0,Hvrrrddy,2025-11-12T01:00:20-07:00,25.1017.05,app_store_reviews_complete.csv,nl,1.0,True,llm,11,great speed,0,1.0,other_issues,POSITIVE,0.999880313873291,0.999880313873291
excellent speeding,5.0,Hvrrrddy,2025-11-12T01:00:20-07:00,25.1017.05,app_store_reviews_complete.csv,nl,1.0,True,synonym,11,excellent speeding,0,1.0,other_issues,POSITIVE,0.9998314380645752,0.9998314380645752
adept,5.0,Sohi jass,2025-11-11T20:06:59-07:00,25.1017.05,app_store_reviews_complete.csv,af,1.0,True,synonym,13,adept,0,1.0,other_issues,POSITIVE,0.9998519420623779,0.9998519420623779
9,5.0,Sohi jass,2025-11-11T20:06:59-07:00,25.1017.05,app_store_reviews_complete.csv,af,1.0,True,contextual,13,,0,1.0,other_issues,POSITIVE,0.9806599020957947,0.9806599020957947
Love this app! best Keep it up!,5.0,Sohi jass,2025-11-11T20:06:59-07:00,25.1017.05,app_store_reviews_complete.csv,af,1.0,True,template,13,love this app best keep it up,1,1.0,other_issues,POSITIVE,0.9997103810310364,0.9997103810310364
best,5.0,Sohi jass,2025-11-11T20:06:59-07:00,25.1017.05,app_store_reviews_complete.csv,af,1.0,True,llm,13,best,0,1.0,other_issues,POSITIVE,0.9997941851615906,0.9997941851615906
skilful,5.0,Sohi jass,2025-11-11T20:06:59-07:00,25.1017.05,app_store_reviews_complete.csv,af,1.0,True,synonym,13,skilful,-1,0.35206685237256286,uncategorized,POSITIVE,0.9997610449790955,0.9997610449790955
the app is non afford information technology just keep on loading,5.0,Faheem Taj,2025-11-11T06:55:42-07:00,25.1017.05,app_store_reviews_complete.csv,en,0.0,True,synonym,15,the app is non afford information technology just keep on loading,1,0.5605118844319484,other_issues,NEGATIVE,0.9960861206054688,-0.9960861206054688
the app is not functional since windows keep on loading,5.0,Faheem Taj,2025-11-11T06:55:42-07:00,25.1017.05,app_store_reviews_complete.csv,en,0.0,True,contextual,15,the app is not functional since windows keep on loading,1,1.0,other_issues,NEGATIVE,0.9997109770774841,-0.9997109770774841
Love this app! the app is not opening its just keep on loading Keep it up!,5.0,Faheem Taj,2025-11-11T06:55:42-07:00,25.1017.05,app_store_reviews_complete.csv,en,0.0,True,template,15,love this app the app is not opening its just keep on loading keep it up,1,1.0,other_issues,POSITIVE,0.9995098114013672,0.9995098114013672
"The app won't open, it just keeps loading.",5.0,Faheem Taj,2025-11-11T06:55:42-07:00,25.1017.05,app_store_reviews_complete.csv,en,0.0,True,llm,15,the app wont open it just keeps loading,1,1.0,other_issues,NEGATIVE,0.9902865886688232,-0.9902865886688232
the app isnt open up its exactly keep on loading,5.0,Faheem Taj,2025-11-11T06:55:42-07:00,25.1017.05,app_store_reviews_complete.csv,en,0.0,True,synonym,15,the app isnt open up its exactly keep on loading,1,1.0,other_issues,NEGATIVE,0.9825733304023743,-0.9825733304023743
superintendent,5.0,Akhta..3002,2025-10-08T17:39:34-07:00,25.0919.06,app_store_reviews_complete.csv,ro,0.3333333333333333,True,synonym,289,superintendent,-1,0.0008338177470105754,uncategorized,POSITIVE,0.9755302667617798,0.9755302667617798
117,5.0,Akhta..3002,2025-10-08T17:39:34-07:00,25.0919.06,app_store_reviews_complete.csv,ro,0.3333333333333333,True,contextual,289,,0,1.0,other_issues,POSITIVE,0.9901554584503174,0.9901554584503174
Highly recommend. super Worth trying.,5.0,Akhta..3002,2025-10-08T17:39:34-07:00,25.0919.06,app_store_reviews_complete.csv,ro,0.3333333333333333,True,template,289,highly recommend super worth trying,0,0.20073351168820822,other_issues,POSITIVE,0.9998596906661987,0.9998596906661987
super,5.0,Akhta..3002,2025-10-08T17:39:34-07:00,25.0919.06,app_store_reviews_complete.csv,ro,0.3333333333333333,True,llm,289,super,0,1.0,other_issues,POSITIVE,0.998783528804779,0.998783528804779
superintendent,5.0,Akhta..3002,2025-10-08T17:39:34-07:00,25.0919.06,app_store_reviews_complete.csv,ro,0.3333333333333333,True,synonym,289,superintendent,-1,0.0008339934297843128,uncategorized,POSITIVE,0.9755302667617798,0.9755302667617798
modern update constitute excellent,5.0,Iambornfire,2025-10-08T17:14:51-07:00,25.0919.06,app_store_reviews_complete.csv,en,0.5681818181818181,True,synonym,290,modern update constitute excellent,0,0.48489079751802744,other_issues,POSITIVE,0.9998466968536377,0.9998466968536377
new tv is available,5.0,Iambornfire,2025-10-08T17:14:51-07:00,25.0919.06,app_store_reviews_complete.csv,en,0.5681818181818181,True,contextual,290,new tv is available,0,0.49438624169013995,other_issues,POSITIVE,0.9849050641059875,0.9849050641059875
Great experience. new update is excellent Five stars!,5.0,Iambornfire,2025-10-08T17:14:51-07:00,25.0919.06,app_store_reviews_complete.csv,en,0.5681818181818181,True,template,290,great experience new update is excellent five stars,3,1.0,other_issues,POSITIVE,0.9998719692230225,0.9998719692230225
"""the latest update is great""",5.0,Iambornfire,2025-10-08T17:14:51-07:00,25.0919.06,app_store_reviews_complete.csv,en,0.5681818181818181,True,llm,290,the latest update is great,0,0.474373747503793,other_issues,POSITIVE,0.9998748302459717,0.9998748302459717
newfangled update is splendid,5.0,Iambornfire,2025-10-08T17:14:51-07:00,25.0919.06,app_store_reviews_complete.csv,en,0.5681818181818181,True,synonym,290,newfangled update is splendid,0,0.49152553838785645,other_issues,POSITIVE,0.999879002571106,0.999879002571106
adept,5.0,Akki#,2025-10-08T04:38:17-07:00,25.0919.06,app_store_reviews_complete.csv,so,0.7,True,synonym,291,adept,0,1.0,other_issues,POSITIVE,0.9998519420623779,0.9998519420623779
°,5.0,Akki#,2025-10-08T04:38:17-07:00,25.0919.06,app_store_reviews_complete.csv,so,0.7,True,contextual,291,,0,0.506857030680012,other_issues,POSITIVE,0.9843480587005615,0.9843480587005615
Amazing! good Keep it up!,5.0,Akki#,2025-10-08T04:38:17-07:00,25.0919.06,app_store_reviews_complete.csv,so,0.7,True,template,291,amazing good keep it up,0,1.0,other_issues,POSITIVE,0.9998786449432373,0.9998786449432373
good,5.0,Akki#,2025-10-08T04:38:17-07:00,25.0919.06,app_store_reviews_complete.csv,so,0.7,True,llm,291,good,0,0.30487264075266507,other_issues,POSITIVE,0.9998161196708679,0.9998161196708679
in effect,5.0,Akki#,2025-10-08T04:38:17-07:00,25.0919.06,app_store_reviews_complete.csv,so,0.7,True,synonym,291,in effect,-1,0.051516089794579834,uncategorized,POSITIVE,0.9981135129928589,0.9981135129928589
mustiness,5.0,bechan ji,2025-10-08T01:01:03-07:00,25.0919.06,app_store_reviews_complete.csv,et,0.0,True,synonym,293,mustiness,-1,0.33752941170285256,uncategorized,NEGATIVE,0.9988920092582703,-0.9988920092582703
•,5.0,bechan ji,2025-10-08T01:01:03-07:00,25.0919.06,app_store_reviews_complete.csv,et,0.0,True,contextual,293,,0,0.7460896177662989,other_issues,POSITIVE,0.9939897060394287,0.9939897060394287
Great experience. must Five stars!,5.0,bechan ji,2025-10-08T01:01:03-07:00,25.0919.06,app_store_reviews_complete.csv,et,0.0,True,template,293,great experience must five stars,3,0.7052415380959292,other_issues,POSITIVE,0.9998644590377808,0.9998644590377808
must,5.0,bechan ji,2025-10-08T01:01:03-07:00,25.0919.06,app_store_reviews_complete.csv,et,0.0,True,llm,293,must,-1,0.33220309620378735,uncategorized,POSITIVE,0.9950320720672607,0.9950320720672607
mustiness,5.0,bechan ji,2025-10-08T01:01:03-07:00,25.0919.06,app_store_reviews_complete.csv,et,0.0,True,synonym,293,mustiness,-1,0.33889874560179944,uncategorized,NEGATIVE,0.9988920092582703,-0.9988920092582703
unspoilt,5.0,Dev sidar,2025-10-22T18:19:29-07:00,25.1003.00,dataset_apple-app-store-review-scraper.csv,so,0.7,True,synonym,478,unspoilt,0,0.45755836563813734,other_issues,NEGATIVE,0.9748895764350891,-0.9748895764350891
·,5.0,Dev sidar,2025-10-22T18:19:29-07:00,25.1003.00,dataset_apple-app-store-review-scraper.csv,so,0.7,True,contextual,478,,0,0.47618701927389623,other_issues,POSITIVE,0.9959540367126465,0.9959540367126465
Amazing! good Keep it up!,5.0,Dev sidar,2025-10-22T18:19:29-07:00,25.1003.00,dataset_apple-app-store-review-scraper.csv,so,0.7,True,template,478,amazing good keep it up,0,0.90567591523534,other_issues,POSITIVE,0.9998786449432373,0.9998786449432373
It was great.,5.0,Dev sidar,2025-10-22T18:19:29-07:00,25.1003.00,dataset_apple-app-store-review-scraper.csv,so,0.7,True,llm,478,it was great,0,1.0,other_issues,POSITIVE,0.9998749494552612,0.9998749494552612
beneficial,5.0,Dev sidar,2025-10-22T18:19:29-07:00,25.1003.00,dataset_apple-app-store-review-scraper.csv,so,0.7,True,synonym,478,beneficial,-1,0.3852727225879331,uncategorized,POSITIVE,0.9998611211776733,0.9998611211776733
gufsgjjff,5.0,Adil raja &39,2025-09-19T06:50:02-07:00,25.0905.00,app_store_reviews_complete.csv,sq,0.0,True,synonym,443,gufsgjjff,4,1.0,other_issues,NEGATIVE,0.9865562915802002,-0.9865562915802002
38,5.0,Adil raja &39,2025-09-19T06:50:02-07:00,25.0905.00,app_store_reviews_complete.csv,sq,0.0,True,contextual,443,,0,0.3995615515175546,other_issues,POSITIVE,0.9718351364135742,0.9718351364135742
Great experience. gufsgjjff Worth trying.,5.0,Adil raja &39,2025-09-19T06:50:02-07:00,25.0905.00,app_store_reviews_complete.csv,sq,0.0,True,template,443,great experience gufsgjjff worth trying,4,1.0,other_issues,POSITIVE,0.9996691942214966,0.9996691942214966
"""I can't make heads or tails of this.""",5.0,Adil raja &39,2025-09-19T06:50:02-07:00,25.0905.00,app_store_reviews_complete.csv,sq,0.0,True,llm,443,i cant make heads or tails of this,0,0.26700779855559104,other_issues,NEGATIVE,0.9996442794799805,-0.9996442794799805
gufsgjjff,5.0,Adil raja &39,2025-09-19T06:50:02-07:00,25.0905.00,app_store_reviews_complete.csv,sq,0.0,True,synonym,443,gufsgjjff,4,1.0,other_issues,NEGATIVE,0.9865562915802002,-0.9865562915802002
information technology rattling salutary app easy to use,5.0,Shan@4042,2025-09-18T00:30:28-07:00,25.0905.00,app_store_reviews_complete.csv,en,0.6716666666666666,True,synonym,447,information technology rattling salutary app easy to use,-1,0.3115601560551294,uncategorized,NEGATIVE,0.9441246390342712,-0.9441246390342712
achieving very accurate results easy to use,5.0,Shan@4042,2025-09-18T00:30:28-07:00,25.0905.00,app_store_reviews_complete.csv,en,0.6716666666666666,True,contextual,447,achieving very accurate results easy to use,0,1.0,other_issues,POSITIVE,0.9998393058776855,0.9998393058776855
Great experience. its awesome app easy to use Worth trying.,5.0,Shan@4042,2025-09-18T00:30:28-07:00,25.0905.00,app_store_reviews_complete.csv,en,0.6716666666666666,True,template,447,great experience its awesome app easy to use worth trying,1,0.44962047459095933,other_issues,POSITIVE,0.9998376369476318,0.9998376369476318
"""It's a great app, super user-friendly""",5.0,Shan@4042,2025-09-18T00:30:28-07:00,25.0905.00,app_store_reviews_complete.csv,en,0.6716666666666666,True,llm,447,its a great app super userfriendly,1,0.6041036769266112,other_issues,POSITIVE,0.9998261332511902,0.9998261332511902
information technology rattling good app easy to use,5.0,Shan@4042,2025-09-18T00:30:28-07:00,25.0905.00,app_store_reviews_complete.csv,en,0.6716666666666666,True,synonym,447,information technology rattling good app easy to use,-1,0.2936840080403882,uncategorized,POSITIVE,0.9985212683677673,0.9985212683677673
fraud ho rahe hai aab phone pay ma,5.0,Tu  CC ni dad,2025-11-07T05:53:33-07:00,25.1017.05,app_store_reviews_complete.csv,cy,0.0,True,synonym,50,fraud ho rahe hai aab phone pay ma,-1,0.09911389440095274,uncategorized,NEGATIVE,0.9935693740844727,-0.9935693740844727
fraud ho na hai aab phone love phone,5.0,Tu  CC ni dad,2025-11-07T05:53:33-07:00,25.1017.05,app_store_reviews_complete.csv,cy,0.0,True,contextual,50,fraud ho na hai aab phone love phone,-1,0.09909879509538806,uncategorized,NEGATIVE,0.9952722191810608,-0.9952722191810608
Love this app! fraud ho rahe hai aab phone pay ma Five stars!,5.0,Tu  CC ni dad,2025-11-07T05:53:33-07:00,25.1017.05,app_store_reviews_complete.csv,cy,0.0,True,template,50,love this app fraud ho rahe hai aab phone pay ma five stars,-1,0.09980278997018806,uncategorized,POSITIVE,0.9980242252349854,0.9980242252349854
"""phone pay me ab frauds ho rahe hain""",5.0,Tu  CC ni dad,2025-11-07T05:53:33-07:00,25.1017.05,app_store_reviews_complete.csv,cy,0.0,True,llm,50,phone pay me ab frauds ho rahe hain,-1,0.09896120936209489,uncategorized,NEGATIVE,0.994002640247345,-0.994002640247345
fraud holmium rahe hai aab phone salary artium magister,5.0,Tu  CC ni dad,2025-11-07T05:53:33-07:00,25.1017.05,app_store_reviews_complete.csv,cy,0.0,True,synonym,50,fraud holmium rahe hai aab phone salary artium magister,-1,0.09771379382287645,uncategorized,NEGATIVE,0.9969924688339233,-0.9969924688339233
and so much,5.0,Solty paan shop,2025-11-07T05:31:10-07:00,25.1017.05,app_store_reviews_complete.csv,es,0.2,True,synonym,51,and so much,-1,0.33974850172566284,uncategorized,POSITIVE,0.9993371367454529,0.9993371367454529
say much,5.0,Solty paan shop,2025-11-07T05:31:10-07:00,25.1017.05,app_store_reviews_complete.csv,es,0.2,True,contextual,51,say much,-1,0.34661100973630116,uncategorized,POSITIVE,0.9990492463111877,0.9990492463111877
Love this app! so much Worth trying.,5.0,Solty paan shop,2025-11-07T05:31:10-07:00,25.1017.05,app_store_reviews_complete.csv,es,0.2,True,template,51,love this app so much worth trying,-1,0.39065792701530544,uncategorized,POSITIVE,0.9998663663864136,0.9998663663864136
so much,5.0,Solty paan shop,2025-11-07T05:31:10-07:00,25.1017.05,app_store_reviews_complete.csv,es,0.2,True,llm,51,so much,-1,0.3390846038219878,uncategorized,POSITIVE,0.9993118047714233,0.9993118047714233
so much,5.0,Solty paan shop,2025-11-07T05:31:10-07:00,25.1017.05,app_store_reviews_complete.csv,es,0.2,True,synonym,51,so much,-1,0.33579592797028546,uncategorized,POSITIVE,0.9993118047714233,0.9993118047714233
superintendent,5.0,Sandeshmsgowda,2025-11-07T04:34:30-07:00,25.1017.05,app_store_reviews_complete.csv,ro,0.3333333333333333,True,synonym,52,superintendent,-1,0.000833928929534133,uncategorized,POSITIVE,0.9755302667617798,0.9755302667617798
·,5.0,Sandeshmsgowda,2025-11-07T04:34:30-07:00,25.1017.05,app_store_reviews_complete.csv,ro,0.3333333333333333,True,contextual,52,,0,0.9027178407545272,other_issues,POSITIVE,0.9959540367126465,0.9959540367126465
Love this app! super Keep it up!,5.0,Sandeshmsgowda,2025-11-07T04:34:30-07:00,25.1017.05,app_store_reviews_complete.csv,ro,0.3333333333333333,True,template,52,love this app super keep it up,1,1.0,other_issues,POSITIVE,0.999854564666748,0.999854564666748
super,5.0,Sandeshmsgowda,2025-11-07T04:34:30-07:00,25.1017.05,app_store_reviews_complete.csv,ro,0.3333333333333333,True,llm,52,super,0,1.0,other_issues,POSITIVE,0.998783528804779,0.998783528804779
superintendent,5.0,Sandeshmsgowda,2025-11-07T04:34:30-07:00,25.1017.05,app_store_reviews_complete.csv,ro,0.3333333333333333,True,synonym,52,superintendent,-1,0.000833935320454037,uncategorized,POSITIVE,0.9755302667617798,0.9755302667617798
easy for lifetime,5.0,Tibrata,2025-11-07T03:10:28-07:00,25.1017.05,app_store_reviews_complete.csv,en,0.4333333333333333,True,synonym,53,easy for lifetime,0,0.4739870755737463,other_issues,POSITIVE,0.9951318502426147,0.9951318502426147
easy for nothing,5.0,Tibrata,2025-11-07T03:10:28-07:00,25.1017.05,app_store_reviews_complete.csv,en,0.4333333333333333,True,contextual,53,easy for nothing,0,0.5499144793929965,other_issues,NEGATIVE,0.9782223701477051,-0.9782223701477051
Great experience. easy for life Best app ever.,5.0,Tibrata,2025-11-07T03:10:28-07:00,25.1017.05,app_store_reviews_complete.csv,en,0.4333333333333333,True,template,53,great experience easy for life best app ever,1,1.0,other_issues,POSITIVE,0.999750554561615,0.999750554561615
"""makes life easier""",5.0,Tibrata,2025-11-07T03:10:28-07:00,25.1017.05,app_store_reviews_complete.csv,en,0.4333333333333333,True,llm,53,makes life easier,0,0.384924006337131,other_issues,POSITIVE,0.9990113973617554,0.9990113973617554
easy for liveliness,5.0,Tibrata,2025-11-07T03:10:28-07:00,25.1017.05,app_store_reviews_complete.csv,en,0.4333333333333333,True,synonym,53,easy for liveliness,0,0.5948578564157464,other_issues,POSITIVE,0.8816502690315247,0.8816502690315247
excellent,5.0,B.Radhakrishnan,2025-11-09T21:05:17-07:00,25.1017.05,app_store_reviews_complete.csv,ca,1.0,True,synonym,29,excellent,0,1.0,other_issues,POSITIVE,0.9998434782028198,0.9998434782028198
•,5.0,B.Radhakrishnan,2025-11-09T21:05:17-07:00,25.1017.05,app_store_reviews_complete.csv,ca,1.0,True,contextual,29,,0,0.5271977416919078,other_issues,POSITIVE,0.9939897060394287,0.9939897060394287
Love this app! excellent Keep it up!,5.0,B.Radhakrishnan,2025-11-09T21:05:17-07:00,25.1017.05,app_store_reviews_complete.csv,ca,1.0,True,template,29,love this app excellent keep it up,1,1.0,other_issues,POSITIVE,0.9998537302017212,0.9998537302017212
excellent,5.0,B.Radhakrishnan,2025-11-09T21:05:17-07:00,25.1017.05,app_store_reviews_complete.csv,ca,1.0,True,llm,29,excellent,0,1.0,other_issues,POSITIVE,0.9998434782028198,0.9998434782028198
excellent,5.0,B.Radhakrishnan,2025-11-09T21:05:17-07:00,25.1017.05,app_store_reviews_complete.csv,ca,1.0,True,synonym,29,excellent,0,0.6615301795621538,other_issues,POSITIVE,0.9998434782028198,0.9998434782028198
good chore guys,5.0,I’m owner the city Mary,2025-11-06T21:09:08-07:00,25.1017.05,app_store_reviews_complete.csv,so,0.7,True,synonym,56,good chore guys,0,0.63013839635968,other_issues,POSITIVE,0.9998151659965515,0.9998151659965515
good job practice,5.0,I’m owner the city Mary,2025-11-06T21:09:08-07:00,25.1017.05,app_store_reviews_complete.csv,so,0.7,True,contextual,56,good job practice,0,1.0,other_issues,POSITIVE,0.9998359680175781,0.9998359680175781
Amazing! good job guys Best app ever.,5.0,I’m owner the city Mary,2025-11-06T21:09:08-07:00,25.1017.05,app_store_reviews_complete.csv,so,0.7,True,template,56,amazing good job guys best app ever,1,0.31051516404977525,other_issues,POSITIVE,0.9998546838760376,0.9998546838760376
"""Nice work, team!""",5.0,I’m owner the city Mary,2025-11-06T21:09:08-07:00,25.1017.05,app_store_reviews_complete.csv,so,0.7,True,llm,56,nice work team,0,0.7157484074321449,other_issues,POSITIVE,0.9998468160629272,0.9998468160629272
good job guy,5.0,I’m owner the city Mary,2025-11-06T21:09:08-07:00,25.1017.05,app_store_reviews_complete.csv,so,0.7,True,synonym,56,good job guy,-1,0.42480601582431166,uncategorized,POSITIVE,0.9998194575309753,0.9998194575309753
gond,5.0,Bhabani Gond,2025-11-06T20:59:27-07:00,25.1017.05,app_store_reviews_complete.csv,cy,0.0,True,synonym,57,gond,-1,0.29799379061968556,uncategorized,NEGATIVE,0.7403932213783264,-0.7403932213783264
pdf,5.0,Bhabani Gond,2025-11-06T20:59:27-07:00,25.1017.05,app_store_reviews_complete.csv,cy,0.0,True,contextual,57,pdf,-1,0.035158917125762926,uncategorized,POSITIVE,0.7824366092681885,0.7824366092681885
Love this app! gond Worth trying.,5.0,Bhabani Gond,2025-11-06T20:59:27-07:00,25.1017.05,app_store_reviews_complete.csv,cy,0.0,True,template,57,love this app gond worth trying,1,0.4239378783992805,other_issues,POSITIVE,0.9998008608818054,0.9998008608818054
gond,5.0,Bhabani Gond,2025-11-06T20:59:27-07:00,25.1017.05,app_store_reviews_complete.csv,cy,0.0,True,llm,57,gond,-1,0.30552825040626375,uncategorized,NEGATIVE,0.7403932213783264,-0.7403932213783264
gond,5.0,Bhabani Gond,2025-11-06T20:59:27-07:00,25.1017.05,app_store_reviews_complete.csv,cy,0.0,True,synonym,57,gond,-1,0.29964294746558917,uncategorized,NEGATIVE,0.7403932213783264,-0.7403932213783264
really gif,1.0,Pappakutty,2025-11-06T19:28:59-07:00,25.1017.05,app_store_reviews_complete.csv,en,0.2,True,synonym,58,really gif,0,0.9976197558217398,other_issues,POSITIVE,0.9703249931335449,0.9703249931335449
very well,1.0,Pappakutty,2025-11-06T19:28:59-07:00,25.1017.05,app_store_reviews_complete.csv,en,0.2,True,contextual,58,very well,0,1.0,other_issues,POSITIVE,0.9998492002487183,0.9998492002487183
Waste of time. very gif Won't use again.,1.0,Pappakutty,2025-11-06T19:28:59-07:00,25.1017.05,app_store_reviews_complete.csv,en,0.2,True,template,58,waste of time very gif wont use again,0,1.0,other_issues,NEGATIVE,0.999509334564209,-0.999509334564209
"""super gif!""",1.0,Pappakutty,2025-11-06T19:28:59-07:00,25.1017.05,app_store_reviews_complete.csv,en,0.2,True,llm,58,super gif,0,1.0,other_issues,POSITIVE,0.9791521430015564,0.9791521430015564
very gif,1.0,Pappakutty,2025-11-06T19:28:59-07:00,25.1017.05,app_store_reviews_complete.csv,en,0.2,True,synonym,58,very gif,0,0.982134600799357,other_issues,POSITIVE,0.9782087802886963,0.9782087802886963
really good & fast servicing,5.0,Yuvan krishna,2025-11-05T19:31:19-07:00,25.1017.05,app_store_reviews_complete.csv,en,0.5549999999999999,True,synonym,64,really good fast servicing,0,1.0,other_issues,POSITIVE,0.999869704246521,0.999869704246521
very good & charming...,5.0,Yuvan krishna,2025-11-05T19:31:19-07:00,25.1017.05,app_store_reviews_complete.csv,en,0.5549999999999999,True,contextual,64,very good charming,0,0.6989122679607971,other_issues,POSITIVE,0.9998794794082642,0.9998794794082642
Amazing! very good & fast service Worth trying.,5.0,Yuvan krishna,2025-11-05T19:31:19-07:00,25.1017.05,app_store_reviews_complete.csv,en,0.5549999999999999,True,template,64,amazing very good fast service worth trying,0,1.0,other_issues,POSITIVE,0.9998840093612671,0.9998840093612671
The service was excellent and quick,5.0,Yuvan krishna,2025-11-05T19:31:19-07:00,25.1017.05,app_store_reviews_complete.csv,en,0.5549999999999999,True,llm,64,the service was excellent and quick,0,1.0,other_issues,POSITIVE,0.9998413324356079,0.9998413324356079
very serious & loyal service,5.0,Yuvan krishna,2025-11-05T19:31:19-07:00,25.1017.05,app_store_reviews_complete.csv,en,0.5549999999999999,True,synonym,64,very serious loyal service,0,0.7748489024632043,other_issues,POSITIVE,0.9998438358306885,0.9998438358306885
mast,5.0,Ghelabhai m fangliya,2025-09-17T08:47:44-07:00,25.0905.00,app_store_reviews_complete.csv,et,0.0,True,synonym,450,mast,-1,0.05359852839829123,uncategorized,POSITIVE,0.7173445224761963,0.7173445224761963
170,5.0,Ghelabhai m fangliya,2025-09-17T08:47:44-07:00,25.0905.00,app_store_reviews_complete.csv,et,0.0,True,contextual,450,,0,1.0,other_issues,POSITIVE,0.9496362209320068,0.9496362209320068
Great experience. mast Keep it up!,5.0,Ghelabhai m fangliya,2025-09-17T08:47:44-07:00,25.0905.00,app_store_reviews_complete.csv,et,0.0,True,template,450,great experience mast keep it up,-1,0.06980117319596806,uncategorized,POSITIVE,0.9997703433036804,0.9997703433036804
"""Great job""",5.0,Ghelabhai m fangliya,2025-09-17T08:47:44-07:00,25.0905.00,app_store_reviews_complete.csv,et,0.0,True,llm,450,great job,-1,0.3146871572631278,uncategorized,POSITIVE,0.9998701810836792,0.9998701810836792
mast,5.0,Ghelabhai m fangliya,2025-09-17T08:47:44-07:00,25.0905.00,app_store_reviews_complete.csv,et,0.0,True,synonym,450,mast,-1,0.055407398684207985,uncategorized,POSITIVE,0.7173445224761963,0.7173445224761963
nothing to issue,5.0,Sharlinejoy,2025-09-15T22:43:41-07:00,25.0822.06,app_store_reviews_complete.csv,en,0.0,True,synonym,456,nothing to issue,-1,0.16051169401832036,uncategorized,NEGATIVE,0.9945646524429321,-0.9945646524429321
nothing more issue,5.0,Sharlinejoy,2025-09-15T22:43:41-07:00,25.0822.06,app_store_reviews_complete.csv,en,0.0,True,contextual,456,nothing more issue,-1,0.1643178133851187,uncategorized,NEGATIVE,0.9688237309455872,-0.9688237309455872
Great experience. nothing to issue Best app ever.,5.0,Sharlinejoy,2025-09-15T22:43:41-07:00,25.0822.06,app_store_reviews_complete.csv,en,0.0,True,template,456,great experience nothing to issue best app ever,1,1.0,other_issues,NEGATIVE,0.9762672781944275,-0.9762672781944275
"""no problems at all""",5.0,Sharlinejoy,2025-09-15T22:43:41-07:00,25.0822.06,app_store_reviews_complete.csv,en,0.0,True,llm,456,no problems at all,-1,0.15381201883330287,uncategorized,POSITIVE,0.9982215762138367,0.9982215762138367
cipher to issue,5.0,Sharlinejoy,2025-09-15T22:43:41-07:00,25.0822.06,app_store_reviews_complete.csv,en,0.0,True,synonym,456,cipher to issue,-1,0.18755137367524716,uncategorized,NEGATIVE,0.9792451858520508,-0.9792451858520508
estimable,5.0,Stalinbontha,2025-09-15T08:11:12-07:00,25.0822.06,app_store_reviews_complete.csv,so,0.7,True,synonym,459,estimable,-1,0.06782711822210624,uncategorized,POSITIVE,0.9784547686576843,0.9784547686576843
2001,5.0,Stalinbontha,2025-09-15T08:11:12-07:00,25.0822.06,app_store_reviews_complete.csv,so,0.7,True,contextual,459,,0,0.5881186034555357,other_issues,POSITIVE,0.9895040988922119,0.9895040988922119
Highly recommend. good Worth trying.,5.0,Stalinbontha,2025-09-15T08:11:12-07:00,25.0822.06,app_store_reviews_complete.csv,so,0.7,True,template,459,highly recommend good worth trying,0,0.1995150485490506,other_issues,POSITIVE,0.9998713731765747,0.9998713731765747
It was great!,5.0,Stalinbontha,2025-09-15T08:11:12-07:00,25.0822.06,app_store_reviews_complete.csv,so,0.7,True,llm,459,it was great,0,1.0,other_issues,POSITIVE,0.9998681545257568,0.9998681545257568
ripe,5.0,Stalinbontha,2025-09-15T08:11:12-07:00,25.0822.06,app_store_reviews_complete.csv,so,0.7,True,synonym,459,ripe,-1,0.23521460586092335,uncategorized,POSITIVE,0.99967360496521,0.99967360496521
excellent,5.0,gali dilip,2025-11-09T08:22:50-07:00,25.1017.05,app_store_reviews_complete.csv,ca,1.0,True,synonym,33,excellent,0,0.8651796900535235,other_issues,POSITIVE,0.9998434782028198,0.9998434782028198
‡,5.0,gali dilip,2025-11-09T08:22:50-07:00,25.1017.05,app_store_reviews_complete.csv,ca,1.0,True,contextual,33,,0,0.599148303789069,other_issues,NEGATIVE,0.9824078679084778,-0.9824078679084778
Love this app! excellent Five stars!,5.0,gali dilip,2025-11-09T08:22:50-07:00,25.1017.05,app_store_reviews_complete.csv,ca,1.0,True,template,33,love this app excellent five stars,1,1.0,other_issues,POSITIVE,0.9998739957809448,0.9998739957809448
excellent,5.0,gali dilip,2025-11-09T08:22:50-07:00,25.1017.05,app_store_reviews_complete.csv,ca,1.0,True,llm,33,excellent,0,0.5030001123312856,other_issues,POSITIVE,0.9998434782028198,0.9998434782028198
excellent,5.0,gali dilip,2025-11-09T08:22:50-07:00,25.1017.05,app_store_reviews_complete.csv,ca,1.0,True,synonym,33,excellent,0,0.5981614361989082,other_issues,POSITIVE,0.9998434782028198,0.9998434782028198
well fixed to use,5.0,Musjad,2025-11-05T07:06:53-07:00,25.1017.05,app_store_reviews_complete.csv,en,0.4333333333333333,True,synonym,67,well fixed to use,0,1.0,other_issues,POSITIVE,0.9806140661239624,0.9806140661239624
suitable to use,5.0,Musjad,2025-11-05T07:06:53-07:00,25.1017.05,app_store_reviews_complete.csv,en,0.4333333333333333,True,contextual,67,suitable to use,0,1.0,other_issues,POSITIVE,0.9995842576026917,0.9995842576026917
Amazing! easy to use Five stars!,5.0,Musjad,2025-11-05T07:06:53-07:00,25.1017.05,app_store_reviews_complete.csv,en,0.4333333333333333,True,template,67,amazing easy to use five stars,3,1.0,other_issues,POSITIVE,0.9998713731765747,0.9998713731765747
simple to navigate,5.0,Musjad,2025-11-05T07:06:53-07:00,25.1017.05,app_store_reviews_complete.csv,en,0.4333333333333333,True,llm,67,simple to navigate,0,0.5213024770896458,other_issues,POSITIVE,0.9996414184570312,0.9996414184570312
easy to apply,5.0,Musjad,2025-11-05T07:06:53-07:00,25.1017.05,app_store_reviews_complete.csv,en,0.4333333333333333,True,synonym,67,easy to apply,0,1.0,other_issues,POSITIVE,0.9994447827339172,0.9994447827339172
it ' s easy to pay,5.0,Nausahad,2025-11-05T06:05:51-07:00,25.1017.05,app_store_reviews_complete.csv,en,0.4333333333333333,True,synonym,69,it s easy to pay,2,1.0,payment_issues,POSITIVE,0.9819870591163635,0.9819870591163635
tu ' r easy to pay,5.0,Nausahad,2025-11-05T06:05:51-07:00,25.1017.05,app_store_reviews_complete.csv,en,0.4333333333333333,True,contextual,69,tu r easy to pay,2,1.0,payment_issues,POSITIVE,0.9633710384368896,0.9633710384368896
Amazing! it's easy to pay Keep it up!,5.0,Nausahad,2025-11-05T06:05:51-07:00,25.1017.05,app_store_reviews_complete.csv,en,0.4333333333333333,True,template,69,amazing its easy to pay keep it up,2,1.0,payment_issues,POSITIVE,0.999868631362915,0.999868631362915
Paying is a breeze.,5.0,Nausahad,2025-11-05T06:05:51-07:00,25.1017.05,app_store_reviews_complete.csv,en,0.4333333333333333,True,llm,69,paying is a breeze,2,1.0,payment_issues,POSITIVE,0.9985896944999695,0.9985896944999695
information technology ' s easy to pay,5.0,Nausahad,2025-11-05T06:05:51-07:00,25.1017.05,app_store_reviews_complete.csv,en,0.4333333333333333,True,synonym,69,information technology s easy to pay,2,0.7512459990549625,payment_issues,POSITIVE,0.9916279315948486,0.9916279315948486
honorable,5.0,Amanprit singh,2025-11-04T22:07:06-07:00,25.1017.05,app_store_reviews_complete.csv,so,0.7,True,synonym,71,honorable,0,0.4598482125888512,other_issues,POSITIVE,0.9998070597648621,0.9998070597648621
notes,5.0,Amanprit singh,2025-11-04T22:07:06-07:00,25.1017.05,app_store_reviews_complete.csv,so,0.7,True,contextual,71,notes,-1,0.08215365919348834,uncategorized,POSITIVE,0.991154134273529,0.991154134273529
Highly recommend. good Keep it up!,5.0,Amanprit singh,2025-11-04T22:07:06-07:00,25.1017.05,app_store_reviews_complete.csv,so,0.7,True,template,71,highly recommend good keep it up,0,1.0,other_issues,POSITIVE,0.999873161315918,0.999873161315918
Pretty good,5.0,Amanprit singh,2025-11-04T22:07:06-07:00,25.1017.05,app_store_reviews_complete.csv,so,0.7,True,llm,71,pretty good,0,0.1414733506863171,other_issues,POSITIVE,0.9998512268066406,0.9998512268066406
upright,5.0,Amanprit singh,2025-11-04T22:07:06-07:00,25.1017.05,app_store_reviews_complete.csv,so,0.7,True,synonym,71,upright,-1,0.37880937562469724,uncategorized,POSITIVE,0.999636173248291,0.999636173248291
prissy,5.0,jot banur,2025-11-04T07:59:53-07:00,25.1017.05,app_store_reviews_complete.csv,pl,0.6,True,synonym,73,prissy,0,0.17754443375586706,other_issues,NEGATIVE,0.9771341681480408,-0.9771341681480408
103,5.0,jot banur,2025-11-04T07:59:53-07:00,25.1017.05,app_store_reviews_complete.csv,pl,0.6,True,contextual,73,,0,0.4515982939918076,other_issues,POSITIVE,0.9946653842926025,0.9946653842926025
Love this app! nice Keep it up!,5.0,jot banur,2025-11-04T07:59:53-07:00,25.1017.05,app_store_reviews_complete.csv,pl,0.6,True,template,73,love this app nice keep it up,1,1.0,other_issues,POSITIVE,0.9998486042022705,0.9998486042022705
nice,5.0,jot banur,2025-11-04T07:59:53-07:00,25.1017.05,app_store_reviews_complete.csv,pl,0.6,True,llm,73,nice,0,1.0,other_issues,POSITIVE,0.9998552799224854,0.9998552799224854
courteous,5.0,jot banur,2025-11-04T07:59:53-07:00,25.1017.05,app_store_reviews_complete.csv,pl,0.6,True,synonym,73,courteous,0,0.42738447140607166,other_issues,POSITIVE,0.9996516704559326,0.9996516704559326
+ ninety one 78454 35832,5.0,91 78454 35832,2025-11-04T07:16:46-07:00,25.1017.05,app_store_reviews_complete.csv,unknown,0.0,True,synonym,74,ninety one,-1,0.31090242984477884,uncategorized,POSITIVE,0.6861719489097595,0.6861719489097595
+ 120 ° f,5.0,91 78454 35832,2025-11-04T07:16:46-07:00,25.1017.05,app_store_reviews_complete.csv,unknown,0.0,True,contextual,74,f,-1,0.051894315707428335,uncategorized,POSITIVE,0.9623395204544067,0.9623395204544067
Great experience. +91 78454 35832 Worth trying.,5.0,91 78454 35832,2025-11-04T07:16:46-07:00,25.1017.05,app_store_reviews_complete.csv,unknown,0.0,True,template,74,great experience worth trying,0,1.0,other_issues,POSITIVE,0.9995144605636597,0.9995144605636597
The phone number is 78454 35832.,5.0,91 78454 35832,2025-11-04T07:16:46-07:00,25.1017.05,app_store_reviews_complete.csv,unknown,0.0,True,llm,74,the phone number is,-1,0.19001898209698456,uncategorized,NEGATIVE,0.9586487412452698,-0.9586487412452698
+ 91 78454 35832,5.0,91 78454 35832,2025-11-04T07:16:46-07:00,25.1017.05,app_store_reviews_complete.csv,unknown,0.0,True,synonym,74,,0,1.0,other_issues,POSITIVE,0.7453776001930237,0.7453776001930237
superintendent,5.0,Golu Dhande,2025-11-04T05:52:12-07:00,25.1017.05,app_store_reviews_complete.csv,ro,0.3333333333333333,True,synonym,75,superintendent,-1,0.0008339370155978461,uncategorized,POSITIVE,0.9755302667617798,0.9755302667617798
82,5.0,Golu Dhande,2025-11-04T05:52:12-07:00,25.1017.05,app_store_reviews_complete.csv,ro,0.3333333333333333,True,contextual,75,,0,0.5095278090494728,other_issues,POSITIVE,0.9882420897483826,0.9882420897483826
Great experience. super Best app ever.,5.0,Golu Dhande,2025-11-04T05:52:12-07:00,25.1017.05,app_store_reviews_complete.csv,ro,0.3333333333333333,True,template,75,great experience super best app ever,1,0.8427821443313842,other_issues,POSITIVE,0.9998494386672974,0.9998494386672974
super,5.0,Golu Dhande,2025-11-04T05:52:12-07:00,25.1017.05,app_store_reviews_complete.csv,ro,0.3333333333333333,True,llm,75,super,0,1.0,other_issues,POSITIVE,0.998783528804779,0.998783528804779
superintendent,5.0,Golu Dhande,2025-11-04T05:52:12-07:00,25.1017.05,app_store_reviews_complete.csv,ro,0.3333333333333333,True,synonym,75,superintendent,-1,0.0008339401328881038,uncategorized,POSITIVE,0.9755302667617798,0.9755302667617798
super app in phonepe,5.0,Cut boy123,2025-11-04T05:34:08-07:00,25.1017.05,app_store_reviews_complete.csv,en,0.3333333333333333,True,synonym,76,super app in phonepe,1,1.0,other_issues,NEGATIVE,0.6457242965698242,-0.6457242965698242
nokia app app phonepe,5.0,Cut boy123,2025-11-04T05:34:08-07:00,25.1017.05,app_store_reviews_complete.csv,en,0.3333333333333333,True,contextual,76,nokia app app phonepe,1,1.0,other_issues,NEGATIVE,0.9276531338691711,-0.9276531338691711
Love this app! super app in phonepe Best app ever.,5.0,Cut boy123,2025-11-04T05:34:08-07:00,25.1017.05,app_store_reviews_complete.csv,en,0.3333333333333333,True,template,76,love this app super app in phonepe best app ever,1,0.7167220826027934,other_issues,POSITIVE,0.9997034668922424,0.9997034668922424
"""Phonepe app is awesome!""",5.0,Cut boy123,2025-11-04T05:34:08-07:00,25.1017.05,app_store_reviews_complete.csv,en,0.3333333333333333,True,llm,76,phonepe app is awesome,1,1.0,other_issues,POSITIVE,0.9997780919075012,0.9997780919075012
super app in phonepe,5.0,Cut boy123,2025-11-04T05:34:08-07:00,25.1017.05,app_store_reviews_complete.csv,en,0.3333333333333333,True,synonym,76,super app in phonepe,1,1.0,other_issues,NEGATIVE,0.6457242965698242,-0.6457242965698242
full,5.0,Simmuali,2025-11-04T04:11:01-07:00,25.1017.05,app_store_reviews_complete.csv,so,0.7,True,synonym,77,full,0,0.5189583218970399,other_issues,POSITIVE,0.9994632601737976,0.9994632601737976
pdf,5.0,Simmuali,2025-11-04T04:11:01-07:00,25.1017.05,app_store_reviews_complete.csv,so,0.7,True,contextual,77,pdf,-1,0.03513830572402823,uncategorized,POSITIVE,0.7824366092681885,0.7824366092681885
Great experience. good Worth trying.,5.0,Simmuali,2025-11-04T04:11:01-07:00,25.1017.05,app_store_reviews_complete.csv,so,0.7,True,template,77,great experience good worth trying,0,1.0,other_issues,POSITIVE,0.9998785257339478,0.9998785257339478
It was great.,5.0,Simmuali,2025-11-04T04:11:01-07:00,25.1017.05,app_store_reviews_complete.csv,so,0.7,True,llm,77,it was great,0,1.0,other_issues,POSITIVE,0.9998749494552612,0.9998749494552612
skilful,5.0,Simmuali,2025-11-04T04:11:01-07:00,25.1017.05,app_store_reviews_complete.csv,so,0.7,True,synonym,77,skilful,-1,0.35318510180198726,uncategorized,POSITIVE,0.9997610449790955,0.9997610449790955
they make a app such as these for teens,5.0,fckumcgdg,2025-11-04T04:08:25-07:00,25.1017.05,app_store_reviews_complete.csv,en,0.0,True,synonym,78,they make a app such as these for teens,-1,0.38461702834235034,uncategorized,NEGATIVE,0.7848309278488159,-0.7848309278488159
they make fantasy story such as these geek teens,5.0,fckumcgdg,2025-11-04T04:08:25-07:00,25.1017.05,app_store_reviews_complete.csv,en,0.0,True,contextual,78,they make fantasy story such as these geek teens,-1,0.37767849447379404,uncategorized,POSITIVE,0.9939570426940918,0.9939570426940918
Highly recommend. they make a app such as these for teens Five stars!,5.0,fckumcgdg,2025-11-04T04:08:25-07:00,25.1017.05,app_store_reviews_complete.csv,en,0.0,True,template,78,highly recommend they make a app such as these for teens five stars,-1,0.36689739155052625,uncategorized,POSITIVE,0.9996453523635864,0.9996453523635864
They should create an app like this for teenagers.,5.0,fckumcgdg,2025-11-04T04:08:25-07:00,25.1017.05,app_store_reviews_complete.csv,en,0.0,True,llm,78,they should create an app like this for teenagers,-1,0.3770958533841174,uncategorized,NEGATIVE,0.9281525015830994,-0.9281525015830994
they get a app such as these for teens,5.0,fckumcgdg,2025-11-04T04:08:25-07:00,25.1017.05,app_store_reviews_complete.csv,en,0.0,True,synonym,78,they get a app such as these for teens,-1,0.3784129356275102,uncategorized,NEGATIVE,0.6868035197257996,-0.6868035197257996
right,5.0,Harish  Desai,2025-11-03T22:28:45-07:00,25.1017.00,app_store_reviews_complete.csv,so,0.7,True,synonym,80,right,0,0.3179950435177177,other_issues,POSITIVE,0.9998270869255066,0.9998270869255066
·,5.0,Harish  Desai,2025-11-03T22:28:45-07:00,25.1017.00,app_store_reviews_complete.csv,so,0.7,True,contextual,80,,0,0.7367997284952669,other_issues,POSITIVE,0.9959540367126465,0.9959540367126465
Amazing! good Worth trying.,5.0,Harish  Desai,2025-11-03T22:28:45-07:00,25.1017.00,app_store_reviews_complete.csv,so,0.7,True,template,80,amazing good worth trying,0,0.9082102183644816,other_issues,POSITIVE,0.9998778104782104,0.9998778104782104
good,5.0,Harish  Desai,2025-11-03T22:28:45-07:00,25.1017.00,app_store_reviews_complete.csv,so,0.7,True,llm,80,good,0,1.0,other_issues,POSITIVE,0.9998161196708679,0.9998161196708679
near,5.0,Harish  Desai,2025-11-03T22:28:45-07:00,25.1017.00,app_store_reviews_complete.csv,so,0.7,True,synonym,80,near,-1,0.35709802956697123,uncategorized,POSITIVE,0.9647225737571716,0.9647225737571716
lightning wiz,5.0,Shajahan pothencode,2025-09-20T05:45:27-07:00,25.0905.00,app_store_reviews_complete.csv,sv,0.0,True,synonym,433,lightning wiz,3,0.08556366832354653,other_issues,POSITIVE,0.9597203135490417,0.9597203135490417
lightning rod,5.0,Shajahan pothencode,2025-09-20T05:45:27-07:00,25.0905.00,app_store_reviews_complete.csv,sv,0.0,True,contextual,433,lightning rod,3,0.21838324466974368,other_issues,POSITIVE,0.9973779916763306,0.9973779916763306
Amazing! lightning stars Best app ever.,5.0,Shajahan pothencode,2025-09-20T05:45:27-07:00,25.0905.00,app_store_reviews_complete.csv,sv,0.0,True,template,433,amazing lightning stars best app ever,1,0.16266057309334442,other_issues,POSITIVE,0.9998505115509033,0.9998505115509033
"""stars that are quick like lightning""",5.0,Shajahan pothencode,2025-09-20T05:45:27-07:00,25.0905.00,app_store_reviews_complete.csv,sv,0.0,True,llm,433,stars that are quick like lightning,3,0.40680766946797603,other_issues,POSITIVE,0.9989364743232727,0.9989364743232727
lightning star,5.0,Shajahan pothencode,2025-09-20T05:45:27-07:00,25.0905.00,app_store_reviews_complete.csv,sv,0.0,True,synonym,433,lightning star,3,0.386156778610488,other_issues,POSITIVE,0.99970942735672,0.99970942735672
defrayment untied,1.0,Sanwla ram,2025-09-20T05:37:35-07:00,25.0905.00,app_store_reviews_complete.csv,fr,0.0,True,synonym,434,defrayment untied,-1,0.2479216541781754,uncategorized,NEGATIVE,0.942537248134613,-0.942537248134613
elimination process,1.0,Sanwla ram,2025-09-20T05:37:35-07:00,25.0905.00,app_store_reviews_complete.csv,fr,0.0,True,contextual,434,elimination process,2,0.19936454557187888,payment_issues,NEGATIVE,0.9925329685211182,-0.9925329685211182
Not recommended. payment untied Needs improvement.,1.0,Sanwla ram,2025-09-20T05:37:35-07:00,25.0905.00,app_store_reviews_complete.csv,fr,0.0,True,template,434,not recommended payment untied needs improvement,-1,0.24905961584300854,uncategorized,NEGATIVE,0.9994701743125916,-0.9994701743125916
"""payment not processed""",1.0,Sanwla ram,2025-09-20T05:37:35-07:00,25.0905.00,app_store_reviews_complete.csv,fr,0.0,True,llm,434,payment not processed,2,1.0,payment_issues,NEGATIVE,0.9959458708763123,-0.9959458708763123
defrayment untied,1.0,Sanwla ram,2025-09-20T05:37:35-07:00,25.0905.00,app_store_reviews_complete.csv,fr,0.0,True,synonym,434,defrayment untied,-1,0.23769470730504283,uncategorized,NEGATIVE,0.942537248134613,-0.942537248134613
new conception is really bad.,1.0,Pranav Goswami,2025-09-20T04:26:28-07:00,25.0905.00,app_store_reviews_complete.csv,en,-0.4318181818181818,True,synonym,435,new conception is really bad,0,1.0,other_issues,NEGATIVE,0.9998065829277039,-0.9998065829277039
new design is totally new.,1.0,Pranav Goswami,2025-09-20T04:26:28-07:00,25.0905.00,app_store_reviews_complete.csv,en,-0.4318181818181818,True,contextual,435,new design is totally new,0,1.0,other_issues,POSITIVE,0.9995936751365662,0.9995936751365662
Waste of time. new design is really worst. Won't use again.,1.0,Pranav Goswami,2025-09-20T04:26:28-07:00,25.0905.00,app_store_reviews_complete.csv,en,-0.4318181818181818,True,template,435,waste of time new design is really worst wont use again,0,1.0,other_issues,NEGATIVE,0.9998231530189514,-0.9998231530189514
The new design is seriously awful.,1.0,Pranav Goswami,2025-09-20T04:26:28-07:00,25.0905.00,app_store_reviews_complete.csv,en,-0.4318181818181818,True,llm,435,the new design is seriously awful,0,1.0,other_issues,NEGATIVE,0.9997773766517639,-0.9997773766517639
newfangled intention is really worst.,1.0,Pranav Goswami,2025-09-20T04:26:28-07:00,25.0905.00,app_store_reviews_complete.csv,en,-0.4318181818181818,True,synonym,435,newfangled intention is really worst,0,1.0,other_issues,NEGATIVE,0.9997895359992981,-0.9997895359992981
ashu,5.0,Payment by ashu,2025-09-20T03:14:16-07:00,25.0905.00,app_store_reviews_complete.csv,sq,0.0,True,synonym,436,ashu,3,1.0,other_issues,POSITIVE,0.9752219915390015,0.9752219915390015
†,5.0,Payment by ashu,2025-09-20T03:14:16-07:00,25.0905.00,app_store_reviews_complete.csv,sq,0.0,True,contextual,436,,0,0.7184923081526157,other_issues,NEGATIVE,0.9296891093254089,-0.9296891093254089
Amazing! ashu Five stars!,5.0,Payment by ashu,2025-09-20T03:14:16-07:00,25.0905.00,app_store_reviews_complete.csv,sq,0.0,True,template,436,amazing ashu five stars,3,1.0,other_issues,POSITIVE,0.9998788833618164,0.9998788833618164
ashu,5.0,Payment by ashu,2025-09-20T03:14:16-07:00,25.0905.00,app_store_reviews_complete.csv,sq,0.0,True,llm,436,ashu,3,1.0,other_issues,POSITIVE,0.9752219915390015,0.9752219915390015
ashu,5.0,Payment by ashu,2025-09-20T03:14:16-07:00,25.0905.00,app_store_reviews_complete.csv,sq,0.0,True,synonym,436,ashu,3,1.0,other_issues,POSITIVE,0.9752219915390015,0.9752219915390015
supposed i ilke,5.0,Adhigowdraaa,2025-09-19T21:49:10-07:00,25.0905.00,app_store_reviews_complete.csv,hr,0.0,True,synonym,438,supposed i ilke,-1,0.3443910024978009,uncategorized,NEGATIVE,0.9911985993385315,-0.9911985993385315
so i guess,5.0,Adhigowdraaa,2025-09-19T21:49:10-07:00,25.0905.00,app_store_reviews_complete.csv,hr,0.0,True,contextual,438,so i guess,0,0.12703282564885748,other_issues,NEGATIVE,0.9805663824081421,-0.9805663824081421
Love this app! supposed i ilke Keep it up!,5.0,Adhigowdraaa,2025-09-19T21:49:10-07:00,25.0905.00,app_store_reviews_complete.csv,hr,0.0,True,template,438,love this app supposed i ilke keep it up,1,1.0,other_issues,POSITIVE,0.9994010925292969,0.9994010925292969
"""I guess I like it""",5.0,Adhigowdraaa,2025-09-19T21:49:10-07:00,25.0905.00,app_store_reviews_complete.csv,hr,0.0,True,llm,438,i guess i like it,0,1.0,other_issues,POSITIVE,0.9997151494026184,0.9997151494026184
supposed i ilke,5.0,Adhigowdraaa,2025-09-19T21:49:10-07:00,25.0905.00,app_store_reviews_complete.csv,hr,0.0,True,synonym,438,supposed i ilke,-1,0.34473316871429716,uncategorized,NEGATIVE,0.9911985993385315,-0.9911985993385315
courteous,5.0,Chiranjib Dash,2025-09-19T08:17:03-07:00,25.0905.00,app_store_reviews_complete.csv,pl,0.6,True,synonym,441,courteous,0,0.4249544616612904,other_issues,POSITIVE,0.9996516704559326,0.9996516704559326
·,5.0,Chiranjib Dash,2025-09-19T08:17:03-07:00,25.0905.00,app_store_reviews_complete.csv,pl,0.6,True,contextual,441,,0,1.0,other_issues,POSITIVE,0.9959540367126465,0.9959540367126465
Amazing! nice Best app ever.,5.0,Chiranjib Dash,2025-09-19T08:17:03-07:00,25.0905.00,app_store_reviews_complete.csv,pl,0.6,True,template,441,amazing nice best app ever,1,1.0,other_issues,POSITIVE,0.9998739957809448,0.9998739957809448
nice,5.0,Chiranjib Dash,2025-09-19T08:17:03-07:00,25.0905.00,app_store_reviews_complete.csv,pl,0.6,True,llm,441,nice,0,1.0,other_issues,POSITIVE,0.9998552799224854,0.9998552799224854
decent,5.0,Chiranjib Dash,2025-09-19T08:17:03-07:00,25.0905.00,app_store_reviews_complete.csv,pl,0.6,True,synonym,441,decent,0,0.10556665198042685,other_issues,POSITIVE,0.9998401403427124,0.9998401403427124
salutary app,5.0,Nikhil1132,2025-11-02T22:57:53-07:00,25.1017.00,app_store_reviews_complete.csv,en,0.7,True,synonym,86,salutary app,-1,0.3055086732035156,uncategorized,POSITIVE,0.5718012452125549,0.5718012452125549
good deed,5.0,Nikhil1132,2025-11-02T22:57:53-07:00,25.1017.00,app_store_reviews_complete.csv,en,0.7,True,contextual,86,good deed,0,0.542388610667725,other_issues,POSITIVE,0.9998201727867126,0.9998201727867126
Great experience. good app Best app ever.,5.0,Nikhil1132,2025-11-02T22:57:53-07:00,25.1017.00,app_store_reviews_complete.csv,en,0.7,True,template,86,great experience good app best app ever,1,1.0,other_issues,POSITIVE,0.9998314380645752,0.9998314380645752
"""great application""",5.0,Nikhil1132,2025-11-02T22:57:53-07:00,25.1017.00,app_store_reviews_complete.csv,en,0.7,True,llm,86,great application,1,0.764972445344003,other_issues,POSITIVE,0.9998766183853149,0.9998766183853149
good ap,5.0,Nikhil1132,2025-11-02T22:57:53-07:00,25.1017.00,app_store_reviews_complete.csv,en,0.7,True,synonym,86,good ap,1,1.0,other_issues,POSITIVE,0.9998272061347961,0.9998272061347961
safe,5.0,Free cesh,2025-11-02T22:16:13-07:00,25.1017.00,app_store_reviews_complete.csv,so,0.7,True,synonym,87,safe,-1,0.252622574060649,uncategorized,POSITIVE,0.999782383441925,0.999782383441925
46,5.0,Free cesh,2025-11-02T22:16:13-07:00,25.1017.00,app_store_reviews_complete.csv,so,0.7,True,contextual,87,,0,0.5769049272586678,other_issues,POSITIVE,0.9369895458221436,0.9369895458221436
Great experience. good Worth trying.,5.0,Free cesh,2025-11-02T22:16:13-07:00,25.1017.00,app_store_reviews_complete.csv,so,0.7,True,template,87,great experience good worth trying,0,1.0,other_issues,POSITIVE,0.9998785257339478,0.9998785257339478
It was great,5.0,Free cesh,2025-11-02T22:16:13-07:00,25.1017.00,app_store_reviews_complete.csv,so,0.7,True,llm,87,it was great,0,1.0,other_issues,POSITIVE,0.9998714923858643,0.9998714923858643
adept,5.0,Free cesh,2025-11-02T22:16:13-07:00,25.1017.00,app_store_reviews_complete.csv,so,0.7,True,synonym,87,adept,0,1.0,other_issues,POSITIVE,0.9998519420623779,0.9998519420623779
i require 15 version of telephone set pay and,1.0,ritktk,2025-11-02T20:27:20-07:00,25.1017.00,app_store_reviews_complete.csv,en,0.0,True,synonym,89,i require version of telephone set pay and,-1,0.4390062976962798,uncategorized,NEGATIVE,0.9960049986839294,-0.9960049986839294
google want 15 version of phone tracking data,1.0,ritktk,2025-11-02T20:27:20-07:00,25.1017.00,app_store_reviews_complete.csv,en,0.0,True,contextual,89,google want version of phone tracking data,-1,0.45458266420219334,uncategorized,NEGATIVE,0.9904003739356995,-0.9904003739356995
Waste of time. i want 15 version of phone pay and Won't use again.,1.0,ritktk,2025-11-02T20:27:20-07:00,25.1017.00,app_store_reviews_complete.csv,en,0.0,True,template,89,waste of time i want version of phone pay and wont use again,-1,0.2150918370003745,uncategorized,NEGATIVE,0.9997064471244812,-0.9997064471244812
Could you please provide me with 15 different versions of Phone Pay?,1.0,ritktk,2025-11-02T20:27:20-07:00,25.1017.00,app_store_reviews_complete.csv,en,0.0,True,llm,89,could you please provide me with different versions of phone pay,-1,0.467166135603092,uncategorized,NEGATIVE,0.998528242111206,-0.998528242111206
i require 15 edition of earphone pay and,1.0,ritktk,2025-11-02T20:27:20-07:00,25.1017.00,app_store_reviews_complete.csv,en,0.0,True,synonym,89,i require edition of earphone pay and,-1,0.21405228823617956,uncategorized,NEGATIVE,0.9931098222732544,-0.9931098222732544
ten out of 10,5.0,Chhupa rustum,2025-11-02T11:21:21-07:00,25.1017.00,app_store_reviews_complete.csv,en,0.0,True,synonym,90,ten out of,-1,0.33765748844887655,uncategorized,POSITIVE,0.9854269027709961,0.9854269027709961
10 pm a 10,5.0,Chhupa rustum,2025-11-02T11:21:21-07:00,25.1017.00,app_store_reviews_complete.csv,en,0.0,True,contextual,90,pm a,0,0.5251904257392263,other_issues,POSITIVE,0.9213994741439819,0.9213994741439819
Highly recommend. 10 out of 10 Best ap ever.,5.0,Chhupa rustum,2025-11-02T11:21:21-07:00,25.1017.00,app_store_reviews_complete.csv,en,0.0,True,template,90,highly recommend out of best ap ever,1,1.0,other_issues,POSITIVE,0.9997349381446838,0.9997349381446838
It's a perfect score!,5.0,Chhupa rustum,2025-11-02T11:21:21-07:00,25.1017.00,app_store_reviews_complete.csv,en,0.0,True,llm,90,its a perfect score,0,0.1016732157910506,other_issues,POSITIVE,0.9998769760131836,0.9998769760131836
ten forbidden of 10,5.0,Chhupa rustum,2025-11-02T11:21:21-07:00,25.1017.00,app_store_reviews_complete.csv,en,0.0,True,synonym,90,ten forbidden of,-1,0.317481421105295,uncategorized,NEGATIVE,0.5391753911972046,-0.5391753911972046
motherchood app,1.0,Apu Phukan,2025-11-02T09:14:32-07:00,25.1017.00,app_store_reviews_complete.csv,en,0.0,True,synonym,91,motherchood app,-1,0.29788244297969635,uncategorized,NEGATIVE,0.9623388051986694,-0.9623388051986694
weber syndrome,1.0,Apu Phukan,2025-11-02T09:14:32-07:00,25.1017.00,app_store_reviews_complete.csv,en,0.0,True,contextual,91,weber syndrome,-1,0.37707811718745426,uncategorized,NEGATIVE,0.9845232963562012,-0.9845232963562012
Waste of time. motherchood app Needs improvement.,1.0,Apu Phukan,2025-11-02T09:14:32-07:00,25.1017.00,app_store_reviews_complete.csv,en,0.0,True,template,91,waste of time motherchood app needs improvement,-1,0.2793467501268468,uncategorized,NEGATIVE,0.9997966885566711,-0.9997966885566711
"""mommy app""",1.0,Apu Phukan,2025-11-02T09:14:32-07:00,25.1017.00,app_store_reviews_complete.csv,en,0.0,True,llm,91,mommy app,-1,0.4128281248537652,uncategorized,POSITIVE,0.8690045475959778,0.8690045475959778
motherchood app,1.0,Apu Phukan,2025-11-02T09:14:32-07:00,25.1017.00,app_store_reviews_complete.csv,en,0.0,True,synonym,91,motherchood app,-1,0.30960058399128493,uncategorized,NEGATIVE,0.9623388051986694,-0.9623388051986694
like,1.0,Guna goud,2025-11-02T08:41:03-07:00,25.1017.00,app_store_reviews_complete.csv,tl,0.0,True,synonym,92,like,-1,0.34033107455342304,uncategorized,POSITIVE,0.9910564422607422,0.9910564422607422
2001,1.0,Guna goud,2025-11-02T08:41:03-07:00,25.1017.00,app_store_reviews_complete.csv,tl,0.0,True,contextual,92,,0,0.38457071551869737,other_issues,POSITIVE,0.9895040988922119,0.9895040988922119
Not recommended. same Very frustrated.,1.0,Guna goud,2025-11-02T08:41:03-07:00,25.1017.00,app_store_reviews_complete.csv,tl,0.0,True,template,92,not recommended same very frustrated,0,0.3294977408329423,other_issues,NEGATIVE,0.9997304081916809,-0.9997304081916809
same,1.0,Guna goud,2025-11-02T08:41:03-07:00,25.1017.00,app_store_reviews_complete.csv,tl,0.0,True,llm,92,same,0,1.0,other_issues,NEGATIVE,0.9845882058143616,-0.9845882058143616
like,1.0,Guna goud,2025-11-02T08:41:03-07:00,25.1017.00,app_store_reviews_complete.csv,tl,0.0,True,synonym,92,like,-1,0.34042789988713795,uncategorized,POSITIVE,0.9910564422607422,0.9910564422607422
mast app,5.0,Tasleem91,2025-09-22T00:32:46-07:00,25.0905.00,app_store_reviews_complete.csv,et,0.0,True,synonym,419,mast app,-1,0.2996343225025544,uncategorized,NEGATIVE,0.99687659740448,-0.99687659740448
mast cell,5.0,Tasleem91,2025-09-22T00:32:46-07:00,25.0905.00,app_store_reviews_complete.csv,et,0.0,True,contextual,419,mast cell,-1,0.05356891030768566,uncategorized,POSITIVE,0.500576376914978,0.500576376914978
Highly recommend. mast app Best app ever.,5.0,Tasleem91,2025-09-22T00:32:46-07:00,25.0905.00,app_store_reviews_complete.csv,et,0.0,True,template,419,highly recommend mast app best app ever,-1,0.05461272450519987,uncategorized,POSITIVE,0.9992324113845825,0.9992324113845825
"""Great app""",5.0,Tasleem91,2025-09-22T00:32:46-07:00,25.0905.00,app_store_reviews_complete.csv,et,0.0,True,llm,419,great app,1,1.0,other_issues,POSITIVE,0.9998514652252197,0.9998514652252197
mast app,5.0,Tasleem91,2025-09-22T00:32:46-07:00,25.0905.00,app_store_reviews_complete.csv,et,0.0,True,synonym,419,mast app,-1,0.053534110826414356,uncategorized,NEGATIVE,0.99687659740448,-0.99687659740448
honorable,5.0,Its dhamo,2025-09-21T22:44:17-07:00,25.0905.00,app_store_reviews_complete.csv,so,0.7,True,synonym,420,honorable,0,0.4606644215028258,other_issues,POSITIVE,0.9998070597648621,0.9998070597648621
131,5.0,Its dhamo,2025-09-21T22:44:17-07:00,25.0905.00,app_store_reviews_complete.csv,so,0.7,True,contextual,420,,0,0.6581006529885776,other_issues,POSITIVE,0.9852244853973389,0.9852244853973389
Highly recommend. good Worth trying.,5.0,Its dhamo,2025-09-21T22:44:17-07:00,25.0905.00,app_store_reviews_complete.csv,so,0.7,True,template,420,highly recommend good worth trying,0,0.1984300969503499,other_issues,POSITIVE,0.9998713731765747,0.9998713731765747
good,5.0,Its dhamo,2025-09-21T22:44:17-07:00,25.0905.00,app_store_reviews_complete.csv,so,0.7,True,llm,420,good,0,0.4060980826892452,other_issues,POSITIVE,0.9998161196708679,0.9998161196708679
in effect,5.0,Its dhamo,2025-09-21T22:44:17-07:00,25.0905.00,app_store_reviews_complete.csv,so,0.7,True,synonym,420,in effect,-1,0.05181217653683544,uncategorized,POSITIVE,0.9981135129928589,0.9981135129928589
give selection to draw payments autopay or non,1.0,Worse 123,2025-09-21T21:33:43-07:00,25.0905.00,app_store_reviews_complete.csv,en,0.0,True,synonym,421,give selection to draw payments autopay or non,2,1.0,payment_issues,NEGATIVE,0.934848964214325,-0.934848964214325
give order of make either autopay or not,1.0,Worse 123,2025-09-21T21:33:43-07:00,25.0905.00,app_store_reviews_complete.csv,en,0.0,True,contextual,421,give order of make either autopay or not,2,1.0,payment_issues,NEGATIVE,0.9955612421035767,-0.9955612421035767
Not recommended. give choice to make payments autopay or not Very frustrated.,1.0,Worse 123,2025-09-21T21:33:43-07:00,25.0905.00,app_store_reviews_complete.csv,en,0.0,True,template,421,not recommended give choice to make payments autopay or not very frustrated,2,1.0,payment_issues,NEGATIVE,0.998354971408844,-0.998354971408844
"""Offer the option to decide if payments are automatic or not""",1.0,Worse 123,2025-09-21T21:33:43-07:00,25.0905.00,app_store_reviews_complete.csv,en,0.0,True,llm,421,offer the option to decide if payments are automatic or not,2,0.8314961049544259,payment_issues,NEGATIVE,0.9692131876945496,-0.9692131876945496
give pick to make payments autopay or non,1.0,Worse 123,2025-09-21T21:33:43-07:00,25.0905.00,app_store_reviews_complete.csv,en,0.0,True,synonym,421,give pick to make payments autopay or non,2,1.0,payment_issues,NEGATIVE,0.9884074330329895,-0.9884074330329895
secure,5.0,Sampath Billi,2025-09-21T06:54:00-07:00,25.0905.00,app_store_reviews_complete.csv,so,0.7,True,synonym,422,secure,-1,0.18809090911867105,uncategorized,POSITIVE,0.999834418296814,0.999834418296814
·,5.0,Sampath Billi,2025-09-21T06:54:00-07:00,25.0905.00,app_store_reviews_complete.csv,so,0.7,True,contextual,422,,0,0.34748384177099373,other_issues,POSITIVE,0.9959540367126465,0.9959540367126465
Highly recommend. good Best app ever.,5.0,Sampath Billi,2025-09-21T06:54:00-07:00,25.0905.00,app_store_reviews_complete.csv,so,0.7,True,template,422,highly recommend good best app ever,1,1.0,other_issues,POSITIVE,0.9998569488525391,0.9998569488525391
It's pretty nice,5.0,Sampath Billi,2025-09-21T06:54:00-07:00,25.0905.00,app_store_reviews_complete.csv,so,0.7,True,llm,422,its pretty nice,0,0.9367772038702564,other_issues,POSITIVE,0.9998688697814941,0.9998688697814941
beneficial,5.0,Sampath Billi,2025-09-21T06:54:00-07:00,25.0905.00,app_store_reviews_complete.csv,so,0.7,True,synonym,422,beneficial,-1,0.38600553035095614,uncategorized,POSITIVE,0.9998611211776733,0.9998611211776733
aplomb,5.0,its_ipreet_twest,2025-09-21T06:01:55-07:00,25.0905.00,app_store_reviews_complete.csv,it,0.35,True,synonym,423,aplomb,1,1.0,other_issues,POSITIVE,0.9996606111526489,0.9996606111526489
136,5.0,its_ipreet_twest,2025-09-21T06:01:55-07:00,25.0905.00,app_store_reviews_complete.csv,it,0.35,True,contextual,423,,0,1.0,other_issues,POSITIVE,0.9866735935211182,0.9866735935211182
Love this app! cool Five stars!,5.0,its_ipreet_twest,2025-09-21T06:01:55-07:00,25.0905.00,app_store_reviews_complete.csv,it,0.35,True,template,423,love this app cool five stars,1,1.0,other_issues,POSITIVE,0.9998742341995239,0.9998742341995239
"""Pretty neat!""",5.0,its_ipreet_twest,2025-09-21T06:01:55-07:00,25.0905.00,app_store_reviews_complete.csv,it,0.35,True,llm,423,pretty neat,-1,0.13265745770499526,uncategorized,POSITIVE,0.9998157620429993,0.9998157620429993
poise,5.0,its_ipreet_twest,2025-09-21T06:01:55-07:00,25.0905.00,app_store_reviews_complete.csv,it,0.35,True,synonym,423,poise,-1,0.2854276447942465,uncategorized,POSITIVE,0.9985935091972351,0.9985935091972351
this app is well disposed n fast,5.0,Haresh S K,2025-09-20T20:02:36-07:00,25.0905.00,app_store_reviews_complete.csv,en,0.2875,True,synonym,429,this app is well disposed n fast,1,0.47629919549423055,other_issues,POSITIVE,0.9950779676437378,0.9950779676437378
this cuisine serves friendly n fast,5.0,Haresh S K,2025-09-20T20:02:36-07:00,25.0905.00,app_store_reviews_complete.csv,en,0.2875,True,contextual,429,this cuisine serves friendly n fast,0,0.2786480528440236,other_issues,POSITIVE,0.9996079802513123,0.9996079802513123
Amazing! this app is friendly n fast Keep it up!,5.0,Haresh S K,2025-09-20T20:02:36-07:00,25.0905.00,app_store_reviews_complete.csv,en,0.2875,True,template,429,amazing this app is friendly n fast keep it up,1,0.3213830869000803,other_issues,POSITIVE,0.9998396635055542,0.9998396635055542
This app is really user-friendly and quick.,5.0,Haresh S K,2025-09-20T20:02:36-07:00,25.0905.00,app_store_reviews_complete.csv,en,0.2875,True,llm,429,this app is really userfriendly and quick,1,0.5207170481613383,other_issues,POSITIVE,0.9977912902832031,0.9977912902832031
this app constitute friendly n fast,5.0,Haresh S K,2025-09-20T20:02:36-07:00,25.0905.00,app_store_reviews_complete.csv,en,0.2875,True,synonym,429,this app constitute friendly n fast,1,0.47317297956144166,other_issues,POSITIVE,0.9973580241203308,0.9973580241203308
comfortable transport and secure,5.0,Niraj Kumar yadav,2025-09-20T19:37:15-07:00,25.0905.00,app_store_reviews_complete.csv,en,0.4166666666666667,True,synonym,430,comfortable transport and secure,2,0.20385402469487907,payment_issues,POSITIVE,0.9998493194580078,0.9998493194580078
server data nd secure,5.0,Niraj Kumar yadav,2025-09-20T19:37:15-07:00,25.0905.00,app_store_reviews_complete.csv,en,0.4166666666666667,True,contextual,430,server data nd secure,-1,0.20252192474622624,uncategorized,NEGATIVE,0.8981252908706665,-0.8981252908706665
Highly recommend. easy transfer and secure Keep it up!,5.0,Niraj Kumar yadav,2025-09-20T19:37:15-07:00,25.0905.00,app_store_reviews_complete.csv,en,0.4166666666666667,True,template,430,highly recommend easy transfer and secure keep it up,2,1.0,payment_issues,POSITIVE,0.9998345375061035,0.9998345375061035
"""Simple transfer process and feels safe""",5.0,Niraj Kumar yadav,2025-09-20T19:37:15-07:00,25.0905.00,app_store_reviews_complete.csv,en,0.4166666666666667,True,llm,430,simple transfer process and feels safe,2,1.0,payment_issues,POSITIVE,0.9990744590759277,0.9990744590759277
easy transfer and secure,5.0,Niraj Kumar yadav,2025-09-20T19:37:15-07:00,25.0905.00,app_store_reviews_complete.csv,en,0.4166666666666667,True,synonym,430,easy transfer and secure,2,1.0,payment_issues,POSITIVE,0.9996532201766968,0.9996532201766968
it ' s but amazing,5.0,ritikasuneja,2025-09-20T05:58:16-07:00,25.0905.00,app_store_reviews_complete.csv,en,0.6000000000000001,True,synonym,432,it s but amazing,0,0.5581451918388873,other_issues,POSITIVE,0.9998124241828918,0.9998124241828918
he ' s like amazing,5.0,ritikasuneja,2025-09-20T05:58:16-07:00,25.0905.00,app_store_reviews_complete.csv,en,0.6000000000000001,True,contextual,432,he s like amazing,0,0.4642554153391175,other_issues,POSITIVE,0.9998892545700073,0.9998892545700073
Love this app! it's simply amazing Worth trying.,5.0,ritikasuneja,2025-09-20T05:58:16-07:00,25.0905.00,app_store_reviews_complete.csv,en,0.6000000000000001,True,template,432,love this app its simply amazing worth trying,-1,0.380407582866739,uncategorized,POSITIVE,0.9998871088027954,0.9998871088027954
It's just fantastic,5.0,ritikasuneja,2025-09-20T05:58:16-07:00,25.0905.00,app_store_reviews_complete.csv,en,0.6000000000000001,True,llm,432,its just fantastic,0,1.0,other_issues,POSITIVE,0.9998800754547119,0.9998800754547119
information technology ' s simply amazing,5.0,ritikasuneja,2025-09-20T05:58:16-07:00,25.0905.00,app_store_reviews_complete.csv,en,0.6000000000000001,True,synonym,432,information technology s simply amazing,-1,0.26842943269080993,uncategorized,POSITIVE,0.9998821020126343,0.9998821020126343
gracious,5.0,skumarsoni,2025-11-05T09:09:34-07:00,25.1017.05,app_store_reviews_complete.csv,pl,0.6,True,synonym,65,gracious,0,0.623329015735561,other_issues,POSITIVE,0.9994045495986938,0.9994045495986938
notes,5.0,skumarsoni,2025-11-05T09:09:34-07:00,25.1017.05,app_store_reviews_complete.csv,pl,0.6,True,contextual,65,notes,-1,0.08198113862485586,uncategorized,POSITIVE,0.991154134273529,0.991154134273529
Great experience. nice Best app ever.,5.0,skumarsoni,2025-11-05T09:09:34-07:00,25.1017.05,app_store_reviews_complete.csv,pl,0.6,True,template,65,great experience nice best app ever,1,1.0,other_issues,POSITIVE,0.9998606443405151,0.9998606443405151
nice,5.0,skumarsoni,2025-11-05T09:09:34-07:00,25.1017.05,app_store_reviews_complete.csv,pl,0.6,True,llm,65,nice,0,1.0,other_issues,POSITIVE,0.9998552799224854,0.9998552799224854
decent,5.0,skumarsoni,2025-11-05T09:09:34-07:00,25.1017.05,app_store_reviews_complete.csv,pl,0.6,True,synonym,65,decent,0,0.10556041473262745,other_issues,POSITIVE,0.9998401403427124,0.9998401403427124
adept,5.0,Satish he,2025-11-05T07:26:38-07:00,25.1017.05,app_store_reviews_complete.csv,so,0.7,True,synonym,66,adept,0,1.0,other_issues,POSITIVE,0.9998519420623779,0.9998519420623779
252,5.0,Satish he,2025-11-05T07:26:38-07:00,25.1017.05,app_store_reviews_complete.csv,so,0.7,True,contextual,66,,0,1.0,other_issues,POSITIVE,0.9529225826263428,0.9529225826263428
Amazing! good Five stars!,5.0,Satish he,2025-11-05T07:26:38-07:00,25.1017.05,app_store_reviews_complete.csv,so,0.7,True,template,66,amazing good five stars,3,1.0,other_issues,POSITIVE,0.9998784065246582,0.9998784065246582
good,5.0,Satish he,2025-11-05T07:26:38-07:00,25.1017.05,app_store_reviews_complete.csv,so,0.7,True,llm,66,good,0,0.3621839585902017,other_issues,POSITIVE,0.9998161196708679,0.9998161196708679
effective,5.0,Satish he,2025-11-05T07:26:38-07:00,25.1017.05,app_store_reviews_complete.csv,so,0.7,True,synonym,66,effective,-1,0.4734460794646396,uncategorized,POSITIVE,0.9998250603675842,0.9998250603675842
best app,5.0,Mr baggu,2025-11-01T06:27:14-07:00,25.1017.00,app_store_reviews_complete.csv,fr,1.0,True,synonym,108,best app,1,1.0,other_issues,POSITIVE,0.999686598777771,0.999686598777771
mobile app,5.0,Mr baggu,2025-11-01T06:27:14-07:00,25.1017.00,app_store_reviews_complete.csv,fr,1.0,True,contextual,108,mobile app,-1,0.42843649889514585,uncategorized,POSITIVE,0.9550374746322632,0.9550374746322632
Amazing! best app Five stars!,5.0,Mr baggu,2025-11-01T06:27:14-07:00,25.1017.00,app_store_reviews_complete.csv,fr,1.0,True,template,108,amazing best app five stars,1,1.0,other_issues,POSITIVE,0.9998608827590942,0.9998608827590942
Love this app!,5.0,Mr baggu,2025-11-01T06:27:14-07:00,25.1017.00,app_store_reviews_complete.csv,fr,1.0,True,llm,108,love this app,1,0.5693513417876012,other_issues,POSITIVE,0.9998639822006226,0.9998639822006226
practiced app,5.0,Mr baggu,2025-11-01T06:27:14-07:00,25.1017.00,app_store_reviews_complete.csv,fr,1.0,True,synonym,108,practiced app,1,0.6053811437843093,other_issues,POSITIVE,0.9976490139961243,0.9976490139961243
very nice and beautiful,5.0,Dipak Singh13,2025-11-01T05:36:38-07:00,25.1017.00,app_store_reviews_complete.csv,en,0.815,True,synonym,109,very nice and beautiful,0,1.0,other_issues,POSITIVE,0.9998767375946045,0.9998767375946045
either nice or beautiful,5.0,Dipak Singh13,2025-11-01T05:36:38-07:00,25.1017.00,app_store_reviews_complete.csv,en,0.815,True,contextual,109,either nice or beautiful,0,1.0,other_issues,POSITIVE,0.9998015761375427,0.9998015761375427
Amazing! very nice and beautiful Keep it up!,5.0,Dipak Singh13,2025-11-01T05:36:38-07:00,25.1017.00,app_store_reviews_complete.csv,en,0.815,True,template,109,amazing very nice and beautiful keep it up,0,1.0,other_issues,POSITIVE,0.9998832941055298,0.9998832941055298
"""really lovely and pretty""",5.0,Dipak Singh13,2025-11-01T05:36:38-07:00,25.1017.00,app_store_reviews_complete.csv,en,0.815,True,llm,109,really lovely and pretty,0,1.0,other_issues,POSITIVE,0.9998745918273926,0.9998745918273926
rattling skillful nd beautiful,5.0,Dipak Singh13,2025-11-01T05:36:38-07:00,25.1017.00,app_store_reviews_complete.csv,en,0.815,True,synonym,109,rattling skillful nd beautiful,-1,0.049165247285031737,uncategorized,POSITIVE,0.9997757077217102,0.9997757077217102
just service,5.0,Srisri76,2025-10-31T22:15:20-07:00,25.1017.00,app_store_reviews_complete.csv,en,1.0,True,synonym,112,just service,0,0.6042183128936669,other_issues,POSITIVE,0.9991545677185059,0.9991545677185059
best choreography,5.0,Srisri76,2025-10-31T22:15:20-07:00,25.1017.00,app_store_reviews_complete.csv,en,1.0,True,contextual,112,best choreography,0,1.0,other_issues,POSITIVE,0.9997873902320862,0.9997873902320862
Highly recommend. best service Best app ever.,5.0,Srisri76,2025-10-31T22:15:20-07:00,25.1017.00,app_store_reviews_complete.csv,en,1.0,True,template,112,highly recommend best service best app ever,1,1.0,other_issues,POSITIVE,0.9997407793998718,0.9997407793998718
"""top-notch service""",5.0,Srisri76,2025-10-31T22:15:20-07:00,25.1017.00,app_store_reviews_complete.csv,en,1.0,True,llm,112,topnotch service,-1,0.285684552559463,uncategorized,POSITIVE,0.9997146725654602,0.9997146725654602
unspoiled service,5.0,Srisri76,2025-10-31T22:15:20-07:00,25.1017.00,app_store_reviews_complete.csv,en,1.0,True,synonym,112,unspoiled service,0,0.5178314834795676,other_issues,NEGATIVE,0.937243640422821,-0.937243640422821
very salutary app,5.0,Mana bank,2025-09-24T23:13:24-07:00,25.0905.00,app_store_reviews_complete.csv,en,0.91,True,synonym,401,very salutary app,-1,0.32358001176146833,uncategorized,POSITIVE,0.8624361157417297,0.8624361157417297
very helpful app,5.0,Mana bank,2025-09-24T23:13:24-07:00,25.0905.00,app_store_reviews_complete.csv,en,0.91,True,contextual,401,very helpful app,1,1.0,other_issues,POSITIVE,0.9996640682220459,0.9996640682220459
Love this app! very good app Best app ever.,5.0,Mana bank,2025-09-24T23:13:24-07:00,25.0905.00,app_store_reviews_complete.csv,en,0.91,True,template,401,love this app very good app best app ever,1,0.5421664585317789,other_issues,POSITIVE,0.9998617172241211,0.9998617172241211
"""This app is really great.""",5.0,Mana bank,2025-09-24T23:13:24-07:00,25.0905.00,app_store_reviews_complete.csv,en,0.91,True,llm,401,this app is really great,1,0.5684919568478843,other_issues,POSITIVE,0.9998528957366943,0.9998528957366943
very estimable app,5.0,Mana bank,2025-09-24T23:13:24-07:00,25.0905.00,app_store_reviews_complete.csv,en,0.91,True,synonym,401,very estimable app,-1,0.19588364084770538,uncategorized,POSITIVE,0.9970470070838928,0.9970470070838928
amazing speedy transactions,5.0,Vineethvincentk,2025-09-24T18:15:00-07:00,25.0905.00,app_store_reviews_complete.csv,en,1.0,True,synonym,402,amazing speedy transactions,2,1.0,payment_issues,POSITIVE,0.999823272228241,0.999823272228241
· speedy transactions,5.0,Vineethvincentk,2025-09-24T18:15:00-07:00,25.0905.00,app_store_reviews_complete.csv,en,1.0,True,contextual,402,speedy transactions,2,0.6871805892183315,payment_issues,POSITIVE,0.9976003766059875,0.9976003766059875
Amazing! awesome speedy transactions Best app ever.,5.0,Vineethvincentk,2025-09-24T18:15:00-07:00,25.0905.00,app_store_reviews_complete.csv,en,1.0,True,template,402,amazing awesome speedy transactions best app ever,2,1.0,payment_issues,POSITIVE,0.9998132586479187,0.9998132586479187
"""great quick transactions""",5.0,Vineethvincentk,2025-09-24T18:15:00-07:00,25.0905.00,app_store_reviews_complete.csv,en,1.0,True,llm,402,great quick transactions,2,1.0,payment_issues,POSITIVE,0.9997605681419373,0.9997605681419373
awesome speedy transactions,5.0,Vineethvincentk,2025-09-24T18:15:00-07:00,25.0905.00,app_store_reviews_complete.csv,en,1.0,True,synonym,402,awesome speedy transactions,2,1.0,payment_issues,POSITIVE,0.9996516704559326,0.9996516704559326
superintendent,5.0,Hungry star,2025-09-24T07:44:46-07:00,25.0905.00,app_store_reviews_complete.csv,ro,0.3333333333333333,True,synonym,403,superintendent,-1,0.0008339133955041671,uncategorized,POSITIVE,0.9755302667617798,0.9755302667617798
46,5.0,Hungry star,2025-09-24T07:44:46-07:00,25.0905.00,app_store_reviews_complete.csv,ro,0.3333333333333333,True,contextual,403,,0,1.0,other_issues,POSITIVE,0.9369895458221436,0.9369895458221436
Great experience. super Worth trying.,5.0,Hungry star,2025-09-24T07:44:46-07:00,25.0905.00,app_store_reviews_complete.csv,ro,0.3333333333333333,True,template,403,great experience super worth trying,0,1.0,other_issues,POSITIVE,0.9998681545257568,0.9998681545257568
super,5.0,Hungry star,2025-09-24T07:44:46-07:00,25.0905.00,app_store_reviews_complete.csv,ro,0.3333333333333333,True,llm,403,super,0,1.0,other_issues,POSITIVE,0.998783528804779,0.998783528804779
superintendent,5.0,Hungry star,2025-09-24T07:44:46-07:00,25.0905.00,app_store_reviews_complete.csv,ro,0.3333333333333333,True,synonym,403,superintendent,-1,0.0008339115937010286,uncategorized,POSITIVE,0.9755302667617798,0.9755302667617798
bhai,1.0,Vikku Perwal,2025-09-24T07:32:41-07:00,25.0905.00,app_store_reviews_complete.csv,cy,0.0,True,synonym,404,bhai,4,1.0,other_issues,POSITIVE,0.9565706253051758,0.9565706253051758
§,1.0,Vikku Perwal,2025-09-24T07:32:41-07:00,25.0905.00,app_store_reviews_complete.csv,cy,0.0,True,contextual,404,,0,1.0,other_issues,NEGATIVE,0.8862535357475281,-0.8862535357475281
Terrible experience. bhai Needs improvement.,1.0,Vikku Perwal,2025-09-24T07:32:41-07:00,25.0905.00,app_store_reviews_complete.csv,cy,0.0,True,template,404,terrible experience bhai needs improvement,4,1.0,other_issues,NEGATIVE,0.9993343949317932,-0.9993343949317932
bhai,1.0,Vikku Perwal,2025-09-24T07:32:41-07:00,25.0905.00,app_store_reviews_complete.csv,cy,0.0,True,llm,404,bhai,4,1.0,other_issues,POSITIVE,0.9565706253051758,0.9565706253051758
bhai,1.0,Vikku Perwal,2025-09-24T07:32:41-07:00,25.0905.00,app_store_reviews_complete.csv,cy,0.0,True,synonym,404,bhai,4,1.0,other_issues,POSITIVE,0.9565706253051758,0.9565706253051758
secure online application in world broad,5.0,Kashif khan 1,2025-09-23T21:22:11-07:00,25.0905.00,app_store_reviews_complete.csv,en,0.45,True,synonym,405,secure online application in world broad,-1,0.3950748794001093,uncategorized,POSITIVE,0.9995253086090088,0.9995253086090088
viral marketing application in world wide,5.0,Kashif khan 1,2025-09-23T21:22:11-07:00,25.0905.00,app_store_reviews_complete.csv,en,0.45,True,contextual,405,viral marketing application in world wide,-1,0.4203702822982622,uncategorized,POSITIVE,0.9236261248588562,0.9236261248588562
Amazing! best online application in world wide Best app ever.,5.0,Kashif khan 1,2025-09-23T21:22:11-07:00,25.0905.00,app_store_reviews_complete.csv,en,0.45,True,template,405,amazing best online application in world wide best app ever,1,1.0,other_issues,POSITIVE,0.9998235106468201,0.9998235106468201
"""top-notch online platform worldwide""",5.0,Kashif khan 1,2025-09-23T21:22:11-07:00,25.0905.00,app_store_reviews_complete.csv,en,0.45,True,llm,405,topnotch online platform worldwide,-1,0.2819490222928185,uncategorized,POSITIVE,0.9997894167900085,0.9997894167900085
good online application in world across teh board,5.0,Kashif khan 1,2025-09-23T21:22:11-07:00,25.0905.00,app_store_reviews_complete.csv,en,0.45,True,synonym,405,good online application in world across teh board,-1,0.3993117056183031,uncategorized,POSITIVE,0.9996775388717651,0.9996775388717651
problem solution very good dependable armed service,5.0,j sain,2025-09-22T23:53:38-07:00,25.0905.00,app_store_reviews_complete.csv,en,0.8049999999999999,True,synonym,410,problem solution very good dependable armed service,0,0.5403497694946806,other_issues,POSITIVE,0.9985180497169495,0.9985180497169495
problem for very a good service,5.0,j sain,2025-09-22T23:53:38-07:00,25.0905.00,app_store_reviews_complete.csv,en,0.8049999999999999,True,contextual,410,problem for very a good service,0,0.40791564782511647,other_issues,NEGATIVE,0.8578307628631592,-0.8578307628631592
Love this app! problem solution very good good service Keep it up!,5.0,j sain,2025-09-22T23:53:38-07:00,25.0905.00,app_store_reviews_complete.csv,en,0.8049999999999999,True,template,410,love this app problem solution very good good service keep it up,1,1.0,other_issues,POSITIVE,0.9997864365577698,0.9997864365577698
"The solution to the issue was really good, the service was great too.",5.0,j sain,2025-09-22T23:53:38-07:00,25.0905.00,app_store_reviews_complete.csv,en,0.8049999999999999,True,llm,410,the solution to the issue was really good the service was great too,0,0.44989730113339443,other_issues,POSITIVE,0.9997203946113586,0.9997203946113586
problem solution very estimable good serve,5.0,j sain,2025-09-22T23:53:38-07:00,25.0905.00,app_store_reviews_complete.csv,en,0.8049999999999999,True,synonym,410,problem solution very estimable good serve,-1,0.0659937912786395,uncategorized,POSITIVE,0.9991770386695862,0.9991770386695862
beneficial,5.0,Phanindra Phanindra,2025-09-22T23:28:49-07:00,25.0905.00,app_store_reviews_complete.csv,so,0.7,True,synonym,412,beneficial,-1,0.3857985591342648,uncategorized,POSITIVE,0.9998611211776733,0.9998611211776733
·,5.0,Phanindra Phanindra,2025-09-22T23:28:49-07:00,25.0905.00,app_store_reviews_complete.csv,so,0.7,True,contextual,412,,0,0.5492758875548139,other_issues,POSITIVE,0.9959540367126465,0.9959540367126465
Love this app! good Keep it up!,5.0,Phanindra Phanindra,2025-09-22T23:28:49-07:00,25.0905.00,app_store_reviews_complete.csv,so,0.7,True,template,412,love this app good keep it up,1,1.0,other_issues,POSITIVE,0.9998621940612793,0.9998621940612793
good,5.0,Phanindra Phanindra,2025-09-22T23:28:49-07:00,25.0905.00,app_store_reviews_complete.csv,so,0.7,True,llm,412,good,0,0.7918473011860117,other_issues,POSITIVE,0.9998161196708679,0.9998161196708679
expert,5.0,Phanindra Phanindra,2025-09-22T23:28:49-07:00,25.0905.00,app_store_reviews_complete.csv,so,0.7,True,synonym,412,expert,0,1.0,other_issues,POSITIVE,0.9994390606880188,0.9994390606880188
thank you telephone pe and team,5.0,Khan Sahab 07,2025-09-22T22:30:36-07:00,25.0905.00,app_store_reviews_complete.csv,en,0.0,True,synonym,413,thank you telephone pe and team,1,0.8400641337814982,other_issues,POSITIVE,0.99007648229599,0.99007648229599
thank you phone message and digital,5.0,Khan Sahab 07,2025-09-22T22:30:36-07:00,25.0905.00,app_store_reviews_complete.csv,en,0.0,True,contextual,413,thank you phone message and digital,1,0.6500508920261316,other_issues,POSITIVE,0.9989401698112488,0.9989401698112488
Love this app! thank you phone pe and team Keep it up!,5.0,Khan Sahab 07,2025-09-22T22:30:36-07:00,25.0905.00,app_store_reviews_complete.csv,en,0.0,True,template,413,love this app thank you phone pe and team keep it up,1,1.0,other_issues,POSITIVE,0.9997990727424622,0.9997990727424622
"""Big thanks to PhonePe and the whole team!""",5.0,Khan Sahab 07,2025-09-22T22:30:36-07:00,25.0905.00,app_store_reviews_complete.csv,en,0.0,True,llm,413,big thanks to phonepe and the whole team,1,0.7223338881007525,other_issues,POSITIVE,0.9994947910308838,0.9994947910308838
thank you phone pe and squad,5.0,Khan Sahab 07,2025-09-22T22:30:36-07:00,25.0905.00,app_store_reviews_complete.csv,en,0.0,True,synonym,413,thank you phone pe and squad,1,0.8079121415048125,other_issues,POSITIVE,0.9884238839149475,0.9884238839149475
serious,5.0,alipookodan,2025-09-22T22:29:45-07:00,25.0905.00,app_store_reviews_complete.csv,so,0.7,True,synonym,414,serious,-1,0.40460708554091074,uncategorized,POSITIVE,0.9997524619102478,0.9997524619102478
222,5.0,alipookodan,2025-09-22T22:29:45-07:00,25.0905.00,app_store_reviews_complete.csv,so,0.7,True,contextual,414,,0,0.33933787380291913,other_issues,POSITIVE,0.9627361297607422,0.9627361297607422
Love this app! good Best app ever.,5.0,alipookodan,2025-09-22T22:29:45-07:00,25.0905.00,app_store_reviews_complete.csv,so,0.7,True,template,414,love this app good best app ever,1,0.5405297997545164,other_issues,POSITIVE,0.9998669624328613,0.9998669624328613
good,5.0,alipookodan,2025-09-22T22:29:45-07:00,25.0905.00,app_store_reviews_complete.csv,so,0.7,True,llm,414,good,0,1.0,other_issues,POSITIVE,0.9998161196708679,0.9998161196708679
dear,5.0,alipookodan,2025-09-22T22:29:45-07:00,25.0905.00,app_store_reviews_complete.csv,so,0.7,True,synonym,414,dear,0,0.21365822312793423,other_issues,POSITIVE,0.9996058344841003,0.9996058344841003
cracking,5.0,Great review rocks,2025-09-22T13:11:50-07:00,25.0905.00,app_store_reviews_complete.csv,ro,0.8,True,synonym,415,cracking,0,0.15114873529398443,other_issues,NEGATIVE,0.5260303616523743,-0.5260303616523743
2005,5.0,Great review rocks,2025-09-22T13:11:50-07:00,25.0905.00,app_store_reviews_complete.csv,ro,0.8,True,contextual,415,,0,0.8592753906560441,other_issues,POSITIVE,0.9771422743797302,0.9771422743797302
Great experience. great Worth trying.,5.0,Great review rocks,2025-09-22T13:11:50-07:00,25.0905.00,app_store_reviews_complete.csv,ro,0.8,True,template,415,great experience great worth trying,0,1.0,other_issues,POSITIVE,0.9998825788497925,0.9998825788497925
great,5.0,Great review rocks,2025-09-22T13:11:50-07:00,25.0905.00,app_store_reviews_complete.csv,ro,0.8,True,llm,415,great,0,1.0,other_issues,POSITIVE,0.9998630285263062,0.9998630285263062
with child,5.0,Great review rocks,2025-09-22T13:11:50-07:00,25.0905.00,app_store_reviews_complete.csv,ro,0.8,True,synonym,415,with child,-1,0.0519735894881838,uncategorized,POSITIVE,0.9862682819366455,0.9862682819366455
no cash rearwards. no hard cash backward,1.0,Vicky kadva,2025-11-03T20:33:16-07:00,25.1017.00,app_store_reviews_complete.csv,en,0.0,True,synonym,81,no cash rearwards no hard cash backward,2,1.0,payment_issues,NEGATIVE,0.9975892305374146,-0.9975892305374146
nobody strikes back. no cash freeze,1.0,Vicky kadva,2025-11-03T20:33:16-07:00,25.1017.00,app_store_reviews_complete.csv,en,0.0,True,contextual,81,nobody strikes back no cash freeze,2,0.5026272237772662,payment_issues,NEGATIVE,0.9264693260192871,-0.9264693260192871
Not recommended. no cash back. no cash back Won't use again.,1.0,Vicky kadva,2025-11-03T20:33:16-07:00,25.1017.00,app_store_reviews_complete.csv,en,0.0,True,template,81,not recommended no cash back no cash back wont use again,2,0.8229259079724456,payment_issues,NEGATIVE,0.9967868328094482,-0.9967868328094482
Can't get any money back. No cash back offered.,1.0,Vicky kadva,2025-11-03T20:33:16-07:00,25.1017.00,app_store_reviews_complete.csv,en,0.0,True,llm,81,cant get any money back no cash back offered,2,0.7547679335798306,payment_issues,NEGATIVE,0.999502420425415,-0.999502420425415
no hard cash back. no hard currency rearwards,1.0,Vicky kadva,2025-11-03T20:33:16-07:00,25.1017.00,app_store_reviews_complete.csv,en,0.0,True,synonym,81,no hard cash back no hard currency rearwards,2,1.0,payment_issues,NEGATIVE,0.9912473559379578,-0.9912473559379578
"today i faced job with p. remuneration, i didn ' triiodothyronine workplace",1.0,Ravi ramaraj,2025-11-03T06:45:45-07:00,25.1017.00,app_store_reviews_complete.csv,en,0.0,True,synonym,83,today i faced job with p remuneration i didn triiodothyronine workplace,-1,0.2300015457104393,uncategorized,NEGATIVE,0.989997148513794,-0.989997148513794
"today i caused trouble with p. pay, my wasn ' don work",1.0,Ravi ramaraj,2025-11-03T06:45:45-07:00,25.1017.00,app_store_reviews_complete.csv,en,0.0,True,contextual,83,today i caused trouble with p pay my wasn don work,-1,0.5127813313471342,uncategorized,NEGATIVE,0.9986095428466797,-0.9986095428466797
"Waste of time. today i faced problem with p.pay , i didn't work Fix this ASAP!",1.0,Ravi ramaraj,2025-11-03T06:45:45-07:00,25.1017.00,app_store_reviews_complete.csv,en,0.0,True,template,83,waste of time today i faced problem with ppay i didnt work fix this asap,-1,0.34162505950320543,uncategorized,NEGATIVE,0.9997578263282776,-0.9997578263282776
"Today I had trouble with my payment on P.Pay, it wasn't working.",1.0,Ravi ramaraj,2025-11-03T06:45:45-07:00,25.1017.00,app_store_reviews_complete.csv,en,0.0,True,llm,83,today i had trouble with my payment on ppay it wasnt working,2,1.0,payment_issues,NEGATIVE,0.9997488856315613,-0.9997488856315613
"today i faced problem with phosphorus. wage, i didn ' liothyronine work",1.0,Ravi ramaraj,2025-11-03T06:45:45-07:00,25.1017.00,app_store_reviews_complete.csv,en,0.0,True,synonym,83,today i faced problem with phosphorus wage i didn liothyronine work,-1,0.24946888438568465,uncategorized,NEGATIVE,0.9989921450614929,-0.9989921450614929
skillful,5.0,Sangyabhau,2025-11-03T01:22:09-07:00,25.1017.00,app_store_reviews_complete.csv,pl,0.6,True,synonym,85,skillful,0,1.0,other_issues,POSITIVE,0.9998453855514526,0.9998453855514526
references,5.0,Sangyabhau,2025-11-03T01:22:09-07:00,25.1017.00,app_store_reviews_complete.csv,pl,0.6,True,contextual,85,references,-1,0.0814628315397471,uncategorized,POSITIVE,0.9941547513008118,0.9941547513008118
Love this app! nice Best app ever.,5.0,Sangyabhau,2025-11-03T01:22:09-07:00,25.1017.00,app_store_reviews_complete.csv,pl,0.6,True,template,85,love this app nice best app ever,1,0.5171529063766266,other_issues,POSITIVE,0.9998601675033569,0.9998601675033569
nice,5.0,Sangyabhau,2025-11-03T01:22:09-07:00,25.1017.00,app_store_reviews_complete.csv,pl,0.6,True,llm,85,nice,0,1.0,other_issues,POSITIVE,0.9998552799224854,0.9998552799224854
overnice,5.0,Sangyabhau,2025-11-03T01:22:09-07:00,25.1017.00,app_store_reviews_complete.csv,pl,0.6,True,synonym,85,overnice,-1,0.09956598326752916,uncategorized,NEGATIVE,0.9994500279426575,-0.9994500279426575
really good,5.0,Joshibhasker,2025-10-31T06:22:38-07:00,25.1017.00,app_store_reviews_complete.csv,af,0.91,True,synonym,115,really good,0,1.0,other_issues,POSITIVE,0.9998512268066406,0.9998512268066406
very slowly,5.0,Joshibhasker,2025-10-31T06:22:38-07:00,25.1017.00,app_store_reviews_complete.csv,af,0.91,True,contextual,115,very slowly,0,1.0,other_issues,NEGATIVE,0.999269425868988,-0.999269425868988
Love this app! very good Best app ever.,5.0,Joshibhasker,2025-10-31T06:22:38-07:00,25.1017.00,app_store_reviews_complete.csv,af,0.91,True,template,115,love this app very good best app ever,1,0.5070743337379134,other_issues,POSITIVE,0.9998685121536255,0.9998685121536255
"""really great""",5.0,Joshibhasker,2025-10-31T06:22:38-07:00,25.1017.00,app_store_reviews_complete.csv,af,0.91,True,llm,115,really great,0,0.8415581408897131,other_issues,POSITIVE,0.9998664855957031,0.9998664855957031
real good,5.0,Joshibhasker,2025-10-31T06:22:38-07:00,25.1017.00,app_store_reviews_complete.csv,af,0.91,True,synonym,115,real good,0,0.4744844927529641,other_issues,POSITIVE,0.9998493194580078,0.9998493194580078
5 headliner,5.0,Dilshad karim Raja,2025-10-30T20:40:04-07:00,25.1017.00,app_store_reviews_complete.csv,sv,0.0,True,synonym,117,headliner,0,0.08595617296684632,other_issues,POSITIVE,0.9978721141815186,0.9978721141815186
southern star,5.0,Dilshad karim Raja,2025-10-30T20:40:04-07:00,25.1017.00,app_store_reviews_complete.csv,sv,0.0,True,contextual,117,southern star,3,1.0,other_issues,POSITIVE,0.9979456067085266,0.9979456067085266
Great experience. 5 star Five stars!,5.0,Dilshad karim Raja,2025-10-30T20:40:04-07:00,25.1017.00,app_store_reviews_complete.csv,sv,0.0,True,template,117,great experience star five stars,3,0.4294241934188867,other_issues,POSITIVE,0.9998701810836792,0.9998701810836792
"""Top-notch service, 5 stars!""",5.0,Dilshad karim Raja,2025-10-30T20:40:04-07:00,25.1017.00,app_store_reviews_complete.csv,sv,0.0,True,llm,117,topnotch service stars,3,0.11044611799430513,other_issues,POSITIVE,0.9995871186256409,0.9995871186256409
5 virtuoso,5.0,Dilshad karim Raja,2025-10-30T20:40:04-07:00,25.1017.00,app_store_reviews_complete.csv,sv,0.0,True,synonym,117,virtuoso,-1,0.3500656917443026,uncategorized,POSITIVE,0.9996737241744995,0.9996737241744995
excellent,5.0,Babushabhav,2025-10-30T19:22:15-07:00,25.1017.00,app_store_reviews_complete.csv,ca,1.0,True,synonym,118,excellent,0,0.4800141851035928,other_issues,POSITIVE,0.9998434782028198,0.9998434782028198
105,5.0,Babushabhav,2025-10-30T19:22:15-07:00,25.1017.00,app_store_reviews_complete.csv,ca,1.0,True,contextual,118,,0,0.5031500713992447,other_issues,POSITIVE,0.9827331304550171,0.9827331304550171
Great experience. excellent Worth trying.,5.0,Babushabhav,2025-10-30T19:22:15-07:00,25.1017.00,app_store_reviews_complete.csv,ca,1.0,True,template,118,great experience excellent worth trying,0,1.0,other_issues,POSITIVE,0.9998792409896851,0.9998792409896851
"""fantastic""",5.0,Babushabhav,2025-10-30T19:22:15-07:00,25.1017.00,app_store_reviews_complete.csv,ca,1.0,True,llm,118,fantastic,-1,0.3542826823309362,uncategorized,POSITIVE,0.9998695850372314,0.9998695850372314
excellent,5.0,Babushabhav,2025-10-30T19:22:15-07:00,25.1017.00,app_store_reviews_complete.csv,ca,1.0,True,synonym,118,excellent,0,1.0,other_issues,POSITIVE,0.9998434782028198,0.9998434782028198
goooooooood,5.0,salmankhanx09,2025-10-30T18:07:13-07:00,25.1017.00,app_store_reviews_complete.csv,so,0.0,True,synonym,119,goooooooood,0,0.06205775890539435,other_issues,NEGATIVE,0.6350522637367249,-0.6350522637367249
54,5.0,salmankhanx09,2025-10-30T18:07:13-07:00,25.1017.00,app_store_reviews_complete.csv,so,0.0,True,contextual,119,,0,1.0,other_issues,POSITIVE,0.8629895448684692,0.8629895448684692
Amazing! goooooooood Best app ever.,5.0,salmankhanx09,2025-10-30T18:07:13-07:00,25.1017.00,app_store_reviews_complete.csv,so,0.0,True,template,119,amazing goooooooood best app ever,1,1.0,other_issues,POSITIVE,0.9997803568840027,0.9997803568840027
"""so goodddddd""",5.0,salmankhanx09,2025-10-30T18:07:13-07:00,25.1017.00,app_store_reviews_complete.csv,so,0.0,True,llm,119,so goodddddd,-1,0.43136023233146203,uncategorized,POSITIVE,0.9998390674591064,0.9998390674591064
goooooooood,5.0,salmankhanx09,2025-10-30T18:07:13-07:00,25.1017.00,app_store_reviews_complete.csv,so,0.0,True,synonym,119,goooooooood,0,0.062013565258542125,other_issues,NEGATIVE,0.6350522637367249,-0.6350522637367249
received payment non designate in replete screen,5.0,Mangilal Bhaderwal,2025-10-30T11:26:06-07:00,25.1017.00,app_store_reviews_complete.csv,en,0.35,True,synonym,120,received payment non designate in replete screen,2,1.0,payment_issues,NEGATIVE,0.9832726716995239,-0.9832726716995239
points may not show in full sums,5.0,Mangilal Bhaderwal,2025-10-30T11:26:06-07:00,25.1017.00,app_store_reviews_complete.csv,en,0.35,True,contextual,120,points may not show in full sums,-1,0.5150618828582506,uncategorized,NEGATIVE,0.9993863105773926,-0.9993863105773926
Great experience. received payment not show in full screen Five stars!,5.0,Mangilal Bhaderwal,2025-10-30T11:26:06-07:00,25.1017.00,app_store_reviews_complete.csv,en,0.35,True,template,120,great experience received payment not show in full screen five stars,2,1.0,payment_issues,POSITIVE,0.9946904182434082,0.9946904182434082
"""payment I got doesn't appear on the entire screen""",5.0,Mangilal Bhaderwal,2025-10-30T11:26:06-07:00,25.1017.00,app_store_reviews_complete.csv,en,0.35,True,llm,120,payment i got doesnt appear on the entire screen,2,1.0,payment_issues,NEGATIVE,0.9945971965789795,-0.9945971965789795
received defrayment not present in full screen,5.0,Mangilal Bhaderwal,2025-10-30T11:26:06-07:00,25.1017.00,app_store_reviews_complete.csv,en,0.35,True,synonym,120,received defrayment not present in full screen,2,1.0,payment_issues,NEGATIVE,0.9982062578201294,-0.9982062578201294
my phone be not working,1.0,Kirak@143,2025-10-30T07:00:29-07:00,25.1017.00,app_store_reviews_complete.csv,en,0.0,True,synonym,121,my phone be not working,-1,0.16522669866779804,uncategorized,NEGATIVE,0.9986026883125305,-0.9986026883125305
my phone was constantly working,1.0,Kirak@143,2025-10-30T07:00:29-07:00,25.1017.00,app_store_reviews_complete.csv,en,0.0,True,contextual,121,my phone was constantly working,-1,0.15975125705333446,uncategorized,NEGATIVE,0.9903805255889893,-0.9903805255889893
Waste of time. my phone is not working Won't use again.,1.0,Kirak@143,2025-10-30T07:00:29-07:00,25.1017.00,app_store_reviews_complete.csv,en,0.0,True,template,121,waste of time my phone is not working wont use again,-1,0.16897824487041768,uncategorized,NEGATIVE,0.9995471835136414,-0.9995471835136414
"""My phone isn't functioning properly.""",1.0,Kirak@143,2025-10-30T07:00:29-07:00,25.1017.00,app_store_reviews_complete.csv,en,0.0,True,llm,121,my phone isnt functioning properly,-1,0.1633984619392778,uncategorized,NEGATIVE,0.9997795224189758,-0.9997795224189758
my telephone be broken,1.0,Kirak@143,2025-10-30T07:00:29-07:00,25.1017.00,app_store_reviews_complete.csv,en,0.0,True,synonym,121,my telephone be broken,-1,0.16290016288109255,uncategorized,NEGATIVE,0.9924445748329163,-0.9924445748329163
superintendent,5.0,Bhagya ram,2025-10-30T05:54:02-07:00,25.1017.00,app_store_reviews_complete.csv,ro,0.3333333333333333,True,synonym,122,superintendent,-1,0.0008341800857186486,uncategorized,POSITIVE,0.9755302667617798,0.9755302667617798
·,5.0,Bhagya ram,2025-10-30T05:54:02-07:00,25.1017.00,app_store_reviews_complete.csv,ro,0.3333333333333333,True,contextual,122,,0,0.37002959990092876,other_issues,POSITIVE,0.9959540367126465,0.9959540367126465
Love this app! super Keep it up!,5.0,Bhagya ram,2025-10-30T05:54:02-07:00,25.1017.00,app_store_reviews_complete.csv,ro,0.3333333333333333,True,template,122,love this app super keep it up,1,1.0,other_issues,POSITIVE,0.999854564666748,0.999854564666748
super,5.0,Bhagya ram,2025-10-30T05:54:02-07:00,25.1017.00,app_store_reviews_complete.csv,ro,0.3333333333333333,True,llm,122,super,0,1.0,other_issues,POSITIVE,0.998783528804779,0.998783528804779
superintendent,5.0,Bhagya ram,2025-10-30T05:54:02-07:00,25.1017.00,app_store_reviews_complete.csv,ro,0.3333333333333333,True,synonym,122,superintendent,-1,0.0008339378722739977,uncategorized,POSITIVE,0.9755302667617798,0.9755302667617798
thank you my condition,5.0,Rohit_101010,2025-10-29T23:35:57-07:00,25.1003.06,app_store_reviews_complete.csv,en,0.0,True,synonym,125,thank you my condition,-1,0.37636466762307824,uncategorized,POSITIVE,0.9995369911193848,0.9995369911193848
thank you sweet friend,5.0,Rohit_101010,2025-10-29T23:35:57-07:00,25.1003.06,app_store_reviews_complete.csv,en,0.0,True,contextual,125,thank you sweet friend,-1,0.1558849914471931,uncategorized,POSITIVE,0.9998581409454346,0.9998581409454346
Highly recommend. thank you my condition Five stars!,5.0,Rohit_101010,2025-10-29T23:35:57-07:00,25.1003.06,app_store_reviews_complete.csv,en,0.0,True,template,125,highly recommend thank you my condition five stars,3,0.16022624654079032,other_issues,POSITIVE,0.9998745918273926,0.9998745918273926
"""thanks for looking out for me""",5.0,Rohit_101010,2025-10-29T23:35:57-07:00,25.1003.06,app_store_reviews_complete.csv,en,0.0,True,llm,125,thanks for looking out for me,-1,0.4043975075340405,uncategorized,POSITIVE,0.9997168183326721,0.9997168183326721
thank you my condition,5.0,Rohit_101010,2025-10-29T23:35:57-07:00,25.1003.06,app_store_reviews_complete.csv,en,0.0,True,synonym,125,thank you my condition,-1,0.37694241410855556,uncategorized,POSITIVE,0.9995369911193848,0.9995369911193848
really reliable app for pay,5.0,Narinder pannu,2025-10-29T22:06:04-07:00,25.1003.06,app_store_reviews_complete.csv,en,0.2,True,synonym,126,really reliable app for pay,2,1.0,payment_issues,POSITIVE,0.9994326233863831,0.9994326233863831
very reliable electricity sales pay,5.0,Narinder pannu,2025-10-29T22:06:04-07:00,25.1003.06,app_store_reviews_complete.csv,en,0.2,True,contextual,126,very reliable electricity sales pay,2,0.4398961160023356,payment_issues,POSITIVE,0.9993958473205566,0.9993958473205566
Amazing! very reliable app for pay Best app ever.,5.0,Narinder pannu,2025-10-29T22:06:04-07:00,25.1003.06,app_store_reviews_complete.csv,en,0.2,True,template,126,amazing very reliable app for pay best app ever,2,0.6876435573402708,payment_issues,POSITIVE,0.9998486042022705,0.9998486042022705
"""this app is super reliable for making payments""",5.0,Narinder pannu,2025-10-29T22:06:04-07:00,25.1003.06,app_store_reviews_complete.csv,en,0.2,True,llm,126,this app is super reliable for making payments,2,0.6108073337402533,payment_issues,POSITIVE,0.9939115047454834,0.9939115047454834
really honest app for pay,5.0,Narinder pannu,2025-10-29T22:06:04-07:00,25.1003.06,app_store_reviews_complete.csv,en,0.2,True,synonym,126,really honest app for pay,2,1.0,payment_issues,POSITIVE,0.9996390342712402,0.9996390342712402
it just stick at every step without any progress,1.0,Hoks855,2025-11-02T05:46:09-07:00,25.1017.00,app_store_reviews_complete.csv,en,0.0,True,synonym,97,it just stick at every step without any progress,-1,0.07402237734708762,uncategorized,NEGATIVE,0.9993166923522949,-0.9993166923522949
and just moves at every step without any trouble,1.0,Hoks855,2025-11-02T05:46:09-07:00,25.1017.00,app_store_reviews_complete.csv,en,0.0,True,contextual,97,and just moves at every step without any trouble,-1,0.07376738368585507,uncategorized,POSITIVE,0.9995697140693665,0.9995697140693665
Not recommended. it just stuck at every step without any progress Needs improvement.,1.0,Hoks855,2025-11-02T05:46:09-07:00,25.1017.00,app_store_reviews_complete.csv,en,0.0,True,template,97,not recommended it just stuck at every step without any progress needs improvement,-1,0.07417260435458979,uncategorized,NEGATIVE,0.9996675252914429,-0.9996675252914429
It got stuck at every turn and didn't make any progress.,1.0,Hoks855,2025-11-02T05:46:09-07:00,25.1017.00,app_store_reviews_complete.csv,en,0.0,True,llm,97,it got stuck at every turn and didnt make any progress,-1,0.07530330159459675,uncategorized,NEGATIVE,0.9997764229774475,-0.9997764229774475
it just stuck at every stride without any progress,1.0,Hoks855,2025-11-02T05:46:09-07:00,25.1017.00,app_store_reviews_complete.csv,en,0.0,True,synonym,97,it just stuck at every stride without any progress,-1,0.07367233493662202,uncategorized,NEGATIVE,0.9996480941772461,-0.9996480941772461
not wirking,1.0,MiyaBhaiMosn,2025-11-02T02:14:05-07:00,25.0613.05,app_store_reviews_complete.csv,af,0.0,True,synonym,99,not wirking,-1,0.40059104173817944,uncategorized,NEGATIVE,0.7585993409156799,-0.7585993409156799
proven guilty,1.0,MiyaBhaiMosn,2025-11-02T02:14:05-07:00,25.0613.05,app_store_reviews_complete.csv,af,0.0,True,contextual,99,proven guilty,0,0.4308273327598738,other_issues,POSITIVE,0.9883745908737183,0.9883745908737183
Waste of time. not wirking Needs improvement.,1.0,MiyaBhaiMosn,2025-11-02T02:14:05-07:00,25.0613.05,app_store_reviews_complete.csv,af,0.0,True,template,99,waste of time not wirking needs improvement,0,0.4312531944028552,other_issues,NEGATIVE,0.998200535774231,-0.998200535774231
"""It's not working.""",1.0,MiyaBhaiMosn,2025-11-02T02:14:05-07:00,25.0613.05,app_store_reviews_complete.csv,af,0.0,True,llm,99,its not working,-1,0.1872665396436504,uncategorized,NEGATIVE,0.9997928738594055,-0.9997928738594055
non wirking,1.0,MiyaBhaiMosn,2025-11-02T02:14:05-07:00,25.0613.05,app_store_reviews_complete.csv,af,0.0,True,synonym,99,non wirking,-1,0.3759225932604319,uncategorized,POSITIVE,0.5996888279914856,0.5996888279914856
skillful,5.0,Jayendra j joshi,2025-11-02T01:43:12-07:00,25.1017.00,app_store_reviews_complete.csv,so,0.7,True,synonym,100,skillful,0,1.0,other_issues,POSITIVE,0.9998453855514526,0.9998453855514526
251,5.0,Jayendra j joshi,2025-11-02T01:43:12-07:00,25.1017.00,app_store_reviews_complete.csv,so,0.7,True,contextual,100,,0,0.9487120221384765,other_issues,POSITIVE,0.7352467775344849,0.7352467775344849
Amazing! good Best app ever.,5.0,Jayendra j joshi,2025-11-02T01:43:12-07:00,25.1017.00,app_store_reviews_complete.csv,so,0.7,True,template,100,amazing good best app ever,1,1.0,other_issues,POSITIVE,0.9998753070831299,0.9998753070831299
pretty nice,5.0,Jayendra j joshi,2025-11-02T01:43:12-07:00,25.1017.00,app_store_reviews_complete.csv,so,0.7,True,llm,100,pretty nice,0,1.0,other_issues,POSITIVE,0.9998629093170166,0.9998629093170166
sound,5.0,Jayendra j joshi,2025-11-02T01:43:12-07:00,25.1017.00,app_store_reviews_complete.csv,so,0.7,True,synonym,100,sound,-1,0.08228625169210584,uncategorized,POSITIVE,0.9995505213737488,0.9995505213737488
gracious,5.0,12shi13,2025-11-02T00:45:39-07:00,25.1017.00,app_store_reviews_complete.csv,pl,0.6,True,synonym,101,gracious,0,0.6071634720352298,other_issues,POSITIVE,0.9994045495986938,0.9994045495986938
46,5.0,12shi13,2025-11-02T00:45:39-07:00,25.1017.00,app_store_reviews_complete.csv,pl,0.6,True,contextual,101,,0,0.508871811837957,other_issues,POSITIVE,0.9369895458221436,0.9369895458221436
Great experience. nice Keep it up!,5.0,12shi13,2025-11-02T00:45:39-07:00,25.1017.00,app_store_reviews_complete.csv,pl,0.6,True,template,101,great experience nice keep it up,0,1.0,other_issues,POSITIVE,0.9998732805252075,0.9998732805252075
nice,5.0,12shi13,2025-11-02T00:45:39-07:00,25.1017.00,app_store_reviews_complete.csv,pl,0.6,True,llm,101,nice,0,1.0,other_issues,POSITIVE,0.9998552799224854,0.9998552799224854
gracious,5.0,12shi13,2025-11-02T00:45:39-07:00,25.1017.00,app_store_reviews_complete.csv,pl,0.6,True,synonym,101,gracious,0,0.5847581091729646,other_issues,POSITIVE,0.9994045495986938,0.9994045495986938
excellent help,5.0,BSvas,2025-11-01T20:10:17-07:00,25.1017.00,app_store_reviews_complete.csv,fr,1.0,True,synonym,105,excellent help,0,1.0,other_issues,POSITIVE,0.9998519420623779,0.9998519420623779
taxi service,5.0,BSvas,2025-11-01T20:10:17-07:00,25.1017.00,app_store_reviews_complete.csv,fr,1.0,True,contextual,105,taxi service,0,0.5564200019400706,other_issues,NEGATIVE,0.6591663360595703,-0.6591663360595703
Highly recommend. excellent service Keep it up!,5.0,BSvas,2025-11-01T20:10:17-07:00,25.1017.00,app_store_reviews_complete.csv,fr,1.0,True,template,105,highly recommend excellent service keep it up,0,1.0,other_issues,POSITIVE,0.9998682737350464,0.9998682737350464
"""amazing customer service""",5.0,BSvas,2025-11-01T20:10:17-07:00,25.1017.00,app_store_reviews_complete.csv,fr,1.0,True,llm,105,amazing customer service,0,0.381747282527791,other_issues,POSITIVE,0.9998774528503418,0.9998774528503418
fantabulous service,5.0,BSvas,2025-11-01T20:10:17-07:00,25.1017.00,app_store_reviews_complete.csv,fr,1.0,True,synonym,105,fantabulous service,0,0.7145839169187221,other_issues,POSITIVE,0.9925743341445923,0.9925743341445923
no john cash back get in phonepe,1.0,Jashwan26ddhjj,2025-11-01T18:46:09-07:00,25.1017.00,app_store_reviews_complete.csv,en,0.0,True,synonym,106,no john cash back get in phonepe,2,1.0,payment_issues,NEGATIVE,0.997603714466095,-0.997603714466095
sends cash back... my phonepe,1.0,Jashwan26ddhjj,2025-11-01T18:46:09-07:00,25.1017.00,app_store_reviews_complete.csv,en,0.0,True,contextual,106,sends cash back my phonepe,2,1.0,payment_issues,NEGATIVE,0.9920056462287903,-0.9920056462287903
Disappointed. no cash back getting in phonepe Fix this ASAP!,1.0,Jashwan26ddhjj,2025-11-01T18:46:09-07:00,25.1017.00,app_store_reviews_complete.csv,en,0.0,True,template,106,disappointed no cash back getting in phonepe fix this asap,2,1.0,payment_issues,NEGATIVE,0.9995131492614746,-0.9995131492614746
I'm unable to get cash back through PhonePe.,1.0,Jashwan26ddhjj,2025-11-01T18:46:09-07:00,25.1017.00,app_store_reviews_complete.csv,en,0.0,True,llm,106,im unable to get cash back through phonepe,2,1.0,payment_issues,NEGATIVE,0.9996863603591919,-0.9996863603591919
no hard cash back get in phonepe,1.0,Jashwan26ddhjj,2025-11-01T18:46:09-07:00,25.1017.00,app_store_reviews_complete.csv,en,0.0,True,synonym,106,no hard cash back get in phonepe,2,0.9153926686201065,payment_issues,NEGATIVE,0.9586539268493652,-0.9586539268493652
i apply this app e'er. i ne'er use cash.,5.0,Dikshya Dutta,2025-11-01T07:55:26-07:00,25.1017.00,app_store_reviews_complete.csv,en,0.0,True,synonym,107,i apply this app eer i neer use cash,2,1.0,payment_issues,NEGATIVE,0.9963164329528809,-0.9963164329528809
i use your gun always. girls never use money.,5.0,Dikshya Dutta,2025-11-01T07:55:26-07:00,25.1017.00,app_store_reviews_complete.csv,en,0.0,True,contextual,107,i use your gun always girls never use money,2,0.5671358732062056,payment_issues,NEGATIVE,0.9507321119308472,-0.9507321119308472
Amazing! i use this app always. i never use cash. Best app ever.,5.0,Dikshya Dutta,2025-11-01T07:55:26-07:00,25.1017.00,app_store_reviews_complete.csv,en,0.0,True,template,107,amazing i use this app always i never use cash best app ever,2,1.0,payment_issues,POSITIVE,0.9996607303619385,0.9996607303619385
I always rely on this app. I never carry cash.,5.0,Dikshya Dutta,2025-11-01T07:55:26-07:00,25.1017.00,app_store_reviews_complete.csv,en,0.0,True,llm,107,i always rely on this app i never carry cash,2,1.0,payment_issues,NEGATIVE,0.9940847754478455,-0.9940847754478455
i habituate this app constantly. i ne'er function cash.,5.0,Dikshya Dutta,2025-11-01T07:55:26-07:00,25.1017.00,app_store_reviews_complete.csv,en,0.0,True,synonym,107,i habituate this app constantly i neer function cash,2,1.0,payment_issues,NEGATIVE,0.9917032122612,-0.9917032122612
excellent,5.0,Skhuseini,2025-10-28T02:26:24-07:00,25.1003.06,app_store_reviews_complete.csv,ca,1.0,True,synonym,138,excellent,0,1.0,other_issues,POSITIVE,0.9998434782028198,0.9998434782028198
•,5.0,Skhuseini,2025-10-28T02:26:24-07:00,25.1003.06,app_store_reviews_complete.csv,ca,1.0,True,contextual,138,,0,0.8048965873396217,other_issues,POSITIVE,0.9939897060394287,0.9939897060394287
Love this app! excellent Five stars!,5.0,Skhuseini,2025-10-28T02:26:24-07:00,25.1003.06,app_store_reviews_complete.csv,ca,1.0,True,template,138,love this app excellent five stars,1,1.0,other_issues,POSITIVE,0.9998739957809448,0.9998739957809448
excellent,5.0,Skhuseini,2025-10-28T02:26:24-07:00,25.1003.06,app_store_reviews_complete.csv,ca,1.0,True,llm,138,excellent,0,1.0,other_issues,POSITIVE,0.9998434782028198,0.9998434782028198
excellent,5.0,Skhuseini,2025-10-28T02:26:24-07:00,25.1003.06,app_store_reviews_complete.csv,ca,1.0,True,synonym,138,excellent,0,0.15982901463724747,other_issues,POSITIVE,0.9998434782028198,0.9998434782028198
service is god,5.0,Sweetyog,2025-10-28T01:56:27-07:00,25.1003.06,app_store_reviews_complete.csv,en,0.0,True,synonym,139,service is god,0,0.5054646666267749,other_issues,POSITIVE,0.9986894726753235,0.9986894726753235
service is interrupted,5.0,Sweetyog,2025-10-28T01:56:27-07:00,25.1003.06,app_store_reviews_complete.csv,en,0.0,True,contextual,139,service is interrupted,0,0.3876460922269154,other_issues,NEGATIVE,0.9993877410888672,-0.9993877410888672
Highly recommend. service is god Keep it up!,5.0,Sweetyog,2025-10-28T01:56:27-07:00,25.1003.06,app_store_reviews_complete.csv,en,0.0,True,template,139,highly recommend service is god keep it up,0,0.7813379748279357,other_issues,POSITIVE,0.9996902942657471,0.9996902942657471
The service here is awesome,5.0,Sweetyog,2025-10-28T01:56:27-07:00,25.1003.06,app_store_reviews_complete.csv,en,0.0,True,llm,139,the service here is awesome,0,0.7791440688060429,other_issues,POSITIVE,0.9998736381530762,0.9998736381530762
religious service is god,5.0,Sweetyog,2025-10-28T01:56:27-07:00,25.1003.06,app_store_reviews_complete.csv,en,0.0,True,synonym,139,religious service is god,0,0.47454140439517034,other_issues,POSITIVE,0.9980105757713318,0.9980105757713318
from india to world we are laps and boundary ahead,5.0,Dhirukhan,2025-10-27T21:31:06-07:00,25.1003.06,app_store_reviews_complete.csv,en,0.0,True,synonym,140,from india to world we are laps and boundary ahead,4,1.0,other_issues,POSITIVE,0.9956797361373901,0.9956797361373901
through india to trinidad we ran laps and bound ahead,5.0,Dhirukhan,2025-10-27T21:31:06-07:00,25.1003.06,app_store_reviews_complete.csv,en,0.0,True,contextual,140,through india to trinidad we ran laps and bound ahead,4,1.0,other_issues,POSITIVE,0.9986679553985596,0.9986679553985596
Highly recommend. from india to world we are laps and bound ahead Worth trying.,5.0,Dhirukhan,2025-10-27T21:31:06-07:00,25.1003.06,app_store_reviews_complete.csv,en,0.0,True,template,140,highly recommend from india to world we are laps and bound ahead worth trying,4,1.0,other_issues,POSITIVE,0.9998440742492676,0.9998440742492676
"""We are making huge strides globally, starting from India.""",5.0,Dhirukhan,2025-10-27T21:31:06-07:00,25.1003.06,app_store_reviews_complete.csv,en,0.0,True,llm,140,we are making huge strides globally starting from india,4,1.0,other_issues,POSITIVE,0.9998175501823425,0.9998175501823425
from india to world we be laps and boundary ahead,5.0,Dhirukhan,2025-10-27T21:31:06-07:00,25.1003.06,app_store_reviews_complete.csv,en,0.0,True,synonym,140,from india to world we be laps and boundary ahead,4,1.0,other_issues,POSITIVE,0.996005117893219,0.996005117893219
5star charles frederick worth,5.0,Mohan rupa,2025-10-27T20:33:47-07:00,25.1003.06,app_store_reviews_complete.csv,en,0.3,True,synonym,143,star charles frederick worth,3,1.0,other_issues,POSITIVE,0.9964858293533325,0.9964858293533325
5star ii,5.0,Mohan rupa,2025-10-27T20:33:47-07:00,25.1003.06,app_store_reviews_complete.csv,en,0.3,True,contextual,143,star ii,3,1.0,other_issues,POSITIVE,0.9601773023605347,0.9601773023605347
Great experience. 5star worth Best app ever.,5.0,Mohan rupa,2025-10-27T20:33:47-07:00,25.1003.06,app_store_reviews_complete.csv,en,0.3,True,template,143,great experience star worth best app ever,1,1.0,other_issues,POSITIVE,0.9997575879096985,0.9997575879096985
"""Definitely worth 5 stars!""",5.0,Mohan rupa,2025-10-27T20:33:47-07:00,25.1003.06,app_store_reviews_complete.csv,en,0.3,True,llm,143,definitely worth stars,3,1.0,other_issues,POSITIVE,0.9998797178268433,0.9998797178268433
5star charles frederick worth,5.0,Mohan rupa,2025-10-27T20:33:47-07:00,25.1003.06,app_store_reviews_complete.csv,en,0.3,True,synonym,143,star charles frederick worth,3,1.0,other_issues,POSITIVE,0.9964858293533325,0.9964858293533325
speech sound pe non giving any cashbacks,1.0,Shekar12@0609,2025-10-27T10:56:35-07:00,25.1003.06,app_store_reviews_complete.csv,en,0.0,True,synonym,144,speech sound pe non giving any cashbacks,2,0.7181323651018082,payment_issues,NEGATIVE,0.9598442912101746,-0.9598442912101746
phone pe wire yielding any answer,1.0,Shekar12@0609,2025-10-27T10:56:35-07:00,25.1003.06,app_store_reviews_complete.csv,en,0.0,True,contextual,144,phone pe wire yielding any answer,1,1.0,other_issues,NEGATIVE,0.9973717927932739,-0.9973717927932739
Disappointed. phone pe not giving any cashbacks Very frustrated.,1.0,Shekar12@0609,2025-10-27T10:56:35-07:00,25.1003.06,app_store_reviews_complete.csv,en,0.0,True,template,144,disappointed phone pe not giving any cashbacks very frustrated,2,1.0,payment_issues,NEGATIVE,0.9992185831069946,-0.9992185831069946
"""phone pe isn't offering any cashback deals""",1.0,Shekar12@0609,2025-10-27T10:56:35-07:00,25.1003.06,app_store_reviews_complete.csv,en,0.0,True,llm,144,phone pe isnt offering any cashback deals,2,0.8021271203817001,payment_issues,NEGATIVE,0.9988700747489929,-0.9988700747489929
earphone pe not giving any cashbacks,1.0,Shekar12@0609,2025-10-27T10:56:35-07:00,25.1003.06,app_store_reviews_complete.csv,en,0.0,True,synonym,144,earphone pe not giving any cashbacks,2,0.9259158706445005,payment_issues,NEGATIVE,0.9824098348617554,-0.9824098348617554
"good app for transaction, i using since 2018.",5.0,Bhusshann,2025-09-25T23:15:31-07:00,25.0905.05,app_store_reviews_complete.csv,en,0.7,True,synonym,388,good app for transaction i using since,2,1.0,payment_issues,POSITIVE,0.9993366599082947,0.9993366599082947
"good info for transaction, started using since 2011.",5.0,Bhusshann,2025-09-25T23:15:31-07:00,25.0905.05,app_store_reviews_complete.csv,en,0.7,True,contextual,388,good info for transaction started using since,2,1.0,payment_issues,POSITIVE,0.9061335325241089,0.9061335325241089
"Highly recommend. good app for transaction, i using since 2018 . Worth trying.",5.0,Bhusshann,2025-09-25T23:15:31-07:00,25.0905.05,app_store_reviews_complete.csv,en,0.7,True,template,388,highly recommend good app for transaction i using since worth trying,2,1.0,payment_issues,POSITIVE,0.9997636675834656,0.9997636675834656
"""Great app for making transactions, been using it since 2018.""",5.0,Bhusshann,2025-09-25T23:15:31-07:00,25.0905.05,app_store_reviews_complete.csv,en,0.7,True,llm,388,great app for making transactions been using it since,2,1.0,payment_issues,POSITIVE,0.9997169375419617,0.9997169375419617
"good app for transaction, i utilise since 2018.",5.0,Bhusshann,2025-09-25T23:15:31-07:00,25.0905.05,app_store_reviews_complete.csv,en,0.7,True,synonym,388,good app for transaction i utilise since,2,1.0,payment_issues,POSITIVE,0.9993125200271606,0.9993125200271606
practiced,5.0,Sunil sethy,2025-09-25T23:08:31-07:00,25.0905.05,app_store_reviews_complete.csv,so,0.7,True,synonym,389,practiced,-1,0.31471524356514907,uncategorized,POSITIVE,0.9995269775390625,0.9995269775390625
52,5.0,Sunil sethy,2025-09-25T23:08:31-07:00,25.0905.05,app_store_reviews_complete.csv,so,0.7,True,contextual,389,,0,0.3656371585267469,other_issues,POSITIVE,0.8693413138389587,0.8693413138389587
Highly recommend. good Keep it up!,5.0,Sunil sethy,2025-09-25T23:08:31-07:00,25.0905.05,app_store_reviews_complete.csv,so,0.7,True,template,389,highly recommend good keep it up,0,1.0,other_issues,POSITIVE,0.999873161315918,0.999873161315918
It's pretty decent.,5.0,Sunil sethy,2025-09-25T23:08:31-07:00,25.0905.05,app_store_reviews_complete.csv,so,0.7,True,llm,389,its pretty decent,-1,0.41569842016613784,uncategorized,POSITIVE,0.9998611211776733,0.9998611211776733
sound,5.0,Sunil sethy,2025-09-25T23:08:31-07:00,25.0905.05,app_store_reviews_complete.csv,so,0.7,True,synonym,389,sound,-1,0.08305708120815793,uncategorized,POSITIVE,0.9995505213737488,0.9995505213737488
rent payment remove,1.0,sabir 007,2025-09-25T09:45:41-07:00,25.0905.05,app_store_reviews_complete.csv,fr,0.0,True,synonym,392,rent payment remove,2,1.0,payment_issues,NEGATIVE,0.9983258843421936,-0.9983258843421936
rent prices remove,1.0,sabir 007,2025-09-25T09:45:41-07:00,25.0905.05,app_store_reviews_complete.csv,fr,0.0,True,contextual,392,rent prices remove,2,1.0,payment_issues,NEGATIVE,0.9960667490959167,-0.9960667490959167
Waste of time. rent payment remove Very frustrated.,1.0,sabir 007,2025-09-25T09:45:41-07:00,25.0905.05,app_store_reviews_complete.csv,fr,0.0,True,template,392,waste of time rent payment remove very frustrated,2,1.0,payment_issues,NEGATIVE,0.999661922454834,-0.999661922454834
Can you please delete the rent payment?,1.0,sabir 007,2025-09-25T09:45:41-07:00,25.0905.05,app_store_reviews_complete.csv,fr,0.0,True,llm,392,can you please delete the rent payment,2,1.0,payment_issues,NEGATIVE,0.9994634985923767,-0.9994634985923767
rent requital remove,1.0,sabir 007,2025-09-25T09:45:41-07:00,25.0905.05,app_store_reviews_complete.csv,fr,0.0,True,synonym,392,rent requital remove,2,1.0,payment_issues,NEGATIVE,0.9900859594345093,-0.9900859594345093
i constantly use this app,5.0,Shergill8822,2025-09-25T09:35:15-07:00,25.0905.05,app_store_reviews_complete.csv,en,0.0,True,synonym,393,i constantly use this app,1,0.4461148253171219,other_issues,POSITIVE,0.9929904937744141,0.9929904937744141
i always needed gnome app,5.0,Shergill8822,2025-09-25T09:35:15-07:00,25.0905.05,app_store_reviews_complete.csv,en,0.0,True,contextual,393,i always needed gnome app,1,0.4576227530054707,other_issues,NEGATIVE,0.746324896812439,-0.746324896812439
Amazing! i always use this app Keep it up!,5.0,Shergill8822,2025-09-25T09:35:15-07:00,25.0905.05,app_store_reviews_complete.csv,en,0.0,True,template,393,amazing i always use this app keep it up,1,1.0,other_issues,POSITIVE,0.9998557567596436,0.9998557567596436
I use this app all the time.,5.0,Shergill8822,2025-09-25T09:35:15-07:00,25.0905.05,app_store_reviews_complete.csv,en,0.0,True,llm,393,i use this app all the time,1,0.4327945719879372,other_issues,NEGATIVE,0.9334705471992493,-0.9334705471992493
i constantly utilize this app,5.0,Shergill8822,2025-09-25T09:35:15-07:00,25.0905.05,app_store_reviews_complete.csv,en,0.0,True,synonym,393,i constantly utilize this app,1,0.4612297112788536,other_issues,POSITIVE,0.9960296154022217,0.9960296154022217
very dependable,5.0,Richungactg,2025-09-25T08:43:55-07:00,25.0905.05,app_store_reviews_complete.csv,af,0.91,True,synonym,394,very dependable,-1,0.398227799057067,uncategorized,POSITIVE,0.9992024302482605,0.9992024302482605
very beautiful,5.0,Richungactg,2025-09-25T08:43:55-07:00,25.0905.05,app_store_reviews_complete.csv,af,0.91,True,contextual,394,very beautiful,0,1.0,other_issues,POSITIVE,0.9998842477798462,0.9998842477798462
Amazing! awesome Five stars!,5.0,Richungactg,2025-09-25T08:43:55-07:00,25.0905.05,app_store_reviews_complete.csv,af,0.91,True,template,394,amazing awesome five stars,3,1.0,other_issues,POSITIVE,0.9998832941055298,0.9998832941055298
really great,5.0,Richungactg,2025-09-25T08:43:55-07:00,25.0905.05,app_store_reviews_complete.csv,af,0.91,True,llm,394,really great,0,1.0,other_issues,POSITIVE,0.9998630285263062,0.9998630285263062
real good,5.0,Richungactg,2025-09-25T08:43:55-07:00,25.0905.05,app_store_reviews_complete.csv,af,0.91,True,synonym,394,real good,0,0.4886256197386732,other_issues,POSITIVE,0.9998493194580078,0.9998493194580078
5 rupes extra on a dealings,1.0,Deepaklmd,2025-09-25T07:20:52-07:00,25.0905.05,app_store_reviews_complete.csv,fr,0.0,True,synonym,396,rupes extra on a dealings,2,0.5438455109078317,payment_issues,NEGATIVE,0.9533783197402954,-0.9533783197402954
10 million extra makes a transaction,1.0,Deepaklmd,2025-09-25T07:20:52-07:00,25.0905.05,app_store_reviews_complete.csv,fr,0.0,True,contextual,396,million extra makes a transaction,2,0.6502287745251669,payment_issues,POSITIVE,0.9703210592269897,0.9703210592269897
Waste of time. 5 rupes extra on a transaction Fix this ASAP!,1.0,Deepaklmd,2025-09-25T07:20:52-07:00,25.0905.05,app_store_reviews_complete.csv,fr,0.0,True,template,396,waste of time rupes extra on a transaction fix this asap,2,0.5075890003053068,payment_issues,NEGATIVE,0.9998036026954651,-0.9998036026954651
An additional 5 rupees charged for a transaction.,1.0,Deepaklmd,2025-09-25T07:20:52-07:00,25.0905.05,app_store_reviews_complete.csv,fr,0.0,True,llm,396,an additional rupees charged for a transaction,2,0.5404701102260498,payment_issues,NEGATIVE,0.9061999917030334,-0.9061999917030334
5 rupes extra on a dealings,1.0,Deepaklmd,2025-09-25T07:20:52-07:00,25.0905.05,app_store_reviews_complete.csv,fr,0.0,True,synonym,396,rupes extra on a dealings,2,0.5254404581931575,payment_issues,NEGATIVE,0.9533783197402954,-0.9533783197402954
non supporting,1.0,10220202,2025-09-25T04:59:48-07:00,25.0905.00,app_store_reviews_complete.csv,it,-0.125,True,synonym,397,non supporting,-1,0.12171266582544941,uncategorized,NEGATIVE,0.9994970560073853,-0.9994970560073853
strings supporting,1.0,10220202,2025-09-25T04:59:48-07:00,25.0905.00,app_store_reviews_complete.csv,it,-0.125,True,contextual,397,strings supporting,-1,0.12156704645546201,uncategorized,POSITIVE,0.9991787075996399,0.9991787075996399
Not recommended. not supporting Fix this ASAP!,1.0,10220202,2025-09-25T04:59:48-07:00,25.0905.00,app_store_reviews_complete.csv,it,-0.125,True,template,397,not recommended not supporting fix this asap,-1,0.1741869685401848,uncategorized,NEGATIVE,0.9997909665107727,-0.9997909665107727
"""doesn't provide support""",1.0,10220202,2025-09-25T04:59:48-07:00,25.0905.00,app_store_reviews_complete.csv,it,-0.125,True,llm,397,doesnt provide support,-1,0.2278200381729178,uncategorized,NEGATIVE,0.9997430443763733,-0.9997430443763733
non supporting,1.0,10220202,2025-09-25T04:59:48-07:00,25.0905.00,app_store_reviews_complete.csv,it,-0.125,True,synonym,397,non supporting,-1,0.12255880749587353,uncategorized,NEGATIVE,0.9994970560073853,-0.9994970560073853
upright service i truly like it thank you,5.0,Ready bby,2025-09-25T00:39:29-07:00,25.0905.00,app_store_reviews_complete.csv,en,0.4499999999999999,True,synonym,399,upright service i truly like it thank you,-1,0.37934761799204064,uncategorized,POSITIVE,0.9998655319213867,0.9998655319213867
answering service i done like it sees you,5.0,Ready bby,2025-09-25T00:39:29-07:00,25.0905.00,app_store_reviews_complete.csv,en,0.4499999999999999,True,contextual,399,answering service i done like it sees you,0,0.6140988884276606,other_issues,POSITIVE,0.9992678761482239,0.9992678761482239
Love this app! good service i really like it thank you Keep it up!,5.0,Ready bby,2025-09-25T00:39:29-07:00,25.0905.00,app_store_reviews_complete.csv,en,0.4499999999999999,True,template,399,love this app good service i really like it thank you keep it up,1,1.0,other_issues,POSITIVE,0.9998747110366821,0.9998747110366821
"I'm happy with the service, I really appreciate it, thanks!",5.0,Ready bby,2025-09-25T00:39:29-07:00,25.0905.00,app_store_reviews_complete.csv,en,0.4499999999999999,True,llm,399,im happy with the service i really appreciate it thanks,0,0.8942294916193524,other_issues,POSITIVE,0.9998488426208496,0.9998488426208496
proficient robert william service i really like it give thanks you,5.0,Ready bby,2025-09-25T00:39:29-07:00,25.0905.00,app_store_reviews_complete.csv,en,0.4499999999999999,True,synonym,399,proficient robert william service i really like it give thanks you,0,1.0,other_issues,POSITIVE,0.9998592138290405,0.9998592138290405
striking,5.0,Tinkykanju,2025-10-31T21:18:31-07:00,25.1017.00,app_store_reviews_complete.csv,af,0.5,True,synonym,113,striking,0,1.0,other_issues,POSITIVE,0.9998012185096741,0.9998012185096741
107,5.0,Tinkykanju,2025-10-31T21:18:31-07:00,25.1017.00,app_store_reviews_complete.csv,af,0.5,True,contextual,113,,0,0.6824819307026592,other_issues,POSITIVE,0.9796826243400574,0.9796826243400574
Great experience. outstanding Best app ever.,5.0,Tinkykanju,2025-10-31T21:18:31-07:00,25.1017.00,app_store_reviews_complete.csv,af,0.5,True,template,113,great experience outstanding best app ever,1,1.0,other_issues,POSITIVE,0.9998674392700195,0.9998674392700195
outstanding,5.0,Tinkykanju,2025-10-31T21:18:31-07:00,25.1017.00,app_store_reviews_complete.csv,af,0.5,True,llm,113,outstanding,0,1.0,other_issues,POSITIVE,0.9998557567596436,0.9998557567596436
striking,5.0,Tinkykanju,2025-10-31T21:18:31-07:00,25.1017.00,app_store_reviews_complete.csv,af,0.5,True,synonym,113,striking,0,1.0,other_issues,POSITIVE,0.9998012185096741,0.9998012185096741
hi squad app non opening bugs kindly fix information technology asap,1.0,Rajesh roulo,2025-10-31T19:41:53-07:00,25.1017.00,app_store_reviews_complete.csv,en,0.6,True,synonym,114,hi squad app non opening bugs kindly fix information technology asap,1,0.566862874601931,other_issues,NEGATIVE,0.9855216145515442,-0.9855216145515442
hi team solutions solution opening apps kindly fix or asap,1.0,Rajesh roulo,2025-10-31T19:41:53-07:00,25.1017.00,app_store_reviews_complete.csv,en,0.6,True,contextual,114,hi team solutions solution opening apps kindly fix or asap,1,1.0,other_issues,NEGATIVE,0.9899660348892212,-0.9899660348892212
Waste of time. hi team app not opening bugs kindly fix it asap Very frustrated.,1.0,Rajesh roulo,2025-10-31T19:41:53-07:00,25.1017.00,app_store_reviews_complete.csv,en,0.6,True,template,114,waste of time hi team app not opening bugs kindly fix it asap very frustrated,1,0.49187776404595585,other_issues,NEGATIVE,0.9997664093971252,-0.9997664093971252
"Hey team, the app is not opening due to bugs. Please fix it as soon as possible.",1.0,Rajesh roulo,2025-10-31T19:41:53-07:00,25.1017.00,app_store_reviews_complete.csv,en,0.6,True,llm,114,hey team the app is not opening due to bugs please fix it as soon as possible,1,0.7980880379533165,other_issues,NEGATIVE,0.9991995692253113,-0.9991995692253113
hawaii team app nt opening germ kindly doctor it asap,1.0,Rajesh roulo,2025-10-31T19:41:53-07:00,25.1017.00,app_store_reviews_complete.csv,en,0.6,True,synonym,114,hawaii team app nt opening germ kindly doctor it asap,1,0.4607655218422985,other_issues,NEGATIVE,0.9740153551101685,-0.9740153551101685
prominent,5.0,Naresh Sir,2025-10-27T05:07:53-07:00,25.1003.06,app_store_reviews_complete.csv,af,0.5,True,synonym,147,prominent,0,0.4605890452363171,other_issues,POSITIVE,0.9996315240859985,0.9996315240859985
†,5.0,Naresh Sir,2025-10-27T05:07:53-07:00,25.1003.06,app_store_reviews_complete.csv,af,0.5,True,contextual,147,,0,0.7746775234317632,other_issues,NEGATIVE,0.9296891093254089,-0.9296891093254089
Amazing! outstanding Best app ever.,5.0,Naresh Sir,2025-10-27T05:07:53-07:00,25.1003.06,app_store_reviews_complete.csv,af,0.5,True,template,147,amazing outstanding best app ever,1,0.86929441101922,other_issues,POSITIVE,0.9998728036880493,0.9998728036880493
outstanding,5.0,Naresh Sir,2025-10-27T05:07:53-07:00,25.1003.06,app_store_reviews_complete.csv,af,0.5,True,llm,147,outstanding,0,1.0,other_issues,POSITIVE,0.9998557567596436,0.9998557567596436
undischarged,5.0,Naresh Sir,2025-10-27T05:07:53-07:00,25.1003.06,app_store_reviews_complete.csv,af,0.5,True,synonym,147,undischarged,0,0.42292660148838584,other_issues,NEGATIVE,0.996189296245575,-0.996189296245575
excellent,5.0,Santhan29,2025-10-26T23:57:46-07:00,25.1003.06,app_store_reviews_complete.csv,ca,1.0,True,synonym,148,excellent,0,1.0,other_issues,POSITIVE,0.9998434782028198,0.9998434782028198
4,5.0,Santhan29,2025-10-26T23:57:46-07:00,25.1003.06,app_store_reviews_complete.csv,ca,1.0,True,contextual,148,,0,0.7896751583475704,other_issues,POSITIVE,0.9861552119255066,0.9861552119255066
Amazing! excellent Keep it up!,5.0,Santhan29,2025-10-26T23:57:46-07:00,25.1003.06,app_store_reviews_complete.csv,ca,1.0,True,template,148,amazing excellent keep it up,0,1.0,other_issues,POSITIVE,0.9998805522918701,0.9998805522918701
"""It was outstanding!""",5.0,Santhan29,2025-10-26T23:57:46-07:00,25.1003.06,app_store_reviews_complete.csv,ca,1.0,True,llm,148,it was outstanding,0,1.0,other_issues,POSITIVE,0.9998630285263062,0.9998630285263062
excellent,5.0,Santhan29,2025-10-26T23:57:46-07:00,25.1003.06,app_store_reviews_complete.csv,ca,1.0,True,synonym,148,excellent,0,0.5517708089442154,other_issues,POSITIVE,0.9998434782028198,0.9998434782028198
expert,5.0,Moharman arman,2025-10-26T21:24:53-07:00,25.1003.06,app_store_reviews_complete.csv,so,0.7,True,synonym,151,expert,0,1.0,other_issues,POSITIVE,0.9994390606880188,0.9994390606880188
see,5.0,Moharman arman,2025-10-26T21:24:53-07:00,25.1003.06,app_store_reviews_complete.csv,so,0.7,True,contextual,151,see,0,0.20776605132670412,other_issues,POSITIVE,0.998429000377655,0.998429000377655
Highly recommend. good Five stars!,5.0,Moharman arman,2025-10-26T21:24:53-07:00,25.1003.06,app_store_reviews_complete.csv,so,0.7,True,template,151,highly recommend good five stars,3,0.15875420463512296,other_issues,POSITIVE,0.9998753070831299,0.9998753070831299
It's great.,5.0,Moharman arman,2025-10-26T21:24:53-07:00,25.1003.06,app_store_reviews_complete.csv,so,0.7,True,llm,151,its great,0,1.0,other_issues,POSITIVE,0.9998658895492554,0.9998658895492554
proficient,5.0,Moharman arman,2025-10-26T21:24:53-07:00,25.1003.06,app_store_reviews_complete.csv,so,0.7,True,synonym,151,proficient,0,1.0,other_issues,POSITIVE,0.9997223019599915,0.9997223019599915
acha bhai atomic number 2,5.0,I’m lulling,2025-10-26T08:20:16-07:00,25.1003.06,app_store_reviews_complete.csv,cy,0.0,True,synonym,152,acha bhai atomic number,4,1.0,other_issues,POSITIVE,0.6800447106361389,0.6800447106361389
acha ram bahadur,5.0,I’m lulling,2025-10-26T08:20:16-07:00,25.1003.06,app_store_reviews_complete.csv,cy,0.0,True,contextual,152,acha ram bahadur,4,1.0,other_issues,POSITIVE,0.9905440807342529,0.9905440807342529
Amazing! acha bhai he Worth trying.,5.0,I’m lulling,2025-10-26T08:20:16-07:00,25.1003.06,app_store_reviews_complete.csv,cy,0.0,True,template,152,amazing acha bhai he worth trying,4,1.0,other_issues,POSITIVE,0.999875545501709,0.999875545501709
He's a good guy.,5.0,I’m lulling,2025-10-26T08:20:16-07:00,25.1003.06,app_store_reviews_complete.csv,cy,0.0,True,llm,152,hes a good guy,0,0.5042592345969561,other_issues,POSITIVE,0.9998624324798584,0.9998624324798584
acha bhai he,5.0,I’m lulling,2025-10-26T08:20:16-07:00,25.1003.06,app_store_reviews_complete.csv,cy,0.0,True,synonym,152,acha bhai he,4,1.0,other_issues,POSITIVE,0.9903229475021362,0.9903229475021362
aadii,5.0,Aadii Aadil,2025-10-25T23:59:20-07:00,25.1003.06,app_store_reviews_complete.csv,so,0.0,True,synonym,153,aadii,4,0.0838595648445983,other_issues,POSITIVE,0.9504565596580505,0.9504565596580505
2,5.0,Aadii Aadil,2025-10-25T23:59:20-07:00,25.1003.06,app_store_reviews_complete.csv,so,0.0,True,contextual,153,,0,1.0,other_issues,POSITIVE,0.9909850358963013,0.9909850358963013
Great experience. aadii Worth trying.,5.0,Aadii Aadil,2025-10-25T23:59:20-07:00,25.1003.06,app_store_reviews_complete.csv,so,0.0,True,template,153,great experience aadii worth trying,4,0.08955211933596749,other_issues,POSITIVE,0.9998214840888977,0.9998214840888977
aadii,5.0,Aadii Aadil,2025-10-25T23:59:20-07:00,25.1003.06,app_store_reviews_complete.csv,so,0.0,True,llm,153,aadii,4,0.08127660833270482,other_issues,POSITIVE,0.9504565596580505,0.9504565596580505
aadii,5.0,Aadii Aadil,2025-10-25T23:59:20-07:00,25.1003.06,app_store_reviews_complete.csv,so,0.0,True,synonym,153,aadii,4,0.08228339525235424,other_issues,POSITIVE,0.9504565596580505,0.9504565596580505
unmatchable star,1.0,Mr Jamna persad,2025-10-25T23:41:25-07:00,25.1003.06,app_store_reviews_complete.csv,it,0.0,True,synonym,154,unmatchable star,3,1.0,other_issues,NEGATIVE,0.5000036954879761,-0.5000036954879761
shining star,1.0,Mr Jamna persad,2025-10-25T23:41:25-07:00,25.1003.06,app_store_reviews_complete.csv,it,0.0,True,contextual,154,shining star,3,1.0,other_issues,POSITIVE,0.999845027923584,0.999845027923584
Not recommended. one star Very frustrated.,1.0,Mr Jamna persad,2025-10-25T23:41:25-07:00,25.1003.06,app_store_reviews_complete.csv,it,0.0,True,template,154,not recommended one star very frustrated,3,1.0,other_issues,NEGATIVE,0.9997846484184265,-0.9997846484184265
"""Just one star, really disappointed.""",1.0,Mr Jamna persad,2025-10-25T23:41:25-07:00,25.1003.06,app_store_reviews_complete.csv,it,0.0,True,llm,154,just one star really disappointed,3,0.3933744586769045,other_issues,NEGATIVE,0.9997829794883728,-0.9997829794883728
1 star,1.0,Mr Jamna persad,2025-10-25T23:41:25-07:00,25.1003.06,app_store_reviews_complete.csv,it,0.0,True,synonym,154,star,3,1.0,other_issues,POSITIVE,0.9723648428916931,0.9723648428916931
and my favorite app,5.0,Rt@156,2025-10-25T21:11:08-07:00,25.1003.06,app_store_reviews_complete.csv,en,0.0,True,synonym,155,and my favorite app,1,0.5654202665878335,other_issues,POSITIVE,0.9981127977371216,0.9981127977371216
• iphone favourite app,5.0,Rt@156,2025-10-25T21:11:08-07:00,25.1003.06,app_store_reviews_complete.csv,en,0.0,True,contextual,155,iphone favourite app,1,1.0,other_issues,POSITIVE,0.9980283379554749,0.9980283379554749
Highly recommend. and my favourite app Five stars!,5.0,Rt@156,2025-10-25T21:11:08-07:00,25.1003.06,app_store_reviews_complete.csv,en,0.0,True,template,155,highly recommend and my favourite app five stars,1,1.0,other_issues,POSITIVE,0.9998146891593933,0.9998146891593933
"""the app I like the most""",5.0,Rt@156,2025-10-25T21:11:08-07:00,25.1003.06,app_store_reviews_complete.csv,en,0.0,True,llm,155,the app i like the most,1,1.0,other_issues,POSITIVE,0.999663233757019,0.999663233757019
and my preferred app,5.0,Rt@156,2025-10-25T21:11:08-07:00,25.1003.06,app_store_reviews_complete.csv,en,0.0,True,synonym,155,and my preferred app,-1,0.45819982396589765,uncategorized,POSITIVE,0.983036458492279,0.983036458492279
all rounder great serving,5.0,Mr.Gpreet,2025-10-25T18:22:06-07:00,25.1003.06,app_store_reviews_complete.csv,en,0.8,True,synonym,156,all rounder great serving,0,0.6039778532970805,other_issues,POSITIVE,0.9998127818107605,0.9998127818107605
lucknow rounder express service,5.0,Mr.Gpreet,2025-10-25T18:22:06-07:00,25.1003.06,app_store_reviews_complete.csv,en,0.8,True,contextual,156,lucknow rounder express service,0,1.0,other_issues,POSITIVE,0.9758901000022888,0.9758901000022888
Amazing! all rounder great service Worth trying.,5.0,Mr.Gpreet,2025-10-25T18:22:06-07:00,25.1003.06,app_store_reviews_complete.csv,en,0.8,True,template,156,amazing all rounder great service worth trying,0,0.7602818547519975,other_issues,POSITIVE,0.9998716115951538,0.9998716115951538
"""Fantastic service all around""",5.0,Mr.Gpreet,2025-10-25T18:22:06-07:00,25.1003.06,app_store_reviews_complete.csv,en,0.8,True,llm,156,fantastic service all around,0,1.0,other_issues,POSITIVE,0.9998751878738403,0.9998751878738403
all rounder great service of process,5.0,Mr.Gpreet,2025-10-25T18:22:06-07:00,25.1003.06,app_store_reviews_complete.csv,en,0.8,True,synonym,156,all rounder great service of process,0,0.8131757697462789,other_issues,POSITIVE,0.998356282711029,0.998356282711029
quick and easy avail,5.0,Shaan C Lad,2025-10-25T03:19:55-07:00,25.1003.06,app_store_reviews_complete.csv,en,0.3833333333333333,True,synonym,157,quick and easy avail,0,0.4450877574085769,other_issues,POSITIVE,0.9975838661193848,0.9975838661193848
quick rider frequent service,5.0,Shaan C Lad,2025-10-25T03:19:55-07:00,25.1003.06,app_store_reviews_complete.csv,en,0.3833333333333333,True,contextual,157,quick rider frequent service,0,1.0,other_issues,POSITIVE,0.9964652061462402,0.9964652061462402
Love this app! quick and easy service Five stars!,5.0,Shaan C Lad,2025-10-25T03:19:55-07:00,25.1003.06,app_store_reviews_complete.csv,en,0.3833333333333333,True,template,157,love this app quick and easy service five stars,1,1.0,other_issues,POSITIVE,0.9998030066490173,0.9998030066490173
"""fast and simple service""",5.0,Shaan C Lad,2025-10-25T03:19:55-07:00,25.1003.06,app_store_reviews_complete.csv,en,0.3833333333333333,True,llm,157,fast and simple service,0,1.0,other_issues,POSITIVE,0.9987694621086121,0.9987694621086121
quick and well to do service,5.0,Shaan C Lad,2025-10-25T03:19:55-07:00,25.1003.06,app_store_reviews_complete.csv,en,0.3833333333333333,True,synonym,157,quick and well to do service,0,1.0,other_issues,POSITIVE,0.9997813105583191,0.9997813105583191
this app is so skillful,5.0,Tojinder Rathour,2025-10-24T20:54:02-07:00,25.1003.06,app_store_reviews_complete.csv,en,0.7,True,synonym,160,this app is so skillful,1,0.5745639163507905,other_issues,POSITIVE,0.9997641444206238,0.9997641444206238
blackberry app is so awesome,5.0,Tojinder Rathour,2025-10-24T20:54:02-07:00,25.1003.06,app_store_reviews_complete.csv,en,0.7,True,contextual,160,blackberry app is so awesome,1,1.0,other_issues,POSITIVE,0.9998276233673096,0.9998276233673096
Love this app! this app is so good Worth trying.,5.0,Tojinder Rathour,2025-10-24T20:54:02-07:00,25.1003.06,app_store_reviews_complete.csv,en,0.7,True,template,160,love this app this app is so good worth trying,-1,0.39176842905929277,uncategorized,POSITIVE,0.9998670816421509,0.9998670816421509
"""this application is really awesome""",5.0,Tojinder Rathour,2025-10-24T20:54:02-07:00,25.1003.06,app_store_reviews_complete.csv,en,0.7,True,llm,160,this application is really awesome,1,0.598989787403578,other_issues,POSITIVE,0.9998561143875122,0.9998561143875122
this app make up so good,5.0,Tojinder Rathour,2025-10-24T20:54:02-07:00,25.1003.06,app_store_reviews_complete.csv,en,0.7,True,synonym,160,this app make up so good,1,0.5561135770195464,other_issues,POSITIVE,0.9998736381530762,0.9998736381530762
fasting,5.0,A9966773640a,2025-10-29T06:31:31-07:00,25.1003.06,app_store_reviews_complete.csv,it,0.2,True,synonym,129,fasting,0,1.0,other_issues,POSITIVE,0.9735351800918579,0.9735351800918579
13,5.0,A9966773640a,2025-10-29T06:31:31-07:00,25.1003.06,app_store_reviews_complete.csv,it,0.2,True,contextual,129,,0,0.5586430223186586,other_issues,POSITIVE,0.9902319312095642,0.9902319312095642
Love this app! fast Worth trying.,5.0,A9966773640a,2025-10-29T06:31:31-07:00,25.1003.06,app_store_reviews_complete.csv,it,0.2,True,template,129,love this app fast worth trying,-1,0.4118635368974213,uncategorized,POSITIVE,0.9998522996902466,0.9998522996902466
Quick service,5.0,A9966773640a,2025-10-29T06:31:31-07:00,25.1003.06,app_store_reviews_complete.csv,it,0.2,True,llm,129,quick service,0,1.0,other_issues,POSITIVE,0.9939091205596924,0.9939091205596924
fasting,5.0,A9966773640a,2025-10-29T06:31:31-07:00,25.1003.06,app_store_reviews_complete.csv,it,0.2,True,synonym,129,fasting,0,1.0,other_issues,POSITIVE,0.9735351800918579,0.9735351800918579
app not working suddenly get out,1.0,Habjsjab,2025-10-29T02:28:44-07:00,25.1003.06,app_store_reviews_complete.csv,af,0.0,True,synonym,132,app not working suddenly get out,1,0.6980239498710651,other_issues,NEGATIVE,0.9970484375953674,-0.9970484375953674
app stores working suddenly burnt out,1.0,Habjsjab,2025-10-29T02:28:44-07:00,25.1003.06,app_store_reviews_complete.csv,af,0.0,True,contextual,132,app stores working suddenly burnt out,1,0.5528683852101983,other_issues,NEGATIVE,0.9997866749763489,-0.9997866749763489
Disappointed. app broken suddenly getting out Fix this ASAP!,1.0,Habjsjab,2025-10-29T02:28:44-07:00,25.1003.06,app_store_reviews_complete.csv,af,0.0,True,template,132,disappointed app broken suddenly getting out fix this asap,1,1.0,other_issues,NEGATIVE,0.9994731545448303,-0.9994731545448303
"""My app just stopped working all of a sudden and keeps crashing.""",1.0,Habjsjab,2025-10-29T02:28:44-07:00,25.1003.06,app_store_reviews_complete.csv,af,0.0,True,llm,132,my app just stopped working all of a sudden and keeps crashing,1,0.7654170996926807,other_issues,NEGATIVE,0.998519241809845,-0.998519241809845
app not turn suddenly getting out,1.0,Habjsjab,2025-10-29T02:28:44-07:00,25.1003.06,app_store_reviews_complete.csv,af,0.0,True,synonym,132,app not turn suddenly getting out,1,0.8338978258754152,other_issues,POSITIVE,0.9340649247169495,0.9340649247169495
feeling serious in all localization,5.0,Bharath Gangadhar Jois,2025-10-29T00:54:19-07:00,25.1003.06,app_store_reviews_complete.csv,en,0.7,True,synonym,133,feeling serious in all localization,-1,0.30661395381521245,uncategorized,POSITIVE,0.9996651411056519,0.9996651411056519
less comfortable in all locations,5.0,Bharath Gangadhar Jois,2025-10-29T00:54:19-07:00,25.1003.06,app_store_reviews_complete.csv,en,0.7,True,contextual,133,less comfortable in all locations,-1,0.29733320892454995,uncategorized,NEGATIVE,0.9997549653053284,-0.9997549653053284
Highly recommend. feeling good in all locations Five stars!,5.0,Bharath Gangadhar Jois,2025-10-29T00:54:19-07:00,25.1003.06,app_store_reviews_complete.csv,en,0.7,True,template,133,highly recommend feeling good in all locations five stars,-1,0.2876594737786588,uncategorized,POSITIVE,0.9998793601989746,0.9998793601989746
"""feeling great everywhere""",5.0,Bharath Gangadhar Jois,2025-10-29T00:54:19-07:00,25.1003.06,app_store_reviews_complete.csv,en,0.7,True,llm,133,feeling great everywhere,-1,0.3096453078946651,uncategorized,POSITIVE,0.9998866319656372,0.9998866319656372
feel good in all locations,5.0,Bharath Gangadhar Jois,2025-10-29T00:54:19-07:00,25.1003.06,app_store_reviews_complete.csv,en,0.7,True,synonym,133,feel good in all locations,-1,0.3041621775751118,uncategorized,POSITIVE,0.9998794794082642,0.9998794794082642
in force,5.0,Sandeep Punul,2025-10-29T00:05:34-07:00,25.1003.06,app_store_reviews_complete.csv,so,0.7,True,synonym,134,in force,-1,0.05161766689285684,uncategorized,POSITIVE,0.9995404481887817,0.9995404481887817
·,5.0,Sandeep Punul,2025-10-29T00:05:34-07:00,25.1003.06,app_store_reviews_complete.csv,so,0.7,True,contextual,134,,0,0.8343422602953496,other_issues,POSITIVE,0.9959540367126465,0.9959540367126465
Highly recommend. good Best app ever.,5.0,Sandeep Punul,2025-10-29T00:05:34-07:00,25.1003.06,app_store_reviews_complete.csv,so,0.7,True,template,134,highly recommend good best app ever,1,1.0,other_issues,POSITIVE,0.9998569488525391,0.9998569488525391
Really good.,5.0,Sandeep Punul,2025-10-29T00:05:34-07:00,25.1003.06,app_store_reviews_complete.csv,so,0.7,True,llm,134,really good,0,1.0,other_issues,POSITIVE,0.9998453855514526,0.9998453855514526
upright,5.0,Sandeep Punul,2025-10-29T00:05:34-07:00,25.1003.06,app_store_reviews_complete.csv,so,0.7,True,synonym,134,upright,-1,0.3788181490811606,uncategorized,POSITIVE,0.999636173248291,0.999636173248291
chip in pine tree state cash back,5.0,sunnYY SAAB,2025-10-24T10:24:08-07:00,25.1003.06,app_store_reviews_complete.csv,en,0.0,True,synonym,162,chip in pine tree state cash back,2,0.6776157051799164,payment_issues,NEGATIVE,0.9772896766662598,-0.9772896766662598
give a cash box,5.0,sunnYY SAAB,2025-10-24T10:24:08-07:00,25.1003.06,app_store_reviews_complete.csv,en,0.0,True,contextual,162,give a cash box,2,1.0,payment_issues,POSITIVE,0.5605404376983643,0.5605404376983643
Highly recommend. give me cash back Worth trying.,5.0,sunnYY SAAB,2025-10-24T10:24:08-07:00,25.1003.06,app_store_reviews_complete.csv,en,0.0,True,template,162,highly recommend give me cash back worth trying,0,0.18144698939374113,other_issues,POSITIVE,0.99968421459198,0.99968421459198
"""Can I get some money back, please?""",5.0,sunnYY SAAB,2025-10-24T10:24:08-07:00,25.1003.06,app_store_reviews_complete.csv,en,0.0,True,llm,162,can i get some money back please,2,0.4589303313481392,payment_issues,NEGATIVE,0.9993889331817627,-0.9993889331817627
give me immediate payment rearward,5.0,sunnYY SAAB,2025-10-24T10:24:08-07:00,25.1003.06,app_store_reviews_complete.csv,en,0.0,True,synonym,162,give me immediate payment rearward,-1,0.2438100197827471,uncategorized,NEGATIVE,0.905388355255127,-0.905388355255127
beneficial,5.0,زبير جمال,2025-10-24T08:56:27-07:00,25.1003.06,app_store_reviews_complete.csv,so,0.7,True,synonym,163,beneficial,-1,0.3679169288358546,uncategorized,POSITIVE,0.9998611211776733,0.9998611211776733
103,5.0,زبير جمال,2025-10-24T08:56:27-07:00,25.1003.06,app_store_reviews_complete.csv,so,0.7,True,contextual,163,,0,0.5469812559096586,other_issues,POSITIVE,0.9946653842926025,0.9946653842926025
Love this app! good Worth trying.,5.0,زبير جمال,2025-10-24T08:56:27-07:00,25.1003.06,app_store_reviews_complete.csv,so,0.7,True,template,163,love this app good worth trying,-1,0.39019124175263503,uncategorized,POSITIVE,0.99986732006073,0.99986732006073
good,5.0,زبير جمال,2025-10-24T08:56:27-07:00,25.1003.06,app_store_reviews_complete.csv,so,0.7,True,llm,163,good,0,0.2952196825499813,other_issues,POSITIVE,0.9998161196708679,0.9998161196708679
expert,5.0,زبير جمال,2025-10-24T08:56:27-07:00,25.1003.06,app_store_reviews_complete.csv,so,0.7,True,synonym,163,expert,0,1.0,other_issues,POSITIVE,0.9994390606880188,0.9994390606880188
error occurred while undecided application,1.0,I lv me,2025-10-24T05:07:13-07:00,25.1003.06,app_store_reviews_complete.csv,en,0.0,True,synonym,165,error occurred while undecided application,1,1.0,other_issues,NEGATIVE,0.9988939166069031,-0.9988939166069031
fraud occurred while creating application,1.0,I lv me,2025-10-24T05:07:13-07:00,25.1003.06,app_store_reviews_complete.csv,en,0.0,True,contextual,165,fraud occurred while creating application,-1,0.16480134071176172,uncategorized,NEGATIVE,0.9989655017852783,-0.9989655017852783
Not recommended. error occurred while open application Very frustrated.,1.0,I lv me,2025-10-24T05:07:13-07:00,25.1003.06,app_store_reviews_complete.csv,en,0.0,True,template,165,not recommended error occurred while open application very frustrated,1,0.8300877565508359,other_issues,NEGATIVE,0.999721348285675,-0.999721348285675
"""I encountered an issue when trying to open the app.""",1.0,I lv me,2025-10-24T05:07:13-07:00,25.1003.06,app_store_reviews_complete.csv,en,0.0,True,llm,165,i encountered an issue when trying to open the app,1,1.0,other_issues,NEGATIVE,0.9982182383537292,-0.9982182383537292
erroneous belief occurred while capable application,1.0,I lv me,2025-10-24T05:07:13-07:00,25.1003.06,app_store_reviews_complete.csv,en,0.0,True,synonym,165,erroneous belief occurred while capable application,1,0.7556259281218625,other_issues,NEGATIVE,0.9920069575309753,-0.9920069575309753
automatically closing app,1.0,Sumitmndl,2025-10-24T04:14:18-07:00,25.1003.06,app_store_reviews_complete.csv,en,0.0,True,synonym,166,automatically closing app,-1,0.17644802323078868,uncategorized,NEGATIVE,0.952968180179596,-0.952968180179596
automatically closing steps,1.0,Sumitmndl,2025-10-24T04:14:18-07:00,25.1003.06,app_store_reviews_complete.csv,en,0.0,True,contextual,166,automatically closing steps,-1,0.17353907836252155,uncategorized,POSITIVE,0.9834731221199036,0.9834731221199036
Terrible experience. automatically closing app Fix this ASAP!,1.0,Sumitmndl,2025-10-24T04:14:18-07:00,25.1003.06,app_store_reviews_complete.csv,en,0.0,True,template,166,terrible experience automatically closing app fix this asap,1,0.18084771865838056,other_issues,NEGATIVE,0.999448835849762,-0.999448835849762
"""app keeps shutting down on its own""",1.0,Sumitmndl,2025-10-24T04:14:18-07:00,25.1003.06,app_store_reviews_complete.csv,en,0.0,True,llm,166,app keeps shutting down on its own,1,0.6483127841138453,other_issues,NEGATIVE,0.999075174331665,-0.999075174331665
automatically closing app,1.0,Sumitmndl,2025-10-24T04:14:18-07:00,25.1003.06,app_store_reviews_complete.csv,en,0.0,True,synonym,166,automatically closing app,-1,0.17624238222431338,uncategorized,NEGATIVE,0.952968180179596,-0.952968180179596
excellent service,5.0,Junnuritik,2025-10-24T00:15:27-07:00,25.1003.06,app_store_reviews_complete.csv,fr,1.0,True,synonym,168,excellent service,0,1.0,other_issues,POSITIVE,0.9998576641082764,0.9998576641082764
excellent machinery,5.0,Junnuritik,2025-10-24T00:15:27-07:00,25.1003.06,app_store_reviews_complete.csv,fr,1.0,True,contextual,168,excellent machinery,0,0.6994013584707345,other_issues,POSITIVE,0.9998341798782349,0.9998341798782349
Love this app! excellent services Best app ever.,5.0,Junnuritik,2025-10-24T00:15:27-07:00,25.1003.06,app_store_reviews_complete.csv,fr,1.0,True,template,168,love this app excellent services best app ever,-1,0.4191610182853367,uncategorized,POSITIVE,0.9998338222503662,0.9998338222503662
"""great service""",5.0,Junnuritik,2025-10-24T00:15:27-07:00,25.1003.06,app_store_reviews_complete.csv,fr,1.0,True,llm,168,great service,0,0.8593474858277746,other_issues,POSITIVE,0.9998624324798584,0.9998624324798584
excellent services,5.0,Junnuritik,2025-10-24T00:15:27-07:00,25.1003.06,app_store_reviews_complete.csv,fr,1.0,True,synonym,168,excellent services,0,0.7544376951919279,other_issues,POSITIVE,0.9998639822006226,0.9998639822006226
orchard apple tree lover,5.0,Gurzar is great,2025-10-23T09:53:44-07:00,25.1003.06,app_store_reviews_complete.csv,fr,0.0,True,synonym,170,orchard apple tree lover,1,0.8217780857203019,other_issues,POSITIVE,0.9962963461875916,0.9962963461875916
apple graphics,5.0,Gurzar is great,2025-10-23T09:53:44-07:00,25.1003.06,app_store_reviews_complete.csv,fr,0.0,True,contextual,170,apple graphics,1,1.0,other_issues,POSITIVE,0.9440990686416626,0.9440990686416626
Great experience. apple lover Worth trying.,5.0,Gurzar is great,2025-10-23T09:53:44-07:00,25.1003.06,app_store_reviews_complete.csv,fr,0.0,True,template,170,great experience apple lover worth trying,-1,0.4456706153508712,uncategorized,POSITIVE,0.9997679591178894,0.9997679591178894
"""I'm a big fan of apples""",5.0,Gurzar is great,2025-10-23T09:53:44-07:00,25.1003.06,app_store_reviews_complete.csv,fr,0.0,True,llm,170,im a big fan of apples,1,0.8883347716024815,other_issues,POSITIVE,0.999233603477478,0.999233603477478
apple devotee,5.0,Gurzar is great,2025-10-23T09:53:44-07:00,25.1003.06,app_store_reviews_complete.csv,fr,0.0,True,synonym,170,apple devotee,1,1.0,other_issues,NEGATIVE,0.9892653226852417,-0.9892653226852417
perfect invention nice,5.0,Smile Suri,2025-10-23T07:42:50-07:00,25.1003.06,app_store_reviews_complete.csv,en,0.8,True,synonym,171,perfect invention nice,-1,0.21634328299798325,uncategorized,POSITIVE,0.9998643398284912,0.9998643398284912
perfect feeling nice,5.0,Smile Suri,2025-10-23T07:42:50-07:00,25.1003.06,app_store_reviews_complete.csv,en,0.8,True,contextual,171,perfect feeling nice,-1,0.34114833237120096,uncategorized,POSITIVE,0.999870777130127,0.999870777130127
Love this app! perfect invention nice Best app ever.,5.0,Smile Suri,2025-10-23T07:42:50-07:00,25.1003.06,app_store_reviews_complete.csv,en,0.8,True,template,171,love this app perfect invention nice best app ever,1,0.5281576011599375,other_issues,POSITIVE,0.9998538494110107,0.9998538494110107
"""Amazing creation, so neat""",5.0,Smile Suri,2025-10-23T07:42:50-07:00,25.1003.06,app_store_reviews_complete.csv,en,0.8,True,llm,171,amazing creation so neat,-1,0.13064569816428862,uncategorized,POSITIVE,0.9998852014541626,0.9998852014541626
perfect excogitation nice,5.0,Smile Suri,2025-10-23T07:42:50-07:00,25.1003.06,app_store_reviews_complete.csv,en,0.8,True,synonym,171,perfect excogitation nice,-1,0.20779340060910775,uncategorized,POSITIVE,0.9998408555984497,0.9998408555984497
processing time is to a greater extent,1.0,Kesavkt,2025-10-23T04:53:42-07:00,25.1003.06,app_store_reviews_complete.csv,en,0.5,True,synonym,172,processing time is to a greater extent,0,0.4277878053632538,other_issues,POSITIVE,0.9357333183288574,0.9357333183288574
since time is constant,1.0,Kesavkt,2025-10-23T04:53:42-07:00,25.1003.06,app_store_reviews_complete.csv,en,0.5,True,contextual,172,since time is constant,-1,0.152755175770214,uncategorized,POSITIVE,0.9492328763008118,0.9492328763008118
Disappointed. processing time is more Needs improvement.,1.0,Kesavkt,2025-10-23T04:53:42-07:00,25.1003.06,app_store_reviews_complete.csv,en,0.5,True,template,172,disappointed processing time is more needs improvement,0,0.4287939220361302,other_issues,NEGATIVE,0.9996457099914551,-0.9996457099914551
"""the processing time takes longer""",1.0,Kesavkt,2025-10-23T04:53:42-07:00,25.1003.06,app_store_reviews_complete.csv,en,0.5,True,llm,172,the processing time takes longer,0,0.4285712980705837,other_issues,NEGATIVE,0.9982655644416809,-0.9982655644416809
processing time be to a greater extent,1.0,Kesavkt,2025-10-23T04:53:42-07:00,25.1003.06,app_store_reviews_complete.csv,en,0.5,True,synonym,172,processing time be to a greater extent,0,0.4279875280190089,other_issues,POSITIVE,0.8611346483230591,0.8611346483230591
bahut aacha h,5.0,Ibc aman Maurya,2025-10-27T20:41:50-07:00,25.1003.06,app_store_reviews_complete.csv,so,0.0,True,synonym,141,bahut aacha h,4,1.0,other_issues,NEGATIVE,0.7550452351570129,-0.7550452351570129
abdul shah h,5.0,Ibc aman Maurya,2025-10-27T20:41:50-07:00,25.1003.06,app_store_reviews_complete.csv,so,0.0,True,contextual,141,abdul shah h,4,0.3930839069664082,other_issues,POSITIVE,0.9633777737617493,0.9633777737617493
Great experience. bahut aacha h Keep it up!,5.0,Ibc aman Maurya,2025-10-27T20:41:50-07:00,25.1003.06,app_store_reviews_complete.csv,so,0.0,True,template,141,great experience bahut aacha h keep it up,4,0.5303386721393886,other_issues,POSITIVE,0.9997016787528992,0.9997016787528992
This is so good.,5.0,Ibc aman Maurya,2025-10-27T20:41:50-07:00,25.1003.06,app_store_reviews_complete.csv,so,0.0,True,llm,141,this is so good,0,0.12418827351495318,other_issues,POSITIVE,0.9998452663421631,0.9998452663421631
bahut aacha enthalpy,5.0,Ibc aman Maurya,2025-10-27T20:41:50-07:00,25.1003.06,app_store_reviews_complete.csv,so,0.0,True,synonym,141,bahut aacha enthalpy,4,0.7708412465165547,other_issues,NEGATIVE,0.8182130455970764,-0.8182130455970764
near job,5.0,giriraj vaishnav,2025-11-09T21:51:51-07:00,25.1017.05,app_store_reviews_complete.csv,so,0.7,True,synonym,28,near job,0,1.0,other_issues,POSITIVE,0.9761290550231934,0.9761290550231934
another job,5.0,giriraj vaishnav,2025-11-09T21:51:51-07:00,25.1017.05,app_store_reviews_complete.csv,so,0.7,True,contextual,28,another job,0,1.0,other_issues,NEGATIVE,0.8990988731384277,-0.8990988731384277
Great experience. good job Worth trying.,5.0,giriraj vaishnav,2025-11-09T21:51:51-07:00,25.1017.05,app_store_reviews_complete.csv,so,0.7,True,template,28,great experience good job worth trying,0,1.0,other_issues,POSITIVE,0.9998677968978882,0.9998677968978882
You did great,5.0,giriraj vaishnav,2025-11-09T21:51:51-07:00,25.1017.05,app_store_reviews_complete.csv,so,0.7,True,llm,28,you did great,0,1.0,other_issues,POSITIVE,0.9998594522476196,0.9998594522476196
good book of job,5.0,giriraj vaishnav,2025-11-09T21:51:51-07:00,25.1017.05,app_store_reviews_complete.csv,so,0.7,True,synonym,28,good book of job,0,1.0,other_issues,POSITIVE,0.9998388290405273,0.9998388290405273
fully evolve app,5.0,Sudha1967,2025-09-29T02:57:13-07:00,25.0905.05,app_store_reviews_complete.csv,en,0.1,True,synonym,373,fully evolve app,1,0.6473935815964795,other_issues,POSITIVE,0.999739944934845,0.999739944934845
custom developed app,5.0,Sudha1967,2025-09-29T02:57:13-07:00,25.0905.05,app_store_reviews_complete.csv,en,0.1,True,contextual,373,custom developed app,1,0.6398603620893895,other_issues,POSITIVE,0.9814639687538147,0.9814639687538147
Great experience. fully developed app Five stars!,5.0,Sudha1967,2025-09-29T02:57:13-07:00,25.0905.05,app_store_reviews_complete.csv,en,0.1,True,template,373,great experience fully developed app five stars,1,0.7489671945932431,other_issues,POSITIVE,0.9998613595962524,0.9998613595962524
"""complete app""",5.0,Sudha1967,2025-09-29T02:57:13-07:00,25.0905.05,app_store_reviews_complete.csv,en,0.1,True,llm,373,complete app,1,0.6108139264063652,other_issues,POSITIVE,0.9975482821464539,0.9975482821464539
fully developed app,5.0,Sudha1967,2025-09-29T02:57:13-07:00,25.0905.05,app_store_reviews_complete.csv,en,0.1,True,synonym,373,fully developed app,1,0.6145584843063223,other_issues,POSITIVE,0.9995692372322083,0.9995692372322083
awesome,5.0,rajesh cherry,2025-09-28T12:43:33-07:00,25.0905.05,app_store_reviews_complete.csv,af,1.0,True,synonym,374,awesome,-1,0.08299024055202027,uncategorized,POSITIVE,0.9998682737350464,0.9998682737350464
‡,5.0,rajesh cherry,2025-09-28T12:43:33-07:00,25.0905.05,app_store_reviews_complete.csv,af,1.0,True,contextual,374,,0,0.8254518474753937,other_issues,NEGATIVE,0.9824078679084778,-0.9824078679084778
Amazing! awesome Worth trying.,5.0,rajesh cherry,2025-09-28T12:43:33-07:00,25.0905.05,app_store_reviews_complete.csv,af,1.0,True,template,374,amazing awesome worth trying,0,1.0,other_issues,POSITIVE,0.9998842477798462,0.9998842477798462
"""fantastic""",5.0,rajesh cherry,2025-09-28T12:43:33-07:00,25.0905.05,app_store_reviews_complete.csv,af,1.0,True,llm,374,fantastic,-1,0.34807384868209296,uncategorized,POSITIVE,0.9998695850372314,0.9998695850372314
awesome,5.0,rajesh cherry,2025-09-28T12:43:33-07:00,25.0905.05,app_store_reviews_complete.csv,af,1.0,True,synonym,374,awesome,-1,0.08248380186225117,uncategorized,POSITIVE,0.9998682737350464,0.9998682737350464
rattling good sir,5.0,Bijay Kumar mallick,2025-11-09T22:28:28-07:00,25.1017.05,app_store_reviews_complete.csv,af,0.91,True,synonym,27,rattling good sir,-1,0.2172231285720447,uncategorized,POSITIVE,0.9998431205749512,0.9998431205749512
very rev sir,5.0,Bijay Kumar mallick,2025-11-09T22:28:28-07:00,25.1017.05,app_store_reviews_complete.csv,af,0.91,True,contextual,27,very rev sir,0,0.11514772777188435,other_issues,POSITIVE,0.9983383417129517,0.9983383417129517
Amazing! very good sir Best app ever.,5.0,Bijay Kumar mallick,2025-11-09T22:28:28-07:00,25.1017.05,app_store_reviews_complete.csv,af,0.91,True,template,27,amazing very good sir best app ever,1,1.0,other_issues,POSITIVE,0.9998742341995239,0.9998742341995239
"""Excellent service, thank you!""",5.0,Bijay Kumar mallick,2025-11-09T22:28:28-07:00,25.1017.05,app_store_reviews_complete.csv,af,0.91,True,llm,27,excellent service thank you,0,1.0,other_issues,POSITIVE,0.9998660087585449,0.9998660087585449
very salutary sir,5.0,Bijay Kumar mallick,2025-11-09T22:28:28-07:00,25.1017.05,app_store_reviews_complete.csv,af,0.91,True,synonym,27,very salutary sir,-1,0.28670776463886344,uncategorized,POSITIVE,0.9980704188346863,0.9980704188346863
exallent,5.0,Babu@@,2025-09-28T00:54:12-07:00,25.0905.05,app_store_reviews_complete.csv,ca,0.0,True,synonym,378,exallent,-1,0.27696521411314123,uncategorized,NEGATIVE,0.9765806198120117,-0.9765806198120117
111,5.0,Babu@@,2025-09-28T00:54:12-07:00,25.0905.05,app_store_reviews_complete.csv,ca,0.0,True,contextual,378,,0,0.5881708034404557,other_issues,POSITIVE,0.9831410646438599,0.9831410646438599
Amazing! exallent Best app ever.,5.0,Babu@@,2025-09-28T00:54:12-07:00,25.0905.05,app_store_reviews_complete.csv,ca,0.0,True,template,378,amazing exallent best app ever,1,1.0,other_issues,POSITIVE,0.9998224377632141,0.9998224377632141
"""Excellent""",5.0,Babu@@,2025-09-28T00:54:12-07:00,25.0905.05,app_store_reviews_complete.csv,ca,0.0,True,llm,378,excellent,0,1.0,other_issues,POSITIVE,0.9998512268066406,0.9998512268066406
exallent,5.0,Babu@@,2025-09-28T00:54:12-07:00,25.0905.05,app_store_reviews_complete.csv,ca,0.0,True,synonym,378,exallent,-1,0.2766799601601721,uncategorized,NEGATIVE,0.9765806198120117,-0.9765806198120117
in force worker,5.0,Nabu Thakur,2025-09-27T03:18:36-07:00,25.0905.05,app_store_reviews_complete.csv,af,0.7,True,synonym,381,in force worker,-1,0.05550560396550975,uncategorized,POSITIVE,0.9827367067337036,0.9827367067337036
good harvest,5.0,Nabu Thakur,2025-09-27T03:18:36-07:00,25.0905.05,app_store_reviews_complete.csv,af,0.7,True,contextual,381,good harvest,-1,0.08110339563429285,uncategorized,POSITIVE,0.999817430973053,0.999817430973053
Amazing! good worker Best app ever.,5.0,Nabu Thakur,2025-09-27T03:18:36-07:00,25.0905.05,app_store_reviews_complete.csv,af,0.7,True,template,381,amazing good worker best app ever,-1,0.6782702668780902,uncategorized,POSITIVE,0.9998453855514526,0.9998453855514526
"""Great employee""",5.0,Nabu Thakur,2025-09-27T03:18:36-07:00,25.0905.05,app_store_reviews_complete.csv,af,0.7,True,llm,381,great employee,0,0.506984913155443,other_issues,POSITIVE,0.9998675584793091,0.9998675584793091
good prole,5.0,Nabu Thakur,2025-09-27T03:18:36-07:00,25.0905.05,app_store_reviews_complete.csv,af,0.7,True,synonym,381,good prole,-1,0.3356281353953952,uncategorized,POSITIVE,0.9998499155044556,0.9998499155044556
excellent,5.0,Kanchan Sriram,2025-09-26T07:37:54-07:00,25.0905.05,app_store_reviews_complete.csv,ca,1.0,True,synonym,384,excellent,0,1.0,other_issues,POSITIVE,0.9998434782028198,0.9998434782028198
2,5.0,Kanchan Sriram,2025-09-26T07:37:54-07:00,25.0905.05,app_store_reviews_complete.csv,ca,1.0,True,contextual,384,,0,0.3563951202475487,other_issues,POSITIVE,0.9909850358963013,0.9909850358963013
Highly recommend. excellent Five stars!,5.0,Kanchan Sriram,2025-09-26T07:37:54-07:00,25.0905.05,app_store_reviews_complete.csv,ca,1.0,True,template,384,highly recommend excellent five stars,3,0.1684382317256225,other_issues,POSITIVE,0.9998806715011597,0.9998806715011597
excellent,5.0,Kanchan Sriram,2025-09-26T07:37:54-07:00,25.0905.05,app_store_reviews_complete.csv,ca,1.0,True,llm,384,excellent,0,1.0,other_issues,POSITIVE,0.9998434782028198,0.9998434782028198
excellent,5.0,Kanchan Sriram,2025-09-26T07:37:54-07:00,25.0905.05,app_store_reviews_complete.csv,ca,1.0,True,synonym,384,excellent,0,1.0,other_issues,POSITIVE,0.9998434782028198,0.9998434782028198
5stars,5.0,Vahid aslam shaikh,2025-10-20T15:21:25-07:00,25.1003.00,app_store_reviews_complete.csv,sv,0.0,True,synonym,186,stars,3,1.0,other_issues,POSITIVE,0.9920346140861511,0.9920346140861511
°,5.0,Vahid aslam shaikh,2025-10-20T15:21:25-07:00,25.1003.00,app_store_reviews_complete.csv,sv,0.0,True,contextual,186,,0,0.677911076740812,other_issues,POSITIVE,0.9843480587005615,0.9843480587005615
Love this app! 5stars Worth trying.,5.0,Vahid aslam shaikh,2025-10-20T15:21:25-07:00,25.1003.00,app_store_reviews_complete.csv,sv,0.0,True,template,186,love this app stars worth trying,-1,0.3469288101009292,uncategorized,POSITIVE,0.9998359680175781,0.9998359680175781
"""5 out of 5 stars, amazing service!""",5.0,Vahid aslam shaikh,2025-10-20T15:21:25-07:00,25.1003.00,app_store_reviews_complete.csv,sv,0.0,True,llm,186,out of stars amazing service,3,0.14464901169255237,other_issues,POSITIVE,0.9998506307601929,0.9998506307601929
5stars,5.0,Vahid aslam shaikh,2025-10-20T15:21:25-07:00,25.1003.00,app_store_reviews_complete.csv,sv,0.0,True,synonym,186,stars,3,1.0,other_issues,POSITIVE,0.9920346140861511,0.9920346140861511
ever recharge making very easy in phone pe,5.0,Aian’s apple,2025-10-20T08:40:05-07:00,25.1003.00,app_store_reviews_complete.csv,en,0.5633333333333334,True,synonym,187,ever recharge making very easy in phone pe,1,1.0,other_issues,NEGATIVE,0.9882053136825562,-0.9882053136825562
always considering making very sounds in phone word,5.0,Aian’s apple,2025-10-20T08:40:05-07:00,25.1003.00,app_store_reviews_complete.csv,en,0.5633333333333334,True,contextual,187,always considering making very sounds in phone word,1,1.0,other_issues,POSITIVE,0.7064694166183472,0.7064694166183472
Highly recommend. always recharge making very easy in phone pe Keep it up!,5.0,Aian’s apple,2025-10-20T08:40:05-07:00,25.1003.00,app_store_reviews_complete.csv,en,0.5633333333333334,True,template,187,highly recommend always recharge making very easy in phone pe keep it up,1,1.0,other_issues,POSITIVE,0.9993114471435547,0.9993114471435547
"""phone pe always makes it super easy to recharge every time""",5.0,Aian’s apple,2025-10-20T08:40:05-07:00,25.1003.00,app_store_reviews_complete.csv,en,0.5633333333333334,True,llm,187,phone pe always makes it super easy to recharge every time,1,1.0,other_issues,POSITIVE,0.6719773411750793,0.6719773411750793
always recharge making very easy in earphone pe,5.0,Aian’s apple,2025-10-20T08:40:05-07:00,25.1003.00,app_store_reviews_complete.csv,en,0.5633333333333334,True,synonym,187,always recharge making very easy in earphone pe,1,1.0,other_issues,POSITIVE,0.9770045280456543,0.9770045280456543
secure and easy defrayal. . very less failures,5.0,NayeemR22,2025-10-20T06:04:16-07:00,25.1003.00,app_store_reviews_complete.csv,en,0.2055555555555555,True,synonym,188,secure and easy defrayal very less failures,-1,0.20850002193937275,uncategorized,POSITIVE,0.9541967511177063,0.9541967511177063
secure satellite direct transfer.. very less failures,5.0,NayeemR22,2025-10-20T06:04:16-07:00,25.1003.00,app_store_reviews_complete.csv,en,0.2055555555555555,True,contextual,188,secure satellite direct transfer very less failures,2,1.0,payment_issues,POSITIVE,0.9292252659797668,0.9292252659797668
Amazing! secure and easy payments.. very less failures Worth trying.,5.0,NayeemR22,2025-10-20T06:04:16-07:00,25.1003.00,app_store_reviews_complete.csv,en,0.2055555555555555,True,template,188,amazing secure and easy payments very less failures worth trying,-1,0.4545705466533537,uncategorized,NEGATIVE,0.9759179353713989,-0.9759179353713989
"""Payments are secure and simple, hardly any issues.""",5.0,NayeemR22,2025-10-20T06:04:16-07:00,25.1003.00,app_store_reviews_complete.csv,en,0.2055555555555555,True,llm,188,payments are secure and simple hardly any issues,-1,0.47761168879496174,uncategorized,POSITIVE,0.9975144863128662,0.9975144863128662
secure and well fixed payments. . very less failures,5.0,NayeemR22,2025-10-20T06:04:16-07:00,25.1003.00,app_store_reviews_complete.csv,en,0.2055555555555555,True,synonym,188,secure and well fixed payments very less failures,-1,0.24359325578648616,uncategorized,POSITIVE,0.9905586242675781,0.9905586242675781
gracious,5.0,Sayan Mandal,2025-10-20T04:02:24-07:00,25.1003.00,app_store_reviews_complete.csv,pl,0.6,True,synonym,189,gracious,0,0.5914040095569345,other_issues,POSITIVE,0.9994045495986938,0.9994045495986938
§,5.0,Sayan Mandal,2025-10-20T04:02:24-07:00,25.1003.00,app_store_reviews_complete.csv,pl,0.6,True,contextual,189,,0,0.3457749916270765,other_issues,NEGATIVE,0.8862535357475281,-0.8862535357475281
Amazing! nice Keep it up!,5.0,Sayan Mandal,2025-10-20T04:02:24-07:00,25.1003.00,app_store_reviews_complete.csv,pl,0.6,True,template,189,amazing nice keep it up,0,1.0,other_issues,POSITIVE,0.9998806715011597,0.9998806715011597
nice,5.0,Sayan Mandal,2025-10-20T04:02:24-07:00,25.1003.00,app_store_reviews_complete.csv,pl,0.6,True,llm,189,nice,0,1.0,other_issues,POSITIVE,0.9998552799224854,0.9998552799224854
decent,5.0,Sayan Mandal,2025-10-20T04:02:24-07:00,25.1003.00,app_store_reviews_complete.csv,pl,0.6,True,synonym,189,decent,0,0.1055730068284841,other_issues,POSITIVE,0.9998401403427124,0.9998401403427124
what a good performance need more than cashback,5.0,Shammmas rafeeque,2025-10-19T23:53:33-07:00,25.1003.00,app_store_reviews_complete.csv,en,0.6,True,synonym,192,what a good performance need more than cashback,2,1.0,payment_issues,POSITIVE,0.9967074394226074,0.9967074394226074
what this lonely woman need more cashback,5.0,Shammmas rafeeque,2025-10-19T23:53:33-07:00,25.1003.00,app_store_reviews_complete.csv,en,0.6,True,contextual,192,what this lonely woman need more cashback,2,1.0,payment_issues,NEGATIVE,0.9902352094650269,-0.9902352094650269
Amazing! what a good performance need more cashback Worth trying.,5.0,Shammmas rafeeque,2025-10-19T23:53:33-07:00,25.1003.00,app_store_reviews_complete.csv,en,0.6,True,template,192,amazing what a good performance need more cashback worth trying,2,1.0,payment_issues,POSITIVE,0.9996535778045654,0.9996535778045654
That was a great show! I wish there were more cashback offers.,5.0,Shammmas rafeeque,2025-10-19T23:53:33-07:00,25.1003.00,app_store_reviews_complete.csv,en,0.6,True,llm,192,that was a great show i wish there were more cashback offers,2,1.0,payment_issues,POSITIVE,0.9869772791862488,0.9869772791862488
what a good carrying out need more than cashback,5.0,Shammmas rafeeque,2025-10-19T23:53:33-07:00,25.1003.00,app_store_reviews_complete.csv,en,0.6,True,synonym,192,what a good carrying out need more than cashback,2,1.0,payment_issues,NEGATIVE,0.7294918298721313,-0.7294918298721313
right app for upi,5.0,Usman choksi,2025-09-30T11:14:38-07:00,25.0905.05,app_store_reviews_complete.csv,no,1.0,True,synonym,353,right app for upi,1,1.0,other_issues,POSITIVE,0.9994661211967468,0.9994661211967468
itunes app for ipad,5.0,Usman choksi,2025-09-30T11:14:38-07:00,25.0905.05,app_store_reviews_complete.csv,no,1.0,True,contextual,353,itunes app for ipad,1,0.5203137107933743,other_issues,POSITIVE,0.6213005185127258,0.6213005185127258
Amazing! best app for upi Worth trying.,5.0,Usman choksi,2025-09-30T11:14:38-07:00,25.0905.05,app_store_reviews_complete.csv,no,1.0,True,template,353,amazing best app for upi worth trying,1,1.0,other_issues,POSITIVE,0.9998013377189636,0.9998013377189636
"""Great for making UPI payments!""",5.0,Usman choksi,2025-09-30T11:14:38-07:00,25.0905.05,app_store_reviews_complete.csv,no,1.0,True,llm,353,great for making upi payments,2,0.7788809391243199,payment_issues,POSITIVE,0.9998202919960022,0.9998202919960022
best app for upi,5.0,Usman choksi,2025-09-30T11:14:38-07:00,25.0905.05,app_store_reviews_complete.csv,no,1.0,True,synonym,353,best app for upi,1,1.0,other_issues,POSITIVE,0.9993640780448914,0.9993640780448914
good divine service,5.0,kiran j patel,2025-09-30T05:33:47-07:00,25.0905.05,app_store_reviews_complete.csv,hr,0.7,True,synonym,356,good divine service,0,0.4978758663566558,other_issues,POSITIVE,0.9998489618301392,0.9998489618301392
good day,5.0,kiran j patel,2025-09-30T05:33:47-07:00,25.0905.05,app_store_reviews_complete.csv,hr,0.7,True,contextual,356,good day,0,0.10927410883998041,other_issues,POSITIVE,0.9998632669448853,0.9998632669448853
Amazing! good service Keep it up!,5.0,kiran j patel,2025-09-30T05:33:47-07:00,25.0905.05,app_store_reviews_complete.csv,hr,0.7,True,template,356,amazing good service keep it up,0,1.0,other_issues,POSITIVE,0.9998800754547119,0.9998800754547119
"""great customer service""",5.0,kiran j patel,2025-09-30T05:33:47-07:00,25.0905.05,app_store_reviews_complete.csv,hr,0.7,True,llm,356,great customer service,0,0.3938207591883703,other_issues,POSITIVE,0.9998680353164673,0.9998680353164673
good military service,5.0,kiran j patel,2025-09-30T05:33:47-07:00,25.0905.05,app_store_reviews_complete.csv,hr,0.7,True,synonym,356,good military service,0,0.7143610699425467,other_issues,POSITIVE,0.9997630715370178,0.9997630715370178
good fast accurate light to place and receive money,5.0,Nothing less,2025-09-30T04:46:26-07:00,25.0905.05,app_store_reviews_complete.csv,en,0.4333333333333333,True,synonym,357,good fast accurate light to place and receive money,-1,0.45877721518396064,uncategorized,POSITIVE,0.9998012185096741,0.9998012185096741
good cash accurate easy to send customer transfer money,5.0,Nothing less,2025-09-30T04:46:26-07:00,25.0905.05,app_store_reviews_complete.csv,en,0.4333333333333333,True,contextual,357,good cash accurate easy to send customer transfer money,2,0.21938386806111096,payment_issues,POSITIVE,0.9985479712486267,0.9985479712486267
Love this app! good fast accurate easy to send and receive money Five stars!,5.0,Nothing less,2025-09-30T04:46:26-07:00,25.0905.05,app_store_reviews_complete.csv,en,0.4333333333333333,True,template,357,love this app good fast accurate easy to send and receive money five stars,1,1.0,other_issues,POSITIVE,0.9998003840446472,0.9998003840446472
"Fast, accurate, and easy to send and receive money quickly.",5.0,Nothing less,2025-09-30T04:46:26-07:00,25.0905.05,app_store_reviews_complete.csv,en,0.4333333333333333,True,llm,357,fast accurate and easy to send and receive money quickly,-1,0.45965704037774324,uncategorized,POSITIVE,0.999365508556366,0.999365508556366
good fasting accurate easy to send and get money,5.0,Nothing less,2025-09-30T04:46:26-07:00,25.0905.05,app_store_reviews_complete.csv,en,0.4333333333333333,True,synonym,357,good fasting accurate easy to send and get money,-1,0.19794005701283143,uncategorized,POSITIVE,0.9996258020401001,0.9996258020401001
full work,5.0,Zhatur pakshi,2025-09-30T03:33:58-07:00,25.0905.05,app_store_reviews_complete.csv,af,0.7,True,synonym,359,full work,0,0.42407887058234317,other_issues,POSITIVE,0.9997957348823547,0.9997957348823547
workshop work,5.0,Zhatur pakshi,2025-09-30T03:33:58-07:00,25.0905.05,app_store_reviews_complete.csv,af,0.7,True,contextual,359,workshop work,0,1.0,other_issues,POSITIVE,0.9731932878494263,0.9731932878494263
Great experience. good work Best app ever.,5.0,Zhatur pakshi,2025-09-30T03:33:58-07:00,25.0905.05,app_store_reviews_complete.csv,af,0.7,True,template,359,great experience good work best app ever,1,0.7474948205486139,other_issues,POSITIVE,0.999853253364563,0.999853253364563
"""great job""",5.0,Zhatur pakshi,2025-09-30T03:33:58-07:00,25.0905.05,app_store_reviews_complete.csv,af,0.7,True,llm,359,great job,-1,0.31818094588769424,uncategorized,POSITIVE,0.9998701810836792,0.9998701810836792
good study,5.0,Zhatur pakshi,2025-09-30T03:33:58-07:00,25.0905.05,app_store_reviews_complete.csv,af,0.7,True,synonym,359,good study,0,0.419989942445543,other_issues,POSITIVE,0.999845027923584,0.999845027923584
in force,5.0,Divyesh y,2025-09-30T02:12:13-07:00,25.0905.05,app_store_reviews_complete.csv,so,0.7,True,synonym,361,in force,-1,0.05253670973549149,uncategorized,POSITIVE,0.9995404481887817,0.9995404481887817
·,5.0,Divyesh y,2025-09-30T02:12:13-07:00,25.0905.05,app_store_reviews_complete.csv,so,0.7,True,contextual,361,,0,0.4569761124383213,other_issues,POSITIVE,0.9959540367126465,0.9959540367126465
Love this app! good Keep it up!,5.0,Divyesh y,2025-09-30T02:12:13-07:00,25.0905.05,app_store_reviews_complete.csv,so,0.7,True,template,361,love this app good keep it up,1,1.0,other_issues,POSITIVE,0.9998621940612793,0.9998621940612793
good,5.0,Divyesh y,2025-09-30T02:12:13-07:00,25.0905.05,app_store_reviews_complete.csv,so,0.7,True,llm,361,good,0,0.23874727838892734,other_issues,POSITIVE,0.9998161196708679,0.9998161196708679
proficient,5.0,Divyesh y,2025-09-30T02:12:13-07:00,25.0905.05,app_store_reviews_complete.csv,so,0.7,True,synonym,361,proficient,0,1.0,other_issues,POSITIVE,0.9997223019599915,0.9997223019599915
working rattling nice,5.0,Advocate tyagi ji,2025-09-30T00:40:48-07:00,25.0905.05,app_store_reviews_complete.csv,af,0.78,True,synonym,363,working rattling nice,-1,0.2187570400352039,uncategorized,POSITIVE,0.9997318387031555,0.9997318387031555
working very steadily,5.0,Advocate tyagi ji,2025-09-30T00:40:48-07:00,25.0905.05,app_store_reviews_complete.csv,af,0.78,True,contextual,363,working very steadily,0,1.0,other_issues,POSITIVE,0.99916672706604,0.99916672706604
Highly recommend. working very nice Best app ever.,5.0,Advocate tyagi ji,2025-09-30T00:40:48-07:00,25.0905.05,app_store_reviews_complete.csv,af,0.78,True,template,363,highly recommend working very nice best app ever,-1,0.7192536726823932,uncategorized,POSITIVE,0.9998561143875122,0.9998561143875122
"""It's working really well.""",5.0,Advocate tyagi ji,2025-09-30T00:40:48-07:00,25.0905.05,app_store_reviews_complete.csv,af,0.78,True,llm,363,its working really well,0,1.0,other_issues,POSITIVE,0.9998220801353455,0.9998220801353455
working very overnice,5.0,Advocate tyagi ji,2025-09-30T00:40:48-07:00,25.0905.05,app_store_reviews_complete.csv,af,0.78,True,synonym,363,working very overnice,-1,0.3031670722984436,uncategorized,NEGATIVE,0.999183714389801,-0.999183714389801
practiced,5.0,uma chintala,2025-09-29T20:43:38-07:00,25.0905.05,app_store_reviews_complete.csv,so,0.7,True,synonym,364,practiced,-1,0.3167429602937582,uncategorized,POSITIVE,0.9995269775390625,0.9995269775390625
·,5.0,uma chintala,2025-09-29T20:43:38-07:00,25.0905.05,app_store_reviews_complete.csv,so,0.7,True,contextual,364,,0,0.6786450452675644,other_issues,POSITIVE,0.9959540367126465,0.9959540367126465
Highly recommend. good Keep it up!,5.0,uma chintala,2025-09-29T20:43:38-07:00,25.0905.05,app_store_reviews_complete.csv,so,0.7,True,template,364,highly recommend good keep it up,0,1.0,other_issues,POSITIVE,0.999873161315918,0.999873161315918
"It was all good, really awesome.",5.0,uma chintala,2025-09-29T20:43:38-07:00,25.0905.05,app_store_reviews_complete.csv,so,0.7,True,llm,364,it was all good really awesome,0,0.9417118923425253,other_issues,POSITIVE,0.9998637437820435,0.9998637437820435
adept,5.0,uma chintala,2025-09-29T20:43:38-07:00,25.0905.05,app_store_reviews_complete.csv,so,0.7,True,synonym,364,adept,0,1.0,other_issues,POSITIVE,0.9998519420623779,0.9998519420623779
real,5.0,V3_store_,2025-09-29T18:34:25-07:00,25.0905.05,app_store_reviews_complete.csv,af,0.2,True,synonym,365,real,0,0.516044333724727,other_issues,POSITIVE,0.9998708963394165,0.9998708963394165
°,5.0,V3_store_,2025-09-29T18:34:25-07:00,25.0905.05,app_store_reviews_complete.csv,af,0.2,True,contextual,365,,0,0.954181980037182,other_issues,POSITIVE,0.9843480587005615,0.9843480587005615
Amazing! very Five stars!,5.0,V3_store_,2025-09-29T18:34:25-07:00,25.0905.05,app_store_reviews_complete.csv,af,0.2,True,template,365,amazing very five stars,3,1.0,other_issues,POSITIVE,0.9998888969421387,0.9998888969421387
very,5.0,V3_store_,2025-09-29T18:34:25-07:00,25.0905.05,app_store_reviews_complete.csv,af,0.2,True,llm,365,very,0,0.4167071982104891,other_issues,POSITIVE,0.9928560256958008,0.9928560256958008
real,5.0,V3_store_,2025-09-29T18:34:25-07:00,25.0905.05,app_store_reviews_complete.csv,af,0.2,True,synonym,365,real,0,0.5199968268166297,other_issues,POSITIVE,0.9998708963394165,0.9998708963394165
bewilder,5.0,Abhi0492,2025-09-29T18:32:20-07:00,25.0905.05,app_store_reviews_complete.csv,sw,0.6000000000000001,True,synonym,366,bewilder,4,0.5701518752118662,other_issues,NEGATIVE,0.9783937335014343,-0.9783937335014343
notes,5.0,Abhi0492,2025-09-29T18:32:20-07:00,25.0905.05,app_store_reviews_complete.csv,sw,0.6000000000000001,True,contextual,366,notes,-1,0.08219197924638845,uncategorized,POSITIVE,0.991154134273529,0.991154134273529
Highly recommend. amazing Keep it up!,5.0,Abhi0492,2025-09-29T18:32:20-07:00,25.0905.05,app_store_reviews_complete.csv,sw,0.6000000000000001,True,template,366,highly recommend amazing keep it up,0,1.0,other_issues,POSITIVE,0.9998854398727417,0.9998854398727417
"""Incredible""",5.0,Abhi0492,2025-09-29T18:32:20-07:00,25.0905.05,app_store_reviews_complete.csv,sw,0.6000000000000001,True,llm,366,incredible,-1,0.07187992306291377,uncategorized,POSITIVE,0.9998736381530762,0.9998736381530762
amaze,5.0,Abhi0492,2025-09-29T18:32:20-07:00,25.0905.05,app_store_reviews_complete.csv,sw,0.6000000000000001,True,synonym,366,amaze,-1,0.35152035162290535,uncategorized,POSITIVE,0.9996262788772583,0.9996262788772583
delight add rent payment,5.0,saisweety,2025-09-29T10:17:09-07:00,25.0905.05,app_store_reviews_complete.csv,en,0.0,True,synonym,368,delight add rent payment,2,1.0,payment_issues,POSITIVE,0.9998584985733032,0.9998584985733032
please add tax rate,5.0,saisweety,2025-09-29T10:17:09-07:00,25.0905.05,app_store_reviews_complete.csv,en,0.0,True,contextual,368,please add tax rate,2,1.0,payment_issues,NEGATIVE,0.6320317387580872,-0.6320317387580872
Amazing! please add rent payment Keep it up!,5.0,saisweety,2025-09-29T10:17:09-07:00,25.0905.05,app_store_reviews_complete.csv,en,0.0,True,template,368,amazing please add rent payment keep it up,2,1.0,payment_issues,POSITIVE,0.9997850060462952,0.9997850060462952
"""Can you include the option to pay rent?""",5.0,saisweety,2025-09-29T10:17:09-07:00,25.0905.05,app_store_reviews_complete.csv,en,0.0,True,llm,368,can you include the option to pay rent,2,1.0,payment_issues,NEGATIVE,0.9926188588142395,-0.9926188588142395
please add rent payment,5.0,saisweety,2025-09-29T10:17:09-07:00,25.0905.05,app_store_reviews_complete.csv,en,0.0,True,synonym,368,please add rent payment,2,0.625048215768737,payment_issues,POSITIVE,0.7892948389053345,0.7892948389053345
comfortably payment apps,5.0,Deepaksing,2025-10-24T19:50:50-07:00,25.1003.06,app_store_reviews_complete.csv,fr,1.0,True,synonym,161,comfortably payment apps,2,0.4172496167217829,payment_issues,POSITIVE,0.9942849278450012,0.9942849278450012
best new apps,5.0,Deepaksing,2025-10-24T19:50:50-07:00,25.1003.06,app_store_reviews_complete.csv,fr,1.0,True,contextual,161,best new apps,1,1.0,other_issues,POSITIVE,0.9997480511665344,0.9997480511665344
Amazing! best payment apps Worth trying.,5.0,Deepaksing,2025-10-24T19:50:50-07:00,25.1003.06,app_store_reviews_complete.csv,fr,1.0,True,template,161,amazing best payment apps worth trying,2,1.0,payment_issues,POSITIVE,0.9998189806938171,0.9998189806938171
"""Top payment applications""",5.0,Deepaksing,2025-10-24T19:50:50-07:00,25.1003.06,app_store_reviews_complete.csv,fr,1.0,True,llm,161,top payment applications,2,1.0,payment_issues,POSITIVE,0.9991349577903748,0.9991349577903748
best defrayal apps,5.0,Deepaksing,2025-10-24T19:50:50-07:00,25.1003.06,app_store_reviews_complete.csv,fr,1.0,True,synonym,161,best defrayal apps,1,1.0,other_issues,POSITIVE,0.9975051283836365,0.9975051283836365
beneficial,5.0,Zikrul alam,2025-10-19T23:16:13-07:00,25.1003.00,app_store_reviews_complete.csv,so,0.7,True,synonym,193,beneficial,-1,0.3824570874555371,uncategorized,POSITIVE,0.9998611211776733,0.9998611211776733
2011,5.0,Zikrul alam,2025-10-19T23:16:13-07:00,25.1003.00,app_store_reviews_complete.csv,so,0.7,True,contextual,193,,0,0.43202407006011817,other_issues,POSITIVE,0.9882354736328125,0.9882354736328125
Highly recommend. good Five stars!,5.0,Zikrul alam,2025-10-19T23:16:13-07:00,25.1003.00,app_store_reviews_complete.csv,so,0.7,True,template,193,highly recommend good five stars,3,0.16259545005294107,other_issues,POSITIVE,0.9998753070831299,0.9998753070831299
It's really nice.,5.0,Zikrul alam,2025-10-19T23:16:13-07:00,25.1003.00,app_store_reviews_complete.csv,so,0.7,True,llm,193,its really nice,0,1.0,other_issues,POSITIVE,0.9998666048049927,0.9998666048049927
full,5.0,Zikrul alam,2025-10-19T23:16:13-07:00,25.1003.00,app_store_reviews_complete.csv,so,0.7,True,synonym,193,full,0,0.5193288592433627,other_issues,POSITIVE,0.9994632601737976,0.9994632601737976
excellent for all requital purposes,5.0,Mangal11144,2025-10-19T16:53:05-07:00,25.1003.00,app_store_reviews_complete.csv,ca,1.0,True,synonym,195,excellent for all requital purposes,2,0.6105799685940694,payment_issues,POSITIVE,0.9998087286949158,0.9998087286949158
excellent for all learning schemes,5.0,Mangal11144,2025-10-19T16:53:05-07:00,25.1003.00,app_store_reviews_complete.csv,ca,1.0,True,contextual,195,excellent for all learning schemes,-1,0.5867671507490607,uncategorized,POSITIVE,0.9998507499694824,0.9998507499694824
Great experience. excellent for all payment purposes Five stars!,5.0,Mangal11144,2025-10-19T16:53:05-07:00,25.1003.00,app_store_reviews_complete.csv,ca,1.0,True,template,195,great experience excellent for all payment purposes five stars,3,0.578613155615883,other_issues,POSITIVE,0.9998533725738525,0.9998533725738525
great for any payment needs,5.0,Mangal11144,2025-10-19T16:53:05-07:00,25.1003.00,app_store_reviews_complete.csv,ca,1.0,True,llm,195,great for any payment needs,2,1.0,payment_issues,POSITIVE,0.9994704127311707,0.9994704127311707
excellent for all requital purposes,5.0,Mangal11144,2025-10-19T16:53:05-07:00,25.1003.00,app_store_reviews_complete.csv,ca,1.0,True,synonym,195,excellent for all requital purposes,2,0.6646758431273493,payment_issues,POSITIVE,0.9998087286949158,0.9998087286949158
very respectable,5.0,TOM SHIBU,2025-10-19T07:38:33-07:00,25.1003.00,app_store_reviews_complete.csv,af,0.91,True,synonym,198,very respectable,0,0.10550227239152007,other_issues,POSITIVE,0.999841570854187,0.999841570854187
pretty good,5.0,TOM SHIBU,2025-10-19T07:38:33-07:00,25.1003.00,app_store_reviews_complete.csv,af,0.91,True,contextual,198,pretty good,0,0.1379273195212205,other_issues,POSITIVE,0.9998512268066406,0.9998512268066406
Love this app! very good Worth trying.,5.0,TOM SHIBU,2025-10-19T07:38:33-07:00,25.1003.00,app_store_reviews_complete.csv,af,0.91,True,template,198,love this app very good worth trying,-1,0.38018610111250706,uncategorized,POSITIVE,0.999875545501709,0.999875545501709
really great,5.0,TOM SHIBU,2025-10-19T07:38:33-07:00,25.1003.00,app_store_reviews_complete.csv,af,0.91,True,llm,198,really great,0,0.8645909484584788,other_issues,POSITIVE,0.9998630285263062,0.9998630285263062
very in force,5.0,TOM SHIBU,2025-10-19T07:38:33-07:00,25.1003.00,app_store_reviews_complete.csv,af,0.91,True,synonym,198,very in force,-1,0.05017884590671655,uncategorized,POSITIVE,0.9998446702957153,0.9998446702957153
dandy,5.0,Nadeem46,2025-10-19T01:20:29-07:00,25.1003.00,app_store_reviews_complete.csv,ro,0.8,True,synonym,200,dandy,0,0.6074955105925225,other_issues,POSITIVE,0.9831327795982361,0.9831327795982361
•,5.0,Nadeem46,2025-10-19T01:20:29-07:00,25.1003.00,app_store_reviews_complete.csv,ro,0.8,True,contextual,200,,0,0.7805710089024273,other_issues,POSITIVE,0.9939897060394287,0.9939897060394287
Great experience. great Five stars!,5.0,Nadeem46,2025-10-19T01:20:29-07:00,25.1003.00,app_store_reviews_complete.csv,ro,0.8,True,template,200,great experience great five stars,3,0.7502075391454198,other_issues,POSITIVE,0.9998877048492432,0.9998877048492432
great,5.0,Nadeem46,2025-10-19T01:20:29-07:00,25.1003.00,app_store_reviews_complete.csv,ro,0.8,True,llm,200,great,0,1.0,other_issues,POSITIVE,0.9998630285263062,0.9998630285263062
majuscule,5.0,Nadeem46,2025-10-19T01:20:29-07:00,25.1003.00,app_store_reviews_complete.csv,ro,0.8,True,synonym,200,majuscule,4,0.29311199054106424,other_issues,NEGATIVE,0.9847843647003174,-0.9847843647003174
good sevices,5.0,MKS@22,2025-10-19T01:08:02-07:00,25.1003.00,app_store_reviews_complete.csv,hr,0.7,True,synonym,201,good sevices,0,0.5591800588278202,other_issues,POSITIVE,0.9998425245285034,0.9998425245285034
late friday,5.0,MKS@22,2025-10-19T01:08:02-07:00,25.1003.00,app_store_reviews_complete.csv,hr,0.7,True,contextual,201,late friday,0,0.6622607965059487,other_issues,POSITIVE,0.9638791084289551,0.9638791084289551
Highly recommend. good sevices Best app ever.,5.0,MKS@22,2025-10-19T01:08:02-07:00,25.1003.00,app_store_reviews_complete.csv,hr,0.7,True,template,201,highly recommend good sevices best app ever,1,1.0,other_issues,POSITIVE,0.9998394250869751,0.9998394250869751
"""great service""",5.0,MKS@22,2025-10-19T01:08:02-07:00,25.1003.00,app_store_reviews_complete.csv,hr,0.7,True,llm,201,great service,0,0.8505932779852882,other_issues,POSITIVE,0.9998624324798584,0.9998624324798584
good sevices,5.0,MKS@22,2025-10-19T01:08:02-07:00,25.1003.00,app_store_reviews_complete.csv,hr,0.7,True,synonym,201,good sevices,0,0.5474215519145392,other_issues,POSITIVE,0.9998425245285034,0.9998425245285034
perfective,5.0,Ashokkumar's,2025-10-18T23:53:40-07:00,25.1003.00,app_store_reviews_complete.csv,ca,1.0,True,synonym,202,perfective,-1,0.2358985927069851,uncategorized,POSITIVE,0.999862790107727,0.999862790107727
66,5.0,Ashokkumar's,2025-10-18T23:53:40-07:00,25.1003.00,app_store_reviews_complete.csv,ca,1.0,True,contextual,202,,0,0.7140966838725556,other_issues,POSITIVE,0.8870426416397095,0.8870426416397095
Love this app! perfect Best app ever.,5.0,Ashokkumar's,2025-10-18T23:53:40-07:00,25.1003.00,app_store_reviews_complete.csv,ca,1.0,True,template,202,love this app perfect best app ever,1,0.5191013116985439,other_issues,POSITIVE,0.9998661279678345,0.9998661279678345
perfect,5.0,Ashokkumar's,2025-10-18T23:53:40-07:00,25.1003.00,app_store_reviews_complete.csv,ca,1.0,True,llm,202,perfect,0,1.0,other_issues,POSITIVE,0.9998517036437988,0.9998517036437988
perfect tense,5.0,Ashokkumar's,2025-10-18T23:53:40-07:00,25.1003.00,app_store_reviews_complete.csv,ca,1.0,True,synonym,202,perfect tense,-1,0.23757749203900136,uncategorized,POSITIVE,0.9995927214622498,0.9995927214622498
enjoying simply their is a no cash back offering,5.0,Kunal Lal Patil,2025-11-10T01:53:19-07:00,25.1017.05,app_store_reviews_complete.csv,en,0.25,True,synonym,26,enjoying simply their is a no cash back offering,2,1.0,payment_issues,POSITIVE,0.9995798468589783,0.9995798468589783
enjoying but their account a mandatory cash back payment,5.0,Kunal Lal Patil,2025-11-10T01:53:19-07:00,25.1017.05,app_store_reviews_complete.csv,en,0.25,True,contextual,26,enjoying but their account a mandatory cash back payment,2,0.6390271895956068,payment_issues,NEGATIVE,0.9616420865058899,-0.9616420865058899
Love this app! enjoying but their is a no cash back offer Best app ever.,5.0,Kunal Lal Patil,2025-11-10T01:53:19-07:00,25.1017.05,app_store_reviews_complete.csv,en,0.25,True,template,26,love this app enjoying but their is a no cash back offer best app ever,2,1.0,payment_issues,POSITIVE,0.9993632435798645,0.9993632435798645
"I'm happy with it, but there's no cashback deal.",5.0,Kunal Lal Patil,2025-11-10T01:53:19-07:00,25.1017.05,app_store_reviews_complete.csv,en,0.25,True,llm,26,im happy with it but theres no cashback deal,2,1.0,payment_issues,NEGATIVE,0.9884127974510193,-0.9884127974510193
enjoying but their be a no cash back offering,5.0,Kunal Lal Patil,2025-11-10T01:53:19-07:00,25.1017.05,app_store_reviews_complete.csv,en,0.25,True,synonym,26,enjoying but their be a no cash back offering,2,0.9235084998316869,payment_issues,POSITIVE,0.640669047832489,0.640669047832489
rajpurohit,5.0,Kishanraj Balotra,2025-10-18T21:02:14-07:00,25.1003.00,app_store_reviews_complete.csv,sq,0.0,True,synonym,206,rajpurohit,-1,0.06789897151882716,uncategorized,POSITIVE,0.9477631449699402,0.9477631449699402
1,5.0,Kishanraj Balotra,2025-10-18T21:02:14-07:00,25.1003.00,app_store_reviews_complete.csv,sq,0.0,True,contextual,206,,0,0.4460213144269613,other_issues,POSITIVE,0.985403299331665,0.985403299331665
Great experience. rajpurohit Keep it up!,5.0,Kishanraj Balotra,2025-10-18T21:02:14-07:00,25.1003.00,app_store_reviews_complete.csv,sq,0.0,True,template,206,great experience rajpurohit keep it up,-1,0.06617982539088857,uncategorized,POSITIVE,0.9998273849487305,0.9998273849487305
"""rajpurohit""",5.0,Kishanraj Balotra,2025-10-18T21:02:14-07:00,25.1003.00,app_store_reviews_complete.csv,sq,0.0,True,llm,206,rajpurohit,-1,0.0679697416590812,uncategorized,NEGATIVE,0.8636300563812256,-0.8636300563812256
rajpurohit,5.0,Kishanraj Balotra,2025-10-18T21:02:14-07:00,25.1003.00,app_store_reviews_complete.csv,sq,0.0,True,synonym,206,rajpurohit,-1,0.06811711593160964,uncategorized,POSITIVE,0.9477631449699402,0.9477631449699402
gain a life rattling prosperous!!,5.0,shaz 😘,2025-10-18T20:32:09-07:00,25.1003.00,app_store_reviews_complete.csv,en,0.8802083333333334,True,synonym,207,gain a life rattling prosperous,-1,0.2171955133676118,uncategorized,POSITIVE,0.9967549443244934,0.9967549443244934
• a nation very happy!!,5.0,shaz 😘,2025-10-18T20:32:09-07:00,25.1003.00,app_store_reviews_complete.csv,en,0.8802083333333334,True,contextual,207,a nation very happy,-1,0.3272355221537603,uncategorized,POSITIVE,0.9998798370361328,0.9998798370361328
Love this app! make a life very easy !! Keep it up!,5.0,shaz 😘,2025-10-18T20:32:09-07:00,25.1003.00,app_store_reviews_complete.csv,en,0.8802083333333334,True,template,207,love this app make a life very easy keep it up,1,1.0,other_issues,POSITIVE,0.9998304843902588,0.9998304843902588
"""This really simplifies everything!""",5.0,shaz 😘,2025-10-18T20:32:09-07:00,25.1003.00,app_store_reviews_complete.csv,en,0.8802083333333334,True,llm,207,this really simplifies everything,-1,0.0862462211304997,uncategorized,POSITIVE,0.9993335604667664,0.9993335604667664
make a lifetime real well off!!,5.0,shaz 😘,2025-10-18T20:32:09-07:00,25.1003.00,app_store_reviews_complete.csv,en,0.8802083333333334,True,synonym,207,make a lifetime real well off,0,0.41783690957069297,other_issues,POSITIVE,0.9993844032287598,0.9993844032287598
we volition not let you go belt down,5.0,Prakashk@king,2025-10-18T19:41:13-07:00,25.1003.00,app_store_reviews_complete.csv,pl,-0.1555555555555555,True,synonym,208,we volition not let you go belt down,4,1.0,other_issues,POSITIVE,0.9539548754692078,0.9539548754692078
anyone will definitely let you walk down,5.0,Prakashk@king,2025-10-18T19:41:13-07:00,25.1003.00,app_store_reviews_complete.csv,pl,-0.1555555555555555,True,contextual,208,anyone will definitely let you walk down,4,1.0,other_issues,NEGATIVE,0.9184845089912415,-0.9184845089912415
Love this app! we will not let you go down Five stars!,5.0,Prakashk@king,2025-10-18T19:41:13-07:00,25.1003.00,app_store_reviews_complete.csv,pl,-0.1555555555555555,True,template,208,love this app we will not let you go down five stars,1,1.0,other_issues,POSITIVE,0.9996834993362427,0.9996834993362427
"""We'll make sure you don't end up in trouble.""",5.0,Prakashk@king,2025-10-18T19:41:13-07:00,25.1003.00,app_store_reviews_complete.csv,pl,-0.1555555555555555,True,llm,208,well make sure you dont end up in trouble,-1,0.10277742264985482,uncategorized,POSITIVE,0.9932911396026611,0.9932911396026611
we bequeath non let you go down,5.0,Prakashk@king,2025-10-18T19:41:13-07:00,25.1003.00,app_store_reviews_complete.csv,pl,-0.1555555555555555,True,synonym,208,we bequeath non let you go down,4,1.0,other_issues,POSITIVE,0.9899841547012329,0.9899841547012329
mediocre or good,1.0,Gjsjskknebee,2025-10-22T12:49:17-07:00,25.1003.00,app_store_reviews_complete.csv,no,0.2749999999999999,True,synonym,177,mediocre or good,-1,0.39752621987568515,uncategorized,POSITIVE,0.9447484016418457,0.9447484016418457
average or falling,1.0,Gjsjskknebee,2025-10-22T12:49:17-07:00,25.1003.00,app_store_reviews_complete.csv,no,0.2749999999999999,True,contextual,177,average or falling,-1,0.4095101172766773,uncategorized,NEGATIVE,0.995363712310791,-0.995363712310791
Not recommended. average or good Fix this ASAP!,1.0,Gjsjskknebee,2025-10-22T12:49:17-07:00,25.1003.00,app_store_reviews_complete.csv,no,0.2749999999999999,True,template,177,not recommended average or good fix this asap,-1,0.36804472819248546,uncategorized,NEGATIVE,0.9990326166152954,-0.9990326166152954
"""okay or decent""",1.0,Gjsjskknebee,2025-10-22T12:49:17-07:00,25.1003.00,app_store_reviews_complete.csv,no,0.2749999999999999,True,llm,177,okay or decent,0,0.1054918302891042,other_issues,POSITIVE,0.9995772242546082,0.9995772242546082
average surgery good,1.0,Gjsjskknebee,2025-10-22T12:49:17-07:00,25.1003.00,app_store_reviews_complete.csv,no,0.2749999999999999,True,synonym,177,average surgery good,0,0.10129344700301007,other_issues,POSITIVE,0.9996335506439209,0.9996335506439209
raza,5.0,Touqer raza,2025-10-22T09:25:11-07:00,25.1003.00,app_store_reviews_complete.csv,hr,0.0,True,synonym,178,raza,-1,0.34220088453776887,uncategorized,POSITIVE,0.9580462574958801,0.9580462574958801
5,5.0,Touqer raza,2025-10-22T09:25:11-07:00,25.1003.00,app_store_reviews_complete.csv,hr,0.0,True,contextual,178,,0,0.7447412182739475,other_issues,POSITIVE,0.9894697666168213,0.9894697666168213
Great experience. raza Worth trying.,5.0,Touqer raza,2025-10-22T09:25:11-07:00,25.1003.00,app_store_reviews_complete.csv,hr,0.0,True,template,178,great experience raza worth trying,-1,0.3392477252733985,uncategorized,POSITIVE,0.9998086094856262,0.9998086094856262
raza,5.0,Touqer raza,2025-10-22T09:25:11-07:00,25.1003.00,app_store_reviews_complete.csv,hr,0.0,True,llm,178,raza,-1,0.3399061728271686,uncategorized,POSITIVE,0.9580462574958801,0.9580462574958801
raza,5.0,Touqer raza,2025-10-22T09:25:11-07:00,25.1003.00,app_store_reviews_complete.csv,hr,0.0,True,synonym,178,raza,-1,0.334897009348577,uncategorized,POSITIVE,0.9580462574958801,0.9580462574958801
fresh phone pe,5.0,Avesh khan 1313,2025-10-22T04:18:51-07:00,25.1003.00,app_store_reviews_complete.csv,en,0.1363636363636363,True,synonym,179,fresh phone pe,1,1.0,other_issues,NEGATIVE,0.8065454959869385,-0.8065454959869385
cellular phone pe,5.0,Avesh khan 1313,2025-10-22T04:18:51-07:00,25.1003.00,app_store_reviews_complete.csv,en,0.1363636363636363,True,contextual,179,cellular phone pe,1,1.0,other_issues,NEGATIVE,0.9805002212524414,-0.9805002212524414
Great experience. new phone pe Five stars!,5.0,Avesh khan 1313,2025-10-22T04:18:51-07:00,25.1003.00,app_store_reviews_complete.csv,en,0.1363636363636363,True,template,179,great experience new phone pe five stars,1,0.7496103667332109,other_issues,POSITIVE,0.9994701743125916,0.9994701743125916
"""I bought a new phone""",5.0,Avesh khan 1313,2025-10-22T04:18:51-07:00,25.1003.00,app_store_reviews_complete.csv,en,0.1363636363636363,True,llm,179,i bought a new phone,-1,0.16126650512695942,uncategorized,NEGATIVE,0.9755957126617432,-0.9755957126617432
new earpiece pe,5.0,Avesh khan 1313,2025-10-22T04:18:51-07:00,25.1003.00,app_store_reviews_complete.csv,en,0.1363636363636363,True,synonym,179,new earpiece pe,1,1.0,other_issues,POSITIVE,0.6797665357589722,0.6797665357589722
real good,5.0,A C Reddy,2025-10-21T23:39:43-07:00,25.1003.00,app_store_reviews_complete.csv,af,0.91,True,synonym,182,real good,0,0.47497677471692307,other_issues,POSITIVE,0.9998493194580078,0.9998493194580078
very short,5.0,A C Reddy,2025-10-21T23:39:43-07:00,25.1003.00,app_store_reviews_complete.csv,af,0.91,True,contextual,182,very short,0,0.7207959101067795,other_issues,NEGATIVE,0.999332845211029,-0.999332845211029
Great experience. very good Five stars!,5.0,A C Reddy,2025-10-21T23:39:43-07:00,25.1003.00,app_store_reviews_complete.csv,af,0.91,True,template,182,great experience very good five stars,3,0.8396900817553786,other_issues,POSITIVE,0.9998785257339478,0.9998785257339478
It was really great,5.0,A C Reddy,2025-10-21T23:39:43-07:00,25.1003.00,app_store_reviews_complete.csv,af,0.91,True,llm,182,it was really great,0,1.0,other_issues,POSITIVE,0.9998672008514404,0.9998672008514404
really good,5.0,A C Reddy,2025-10-21T23:39:43-07:00,25.1003.00,app_store_reviews_complete.csv,af,0.91,True,synonym,182,really good,0,1.0,other_issues,POSITIVE,0.9998512268066406,0.9998512268066406
shivah,5.0,Gurrala shiva,2025-10-21T22:10:02-07:00,25.1003.00,app_store_reviews_complete.csv,sq,0.0,True,synonym,183,shivah,3,0.14766777063904216,other_issues,POSITIVE,0.975052535533905,0.975052535533905
169,5.0,Gurrala shiva,2025-10-21T22:10:02-07:00,25.1003.00,app_store_reviews_complete.csv,sq,0.0,True,contextual,183,,0,0.9250630123365154,other_issues,POSITIVE,0.9176824688911438,0.9176824688911438
Great experience. shiva Best app ever.,5.0,Gurrala shiva,2025-10-21T22:10:02-07:00,25.1003.00,app_store_reviews_complete.csv,sq,0.0,True,template,183,great experience shiva best app ever,1,1.0,other_issues,POSITIVE,0.9997459053993225,0.9997459053993225
shiva,5.0,Gurrala shiva,2025-10-21T22:10:02-07:00,25.1003.00,app_store_reviews_complete.csv,sq,0.0,True,llm,183,shiva,3,0.13354494295903482,other_issues,POSITIVE,0.9965428709983826,0.9965428709983826
shibah,5.0,Gurrala shiva,2025-10-21T22:10:02-07:00,25.1003.00,app_store_reviews_complete.csv,sq,0.0,True,synonym,183,shibah,3,0.14110077014706257,other_issues,POSITIVE,0.9196332097053528,0.9196332097053528
excellent,5.0,Darshan shaiva,2025-10-21T03:24:06-07:00,25.1003.00,app_store_reviews_complete.csv,ca,1.0,True,synonym,185,excellent,0,1.0,other_issues,POSITIVE,0.9998434782028198,0.9998434782028198
।,5.0,Darshan shaiva,2025-10-21T03:24:06-07:00,25.1003.00,app_store_reviews_complete.csv,ca,1.0,True,contextual,185,,0,0.24641827888381312,other_issues,POSITIVE,0.9904429316520691,0.9904429316520691
Great experience. excellent Best app ever.,5.0,Darshan shaiva,2025-10-21T03:24:06-07:00,25.1003.00,app_store_reviews_complete.csv,ca,1.0,True,template,185,great experience excellent best app ever,1,1.0,other_issues,POSITIVE,0.9998594522476196,0.9998594522476196
excellent,5.0,Darshan shaiva,2025-10-21T03:24:06-07:00,25.1003.00,app_store_reviews_complete.csv,ca,1.0,True,llm,185,excellent,0,1.0,other_issues,POSITIVE,0.9998434782028198,0.9998434782028198
excellent,5.0,Darshan shaiva,2025-10-21T03:24:06-07:00,25.1003.00,app_store_reviews_complete.csv,ca,1.0,True,synonym,185,excellent,0,0.45629918858695995,other_issues,POSITIVE,0.9998434782028198,0.9998434782028198
very good and secure app. love it,5.0,Vishesh pant,2025-10-17T21:51:40-07:00,25.1003.00,app_store_reviews_complete.csv,en,0.5166666666666667,True,synonym,217,very good and secure app love it,1,1.0,other_issues,POSITIVE,0.999885082244873,0.999885082244873
get safe enough secure app. download it,5.0,Vishesh pant,2025-10-17T21:51:40-07:00,25.1003.00,app_store_reviews_complete.csv,en,0.5166666666666667,True,contextual,217,get safe enough secure app download it,1,1.0,other_issues,POSITIVE,0.7591584324836731,0.7591584324836731
Love this app! very safe and secure app. love it Keep it up!,5.0,Vishesh pant,2025-10-17T21:51:40-07:00,25.1003.00,app_store_reviews_complete.csv,en,0.5166666666666667,True,template,217,love this app very safe and secure app love it keep it up,1,1.0,other_issues,POSITIVE,0.9998779296875,0.9998779296875
"Feels so secure using this app, it's great!",5.0,Vishesh pant,2025-10-17T21:51:40-07:00,25.1003.00,app_store_reviews_complete.csv,en,0.5166666666666667,True,llm,217,feels so secure using this app its great,1,1.0,other_issues,POSITIVE,0.9998646974563599,0.9998646974563599
very safe and strong app. love information technology,5.0,Vishesh pant,2025-10-17T21:51:40-07:00,25.1003.00,app_store_reviews_complete.csv,en,0.5166666666666667,True,synonym,217,very safe and strong app love information technology,1,0.5709927677114601,other_issues,POSITIVE,0.9998774528503418,0.9998774528503418
information technology ' s rattling easier to make defrayment,5.0,Sij1985,2025-10-17T08:52:52-07:00,25.1003.00,app_store_reviews_complete.csv,en,0.2,True,synonym,218,information technology s rattling easier to make defrayment,-1,0.2480422339268529,uncategorized,NEGATIVE,0.9969340562820435,-0.9969340562820435
happier ' n really easier to administer payments,5.0,Sij1985,2025-10-17T08:52:52-07:00,25.1003.00,app_store_reviews_complete.csv,en,0.2,True,contextual,218,happier n really easier to administer payments,2,1.0,payment_issues,NEGATIVE,0.8035737872123718,-0.8035737872123718
Amazing! it's really easier to make payments Five stars!,5.0,Sij1985,2025-10-17T08:52:52-07:00,25.1003.00,app_store_reviews_complete.csv,en,0.2,True,template,218,amazing its really easier to make payments five stars,2,1.0,payment_issues,POSITIVE,0.9994115829467773,0.9994115829467773
"""Paying is a breeze now.""",5.0,Sij1985,2025-10-17T08:52:52-07:00,25.1003.00,app_store_reviews_complete.csv,en,0.2,True,llm,218,paying is a breeze now,2,1.0,payment_issues,POSITIVE,0.9965009689331055,0.9965009689331055
information technology ' s really easier to make defrayment,5.0,Sij1985,2025-10-17T08:52:52-07:00,25.1003.00,app_store_reviews_complete.csv,en,0.2,True,synonym,218,information technology s really easier to make defrayment,-1,0.042593032943347625,uncategorized,NEGATIVE,0.9911473393440247,-0.9911473393440247
no 1 can accept upi credit,1.0,Sharry7777,2025-10-17T05:52:09-07:00,25.1003.00,app_store_reviews_complete.csv,it,0.0,True,synonym,219,no can accept upi credit,-1,0.34684811023823636,uncategorized,NEGATIVE,0.9957104921340942,-0.9957104921340942
whenever one cant accept legal credit,1.0,Sharry7777,2025-10-17T05:52:09-07:00,25.1003.00,app_store_reviews_complete.csv,it,0.0,True,contextual,219,whenever one cant accept legal credit,-1,0.33617079880830464,uncategorized,NEGATIVE,0.9920179843902588,-0.9920179843902588
Terrible experience. no one can accept upi credit Very frustrated.,1.0,Sharry7777,2025-10-17T05:52:09-07:00,25.1003.00,app_store_reviews_complete.csv,it,0.0,True,template,219,terrible experience no one can accept upi credit very frustrated,-1,0.3404172320651144,uncategorized,NEGATIVE,0.9997668862342834,-0.9997668862342834
"""Nobody can take my UPI credit.""",1.0,Sharry7777,2025-10-17T05:52:09-07:00,25.1003.00,app_store_reviews_complete.csv,it,0.0,True,llm,219,nobody can take my upi credit,-1,0.33526535505899474,uncategorized,NEGATIVE,0.9996436834335327,-0.9996436834335327
no one can take upi credit,1.0,Sharry7777,2025-10-17T05:52:09-07:00,25.1003.00,app_store_reviews_complete.csv,it,0.0,True,synonym,219,no one can take upi credit,-1,0.32627241584549715,uncategorized,NEGATIVE,0.9996640682220459,-0.9996640682220459
spectacular,5.0,Bike service @,2025-10-17T04:50:36-07:00,25.1003.00,app_store_reviews_complete.csv,af,0.5,True,synonym,220,spectacular,0,0.8820673383335043,other_issues,POSITIVE,0.9998260140419006,0.9998260140419006
54,5.0,Bike service @,2025-10-17T04:50:36-07:00,25.1003.00,app_store_reviews_complete.csv,af,0.5,True,contextual,220,,0,1.0,other_issues,POSITIVE,0.8629895448684692,0.8629895448684692
Great experience. outstanding Best app ever.,5.0,Bike service @,2025-10-17T04:50:36-07:00,25.1003.00,app_store_reviews_complete.csv,af,0.5,True,template,220,great experience outstanding best app ever,1,1.0,other_issues,POSITIVE,0.9998674392700195,0.9998674392700195
outstanding,5.0,Bike service @,2025-10-17T04:50:36-07:00,25.1003.00,app_store_reviews_complete.csv,af,0.5,True,llm,220,outstanding,0,1.0,other_issues,POSITIVE,0.9998557567596436,0.9998557567596436
great,5.0,Bike service @,2025-10-17T04:50:36-07:00,25.1003.00,app_store_reviews_complete.csv,af,0.5,True,synonym,220,great,0,1.0,other_issues,POSITIVE,0.9998630285263062,0.9998630285263062
occupy,5.0,Apsra je,2025-10-17T02:59:40-07:00,25.1003.00,app_store_reviews_complete.csv,en,0.5,True,synonym,221,occupy,-1,0.05583811614379082,uncategorized,NEGATIVE,0.9793154001235962,-0.9793154001235962
136,5.0,Apsra je,2025-10-17T02:59:40-07:00,25.1003.00,app_store_reviews_complete.csv,en,0.5,True,contextual,221,,0,0.6162999738494319,other_issues,POSITIVE,0.9866735935211182,0.9866735935211182
Love this app! interesting Five stars!,5.0,Apsra je,2025-10-17T02:59:40-07:00,25.1003.00,app_store_reviews_complete.csv,en,0.5,True,template,221,love this app interesting five stars,1,1.0,other_issues,POSITIVE,0.9998592138290405,0.9998592138290405
This is pretty fascinating!,5.0,Apsra je,2025-10-17T02:59:40-07:00,25.1003.00,app_store_reviews_complete.csv,en,0.5,True,llm,221,this is pretty fascinating,-1,0.10796820757488396,uncategorized,POSITIVE,0.9998530149459839,0.9998530149459839
concern,5.0,Apsra je,2025-10-17T02:59:40-07:00,25.1003.00,app_store_reviews_complete.csv,en,0.5,True,synonym,221,concern,-1,0.2127796364565087,uncategorized,POSITIVE,0.7788360714912415,0.7788360714912415
nice app,5.0,Hemanth11,2025-10-16T22:44:51-07:00,25.0919.07,app_store_reviews_complete.csv,it,0.6,True,synonym,222,nice app,1,1.0,other_issues,POSITIVE,0.9998061060905457,0.9998061060905457
facebook app,5.0,Hemanth11,2025-10-16T22:44:51-07:00,25.0919.07,app_store_reviews_complete.csv,it,0.6,True,contextual,222,facebook app,1,1.0,other_issues,POSITIVE,0.8294108510017395,0.8294108510017395
Great experience. nice app Best app ever.,5.0,Hemanth11,2025-10-16T22:44:51-07:00,25.0919.07,app_store_reviews_complete.csv,it,0.6,True,template,222,great experience nice app best app ever,1,1.0,other_issues,POSITIVE,0.9998192191123962,0.9998192191123962
nice app,5.0,Hemanth11,2025-10-16T22:44:51-07:00,25.0919.07,app_store_reviews_complete.csv,it,0.6,True,llm,222,nice app,1,0.9189647728733243,other_issues,POSITIVE,0.9998061060905457,0.9998061060905457
squeamish app,5.0,Hemanth11,2025-10-16T22:44:51-07:00,25.0919.07,app_store_reviews_complete.csv,it,0.6,True,synonym,222,squeamish app,1,0.5703570922081492,other_issues,NEGATIVE,0.9923428893089294,-0.9923428893089294
superintendent,5.0,Madiga manohar,2025-10-16T18:55:56-07:00,25.0919.07,app_store_reviews_complete.csv,ro,0.3333333333333333,True,synonym,224,superintendent,-1,0.0008337196650938101,uncategorized,POSITIVE,0.9755302667617798,0.9755302667617798
॥,5.0,Madiga manohar,2025-10-16T18:55:56-07:00,25.0919.07,app_store_reviews_complete.csv,ro,0.3333333333333333,True,contextual,224,,0,0.2683129660634867,other_issues,POSITIVE,0.9980725049972534,0.9980725049972534
Amazing! super Best app ever.,5.0,Madiga manohar,2025-10-16T18:55:56-07:00,25.0919.07,app_store_reviews_complete.csv,ro,0.3333333333333333,True,template,224,amazing super best app ever,1,1.0,other_issues,POSITIVE,0.9998650550842285,0.9998650550842285
super,5.0,Madiga manohar,2025-10-16T18:55:56-07:00,25.0919.07,app_store_reviews_complete.csv,ro,0.3333333333333333,True,llm,224,super,0,1.0,other_issues,POSITIVE,0.998783528804779,0.998783528804779
superintendent,5.0,Madiga manohar,2025-10-16T18:55:56-07:00,25.0919.07,app_store_reviews_complete.csv,ro,0.3333333333333333,True,synonym,224,superintendent,-1,0.000833915824389851,uncategorized,POSITIVE,0.9755302667617798,0.9755302667617798
very tiresome,5.0,drshivchoudhary,2025-10-02T08:51:09-07:00,25.0905.05,app_store_reviews_complete.csv,cs,-0.39,True,synonym,338,very tiresome,0,1.0,other_issues,NEGATIVE,0.9998142123222351,-0.9998142123222351
go slow,5.0,drshivchoudhary,2025-10-02T08:51:09-07:00,25.0905.05,app_store_reviews_complete.csv,cs,-0.39,True,contextual,338,go slow,0,1.0,other_issues,NEGATIVE,0.9987233281135559,-0.9987233281135559
Love this app! very slow Keep it up!,5.0,drshivchoudhary,2025-10-02T08:51:09-07:00,25.0905.05,app_store_reviews_complete.csv,cs,-0.39,True,template,338,love this app very slow keep it up,1,0.31024839671661586,other_issues,POSITIVE,0.9991267323493958,0.9991267323493958
"""quite sluggish""",5.0,drshivchoudhary,2025-10-02T08:51:09-07:00,25.0905.05,app_store_reviews_complete.csv,cs,-0.39,True,llm,338,quite sluggish,0,0.7521032431741893,other_issues,NEGATIVE,0.999761164188385,-0.999761164188385
very sluggish,5.0,drshivchoudhary,2025-10-02T08:51:09-07:00,25.0905.05,app_store_reviews_complete.csv,cs,-0.39,True,synonym,338,very sluggish,0,0.6195561019833352,other_issues,NEGATIVE,0.999765932559967,-0.999765932559967
superintendent app,5.0,RatnaPaul,2025-10-02T08:02:19-07:00,25.0905.05,app_store_reviews_complete.csv,fr,0.3333333333333333,True,synonym,339,superintendent app,-1,0.0008339205950952519,uncategorized,POSITIVE,0.8213599324226379,0.8213599324226379
super express,5.0,RatnaPaul,2025-10-02T08:02:19-07:00,25.0905.05,app_store_reviews_complete.csv,fr,0.3333333333333333,True,contextual,339,super express,0,1.0,other_issues,POSITIVE,0.9905966520309448,0.9905966520309448
Highly recommend. super app Five stars!,5.0,RatnaPaul,2025-10-02T08:02:19-07:00,25.0905.05,app_store_reviews_complete.csv,fr,0.3333333333333333,True,template,339,highly recommend super app five stars,1,1.0,other_issues,POSITIVE,0.9998096823692322,0.9998096823692322
Love this app so much!,5.0,RatnaPaul,2025-10-02T08:02:19-07:00,25.0905.05,app_store_reviews_complete.csv,fr,0.3333333333333333,True,llm,339,love this app so much,1,0.5635968788314398,other_issues,POSITIVE,0.9998663663864136,0.9998663663864136
super app,5.0,RatnaPaul,2025-10-02T08:02:19-07:00,25.0905.05,app_store_reviews_complete.csv,fr,0.3333333333333333,True,synonym,339,super app,-1,0.5709535203281669,uncategorized,POSITIVE,0.9932268261909485,0.9932268261909485
sound pe very ripe,5.0,Lakshya Sahu,2025-10-02T07:26:44-07:00,25.0905.05,app_store_reviews_complete.csv,en,0.91,True,synonym,340,sound pe very ripe,-1,0.08229594096533674,uncategorized,POSITIVE,0.6743587851524353,0.6743587851524353
phone messages anytime good,5.0,Lakshya Sahu,2025-10-02T07:26:44-07:00,25.0905.05,app_store_reviews_complete.csv,en,0.91,True,contextual,340,phone messages anytime good,1,1.0,other_issues,POSITIVE,0.9985464215278625,0.9985464215278625
Highly recommend. phone pe awesome Keep it up!,5.0,Lakshya Sahu,2025-10-02T07:26:44-07:00,25.0905.05,app_store_reviews_complete.csv,en,0.91,True,template,340,highly recommend phone pe awesome keep it up,1,1.0,other_issues,POSITIVE,0.9993440508842468,0.9993440508842468
"""PhonePe is really good.""",5.0,Lakshya Sahu,2025-10-02T07:26:44-07:00,25.0905.05,app_store_reviews_complete.csv,en,0.91,True,llm,340,phonepe is really good,1,1.0,other_issues,POSITIVE,0.9998130202293396,0.9998130202293396
sound pe very good,5.0,Lakshya Sahu,2025-10-02T07:26:44-07:00,25.0905.05,app_store_reviews_complete.csv,en,0.91,True,synonym,340,sound pe very good,-1,0.11598879999787001,uncategorized,POSITIVE,0.9997642636299133,0.9997642636299133
liked information technology for upi transactions,5.0,Mayur_marq,2025-10-02T06:43:29-07:00,25.0905.05,app_store_reviews_complete.csv,en,0.6,True,synonym,342,liked information technology for upi transactions,2,0.29102556213760644,payment_issues,POSITIVE,0.9984968900680542,0.9984968900680542
remix it for upi sharma,5.0,Mayur_marq,2025-10-02T06:43:29-07:00,25.0905.05,app_store_reviews_complete.csv,en,0.6,True,contextual,342,remix it for upi sharma,1,0.5531062396284239,other_issues,POSITIVE,0.9712392687797546,0.9712392687797546
Highly recommend. liked it for upi transactions Five stars!,5.0,Mayur_marq,2025-10-02T06:43:29-07:00,25.0905.05,app_store_reviews_complete.csv,en,0.6,True,template,342,highly recommend liked it for upi transactions five stars,2,0.27829268852426237,payment_issues,POSITIVE,0.9997270703315735,0.9997270703315735
"""I enjoyed using it for making payments through UPI.""",5.0,Mayur_marq,2025-10-02T06:43:29-07:00,25.0905.05,app_store_reviews_complete.csv,en,0.6,True,llm,342,i enjoyed using it for making payments through upi,2,0.6163436930351865,payment_issues,POSITIVE,0.9985223412513733,0.9985223412513733
liked information technology for upi transaction,5.0,Mayur_marq,2025-10-02T06:43:29-07:00,25.0905.05,app_store_reviews_complete.csv,en,0.6,True,synonym,342,liked information technology for upi transaction,2,0.29530616648476893,payment_issues,POSITIVE,0.9981473684310913,0.9981473684310913
amazing nd practiced service,5.0,Adv Tanmay,2025-10-01T07:49:06-07:00,25.0905.05,app_store_reviews_complete.csv,en,0.85,True,synonym,346,amazing nd practiced service,0,0.7516892544549185,other_issues,POSITIVE,0.9998243451118469,0.9998243451118469
awesome recently improved service,5.0,Adv Tanmay,2025-10-01T07:49:06-07:00,25.0905.05,app_store_reviews_complete.csv,en,0.85,True,contextual,346,awesome recently improved service,0,0.6904162436768431,other_issues,POSITIVE,0.9998214840888977,0.9998214840888977
Love this app! awesome and good service Best app ever.,5.0,Adv Tanmay,2025-10-01T07:49:06-07:00,25.0905.05,app_store_reviews_complete.csv,en,0.85,True,template,346,love this app awesome and good service best app ever,1,0.5110963433390344,other_issues,POSITIVE,0.9998695850372314,0.9998695850372314
"""great service, really awesome""",5.0,Adv Tanmay,2025-10-01T07:49:06-07:00,25.0905.05,app_store_reviews_complete.csv,en,0.85,True,llm,346,great service really awesome,0,0.7468664731204476,other_issues,POSITIVE,0.9998773336410522,0.9998773336410522
awesome and near overhaul,5.0,Adv Tanmay,2025-10-01T07:49:06-07:00,25.0905.05,app_store_reviews_complete.csv,en,0.85,True,synonym,346,awesome and near overhaul,0,0.4409050023301767,other_issues,POSITIVE,0.9998383522033691,0.9998383522033691
goood,5.0,Shabu fatha,2025-10-01T00:27:21-07:00,25.0905.05,app_store_reviews_complete.csv,so,0.0,True,synonym,348,goood,0,0.06200161593557567,other_issues,NEGATIVE,0.9943867921829224,-0.9943867921829224
•,5.0,Shabu fatha,2025-10-01T00:27:21-07:00,25.0905.05,app_store_reviews_complete.csv,so,0.0,True,contextual,348,,0,0.1963907429038732,other_issues,POSITIVE,0.9939897060394287,0.9939897060394287
Amazing! goood Five stars!,5.0,Shabu fatha,2025-10-01T00:27:21-07:00,25.0905.05,app_store_reviews_complete.csv,so,0.0,True,template,348,amazing goood five stars,3,1.0,other_issues,POSITIVE,0.9998338222503662,0.9998338222503662
"""great job""",5.0,Shabu fatha,2025-10-01T00:27:21-07:00,25.0905.05,app_store_reviews_complete.csv,so,0.0,True,llm,348,great job,-1,0.3178718704576202,uncategorized,POSITIVE,0.9998701810836792,0.9998701810836792
goood,5.0,Shabu fatha,2025-10-01T00:27:21-07:00,25.0905.05,app_store_reviews_complete.csv,so,0.0,True,synonym,348,goood,0,0.06200433680285714,other_issues,NEGATIVE,0.9943867921829224,-0.9943867921829224
man best app good working,5.0,JAGDISHSINH VAGHELA,2025-09-30T22:22:33-07:00,25.0905.05,app_store_reviews_complete.csv,af,0.85,True,synonym,349,man best app good working,1,0.7054780890429193,other_issues,POSITIVE,0.9995538592338562,0.9995538592338562
2004 best app good graphics,5.0,JAGDISHSINH VAGHELA,2025-09-30T22:22:33-07:00,25.0905.05,app_store_reviews_complete.csv,af,0.85,True,contextual,349,best app good graphics,1,1.0,other_issues,POSITIVE,0.9997406601905823,0.9997406601905823
Love this app! world best app good working Worth trying.,5.0,JAGDISHSINH VAGHELA,2025-09-30T22:22:33-07:00,25.0905.05,app_store_reviews_complete.csv,af,0.85,True,template,349,love this app world best app good working worth trying,1,0.4474832232398226,other_issues,POSITIVE,0.9998435974121094,0.9998435974121094
"""This app is the best in the world, it works really well.""",5.0,JAGDISHSINH VAGHELA,2025-09-30T22:22:33-07:00,25.0905.05,app_store_reviews_complete.csv,af,0.85,True,llm,349,this app is the best in the world it works really well,1,0.5475107111674669,other_issues,POSITIVE,0.9998514652252197,0.9998514652252197
world near app good workings,5.0,JAGDISHSINH VAGHELA,2025-09-30T22:22:33-07:00,25.0905.05,app_store_reviews_complete.csv,af,0.85,True,synonym,349,world near app good workings,1,0.47903397730228087,other_issues,POSITIVE,0.9099534749984741,0.9099534749984741
u roentgen make too much charges,1.0,srk0425,2025-09-30T22:15:02-07:00,25.0905.05,app_store_reviews_complete.csv,en,0.2,True,synonym,350,u roentgen make too much charges,-1,0.22889116590671763,uncategorized,NEGATIVE,0.9994331002235413,-0.9994331002235413
not r paid too much charges,1.0,srk0425,2025-09-30T22:15:02-07:00,25.0905.05,app_store_reviews_complete.csv,en,0.2,True,contextual,350,not r paid too much charges,-1,0.21016227237198953,uncategorized,NEGATIVE,0.9996179342269897,-0.9996179342269897
Disappointed. u r taking too much charges Won't use again.,1.0,srk0425,2025-09-30T22:15:02-07:00,25.0905.05,app_store_reviews_complete.csv,en,0.2,True,template,350,disappointed u r taking too much charges wont use again,-1,0.22853049227810232,uncategorized,NEGATIVE,0.9994953870773315,-0.9994953870773315
"""You're charging me way too much""",1.0,srk0425,2025-09-30T22:15:02-07:00,25.0905.05,app_store_reviews_complete.csv,en,0.2,True,llm,350,youre charging me way too much,-1,0.2407357193704358,uncategorized,NEGATIVE,0.9988548755645752,-0.9988548755645752
u r taking as well much accusation,1.0,srk0425,2025-09-30T22:15:02-07:00,25.0905.05,app_store_reviews_complete.csv,en,0.2,True,synonym,350,u r taking as well much accusation,-1,0.2136915564596036,uncategorized,NEGATIVE,0.9843644499778748,-0.9843644499778748
very secure and safe app,5.0,Phone Pay App,2025-09-30T19:19:18-07:00,25.0905.05,app_store_reviews_complete.csv,en,0.525,True,synonym,351,very secure and safe app,1,1.0,other_issues,POSITIVE,0.9997197985649109,0.9997197985649109
highly sophisticated and secure ap,5.0,Phone Pay App,2025-09-30T19:19:18-07:00,25.0905.05,app_store_reviews_complete.csv,en,0.525,True,contextual,351,highly sophisticated and secure ap,1,1.0,other_issues,POSITIVE,0.999832272529602,0.999832272529602
Love this app! very safe and secure app Best ap ever.,5.0,Phone Pay App,2025-09-30T19:19:18-07:00,25.0905.05,app_store_reviews_complete.csv,en,0.525,True,template,351,love this app very safe and secure app best ap ever,1,1.0,other_issues,POSITIVE,0.9998583793640137,0.9998583793640137
"It's a really secure and safe app, love it.",5.0,Phone Pay App,2025-09-30T19:19:18-07:00,25.0905.05,app_store_reviews_complete.csv,en,0.525,True,llm,351,its a really secure and safe app love it,1,1.0,other_issues,POSITIVE,0.9998743534088135,0.9998743534088135
rattling safe and secure app,5.0,Phone Pay App,2025-09-30T19:19:18-07:00,25.0905.05,app_store_reviews_complete.csv,en,0.525,True,synonym,351,rattling safe and secure app,-1,0.2798407604363802,uncategorized,POSITIVE,0.9807066917419434,0.9807066917419434
it ' s gravid,5.0,Vanshiiiiiiiiiiiiii,2025-10-16T10:02:57-07:00,25.0919.07,app_store_reviews_complete.csv,en,0.8,True,synonym,227,it s gravid,-1,0.051556556452755024,uncategorized,POSITIVE,0.976535975933075,0.976535975933075
thou ' tis great,5.0,Vanshiiiiiiiiiiiiii,2025-10-16T10:02:57-07:00,25.0919.07,app_store_reviews_complete.csv,en,0.8,True,contextual,227,thou tis great,0,0.6529659066317582,other_issues,POSITIVE,0.9998834133148193,0.9998834133148193
Highly recommend. it's great Worth trying.,5.0,Vanshiiiiiiiiiiiiii,2025-10-16T10:02:57-07:00,25.0919.07,app_store_reviews_complete.csv,en,0.8,True,template,227,highly recommend its great worth trying,0,0.20088979121830863,other_issues,POSITIVE,0.9998797178268433,0.9998797178268433
"""It's awesome!""",5.0,Vanshiiiiiiiiiiiiii,2025-10-16T10:02:57-07:00,25.0919.07,app_store_reviews_complete.csv,en,0.8,True,llm,227,its awesome,0,1.0,other_issues,POSITIVE,0.9998676776885986,0.9998676776885986
information technology ' s outstanding,5.0,Vanshiiiiiiiiiiiiii,2025-10-16T10:02:57-07:00,25.0919.07,app_store_reviews_complete.csv,en,0.8,True,synonym,227,information technology s outstanding,-1,0.268396972730993,uncategorized,POSITIVE,0.9998626708984375,0.9998626708984375
amerind app,5.0,@(e54,2025-10-16T09:57:31-07:00,25.0919.07,app_store_reviews_complete.csv,it,0.0,True,synonym,228,amerind app,1,0.5440487813364113,other_issues,POSITIVE,0.9328118562698364,0.9328118562698364
indian express,5.0,@(e54,2025-10-16T09:57:31-07:00,25.0919.07,app_store_reviews_complete.csv,it,0.0,True,contextual,228,indian express,4,0.2850261064190504,other_issues,POSITIVE,0.9975970387458801,0.9975970387458801
Highly recommend. indian app Worth trying.,5.0,@(e54,2025-10-16T09:57:31-07:00,25.0919.07,app_store_reviews_complete.csv,it,0.0,True,template,228,highly recommend indian app worth trying,-1,0.2248399583788118,uncategorized,POSITIVE,0.9997950196266174,0.9997950196266174
"""app from India""",5.0,@(e54,2025-10-16T09:57:31-07:00,25.0919.07,app_store_reviews_complete.csv,it,0.0,True,llm,228,app from india,-1,0.24305627941133778,uncategorized,POSITIVE,0.7494134902954102,0.7494134902954102
indian app,5.0,@(e54,2025-10-16T09:57:31-07:00,25.0919.07,app_store_reviews_complete.csv,it,0.0,True,synonym,228,indian app,-1,0.2422801718385303,uncategorized,POSITIVE,0.9896514415740967,0.9896514415740967
real good service,5.0,Pappu Choubey,2025-10-16T05:47:59-07:00,25.0919.07,app_store_reviews_complete.csv,en,0.91,True,synonym,229,real good service,0,0.787315066729994,other_issues,POSITIVE,0.9998683929443359,0.9998683929443359
some good service,5.0,Pappu Choubey,2025-10-16T05:47:59-07:00,25.0919.07,app_store_reviews_complete.csv,en,0.91,True,contextual,229,some good service,0,0.6989882525537302,other_issues,POSITIVE,0.9998507499694824,0.9998507499694824
Highly recommend. awesome service Best app ever.,5.0,Pappu Choubey,2025-10-16T05:47:59-07:00,25.0919.07,app_store_reviews_complete.csv,en,0.91,True,template,229,highly recommend awesome service best app ever,1,1.0,other_issues,POSITIVE,0.9998088479042053,0.9998088479042053
"""really happy with the service""",5.0,Pappu Choubey,2025-10-16T05:47:59-07:00,25.0919.07,app_store_reviews_complete.csv,en,0.91,True,llm,229,really happy with the service,0,1.0,other_issues,POSITIVE,0.9998798370361328,0.9998798370361328
really good service,5.0,Pappu Choubey,2025-10-16T05:47:59-07:00,25.0919.07,app_store_reviews_complete.csv,en,0.91,True,synonym,229,really good service,0,1.0,other_issues,POSITIVE,0.999864935874939,0.999864935874939
never ever stay my money,5.0,ronystar13,2025-10-16T03:31:05-07:00,25.0919.07,app_store_reviews_complete.csv,no,0.0,True,synonym,230,never ever stay my money,-1,0.4624108600526358,uncategorized,NEGATIVE,0.999409556388855,-0.999409556388855
never just stuck my finger,5.0,ronystar13,2025-10-16T03:31:05-07:00,25.0919.07,app_store_reviews_complete.csv,no,0.0,True,contextual,230,never just stuck my finger,-1,0.46002457741426755,uncategorized,POSITIVE,0.9511862993240356,0.9511862993240356
Love this app! never ever stuck my money Five stars!,5.0,ronystar13,2025-10-16T03:31:05-07:00,25.0919.07,app_store_reviews_complete.csv,no,0.0,True,template,230,love this app never ever stuck my money five stars,1,1.0,other_issues,POSITIVE,0.9997351765632629,0.9997351765632629
I've never had any issues with my money being stuck.,5.0,ronystar13,2025-10-16T03:31:05-07:00,25.0919.07,app_store_reviews_complete.csv,no,0.0,True,llm,230,ive never had any issues with my money being stuck,-1,0.4742694617913564,uncategorized,POSITIVE,0.970467209815979,0.970467209815979
never ever amaze my money,5.0,ronystar13,2025-10-16T03:31:05-07:00,25.0919.07,app_store_reviews_complete.csv,no,0.0,True,synonym,230,never ever amaze my money,-1,0.4793613887130689,uncategorized,NEGATIVE,0.9912644624710083,-0.9912644624710083
best shopping app,5.0,As aman,2025-10-15T21:00:52-07:00,25.0919.07,app_store_reviews_complete.csv,en,1.0,True,synonym,233,best shopping app,-1,0.35278687613078136,uncategorized,POSITIVE,0.9997983574867249,0.9997983574867249
best shopping center,5.0,As aman,2025-10-15T21:00:52-07:00,25.0919.07,app_store_reviews_complete.csv,en,1.0,True,contextual,233,best shopping center,-1,0.2618045609521311,uncategorized,POSITIVE,0.9998457431793213,0.9998457431793213
Love this app! best shopping app Five stars!,5.0,As aman,2025-10-15T21:00:52-07:00,25.0919.07,app_store_reviews_complete.csv,en,1.0,True,template,233,love this app best shopping app five stars,1,1.0,other_issues,POSITIVE,0.9998425245285034,0.9998425245285034
"""top-notch app for shopping""",5.0,As aman,2025-10-15T21:00:52-07:00,25.0919.07,app_store_reviews_complete.csv,en,1.0,True,llm,233,topnotch app for shopping,-1,0.2915095932361088,uncategorized,POSITIVE,0.9994271993637085,0.9994271993637085
best shopping app,5.0,As aman,2025-10-15T21:00:52-07:00,25.0919.07,app_store_reviews_complete.csv,en,1.0,True,synonym,233,best shopping app,-1,0.3489024974971914,uncategorized,POSITIVE,0.9997983574867249,0.9997983574867249
good and very honest,5.0,Fantastic and pure reliable,2025-10-15T20:31:33-07:00,25.0919.07,app_store_reviews_complete.csv,en,0.4499999999999999,True,synonym,234,good and very honest,0,0.4589651196242732,other_issues,POSITIVE,0.9998641014099121,0.9998641014099121
cable news very reliable,5.0,Fantastic and pure reliable,2025-10-15T20:31:33-07:00,25.0919.07,app_store_reviews_complete.csv,en,0.4499999999999999,True,contextual,234,cable news very reliable,0,0.26334344839193696,other_issues,POSITIVE,0.9997332692146301,0.9997332692146301
Great experience. good and very reliable Keep it up!,5.0,Fantastic and pure reliable,2025-10-15T20:31:33-07:00,25.0919.07,app_store_reviews_complete.csv,en,0.4499999999999999,True,template,234,great experience good and very reliable keep it up,0,1.0,other_issues,POSITIVE,0.9998757839202881,0.9998757839202881
"""great and super dependable""",5.0,Fantastic and pure reliable,2025-10-15T20:31:33-07:00,25.0919.07,app_store_reviews_complete.csv,en,0.4499999999999999,True,llm,234,great and super dependable,0,0.389721575074152,other_issues,POSITIVE,0.9998855590820312,0.9998855590820312
skilful and very reliable,5.0,Fantastic and pure reliable,2025-10-15T20:31:33-07:00,25.0919.07,app_store_reviews_complete.csv,en,0.4499999999999999,True,synonym,234,skilful and very reliable,-1,0.2874425292892543,uncategorized,POSITIVE,0.9998748302459717,0.9998748302459717
secure,5.0,Pankaj kumar good balu,2025-10-15T19:01:41-07:00,25.0919.07,app_store_reviews_complete.csv,so,0.7,True,synonym,235,secure,-1,0.187328187682387,uncategorized,POSITIVE,0.999834418296814,0.999834418296814
49,5.0,Pankaj kumar good balu,2025-10-15T19:01:41-07:00,25.0919.07,app_store_reviews_complete.csv,so,0.7,True,contextual,235,,0,0.4365577750697448,other_issues,POSITIVE,0.9531107544898987,0.9531107544898987
Amazing! good Five stars!,5.0,Pankaj kumar good balu,2025-10-15T19:01:41-07:00,25.0919.07,app_store_reviews_complete.csv,so,0.7,True,template,235,amazing good five stars,3,1.0,other_issues,POSITIVE,0.9998784065246582,0.9998784065246582
It's great!,5.0,Pankaj kumar good balu,2025-10-15T19:01:41-07:00,25.0919.07,app_store_reviews_complete.csv,so,0.7,True,llm,235,its great,0,1.0,other_issues,POSITIVE,0.9998668432235718,0.9998668432235718
unspoiled,5.0,Pankaj kumar good balu,2025-10-15T19:01:41-07:00,25.0919.07,app_store_reviews_complete.csv,so,0.7,True,synonym,235,unspoiled,0,0.4887648656038062,other_issues,NEGATIVE,0.9521365761756897,-0.9521365761756897
best upi app good and easy to used interface,5.0,nanhansjjjs,2025-10-15T10:19:40-07:00,25.0919.07,app_store_reviews_complete.csv,en,0.7111111111111111,True,synonym,237,best upi app good and easy to used interface,1,1.0,other_issues,POSITIVE,0.9990490078926086,0.9990490078926086
best upi web store and easy media used interface,5.0,nanhansjjjs,2025-10-15T10:19:40-07:00,25.0919.07,app_store_reviews_complete.csv,en,0.7111111111111111,True,contextual,237,best upi web store and easy media used interface,1,1.0,other_issues,POSITIVE,0.9891991019248962,0.9891991019248962
Love this app! best upi app good and easy to used interface Five stars!,5.0,nanhansjjjs,2025-10-15T10:19:40-07:00,25.0919.07,app_store_reviews_complete.csv,en,0.7111111111111111,True,template,237,love this app best upi app good and easy to used interface five stars,1,0.7700052329158212,other_issues,POSITIVE,0.9998076558113098,0.9998076558113098
"""Great UPI app with a user-friendly interface that's easy to use.""",5.0,nanhansjjjs,2025-10-15T10:19:40-07:00,25.0919.07,app_store_reviews_complete.csv,en,0.7111111111111111,True,llm,237,great upi app with a userfriendly interface thats easy to use,1,1.0,other_issues,POSITIVE,0.9997177720069885,0.9997177720069885
good upi ap good nd easy to exploited interface,5.0,nanhansjjjs,2025-10-15T10:19:40-07:00,25.0919.07,app_store_reviews_complete.csv,en,0.7111111111111111,True,synonym,237,good upi ap good nd easy to exploited interface,1,0.6514390141617794,other_issues,POSITIVE,0.9978128671646118,0.9978128671646118
best app for requital,5.0,SAHIL MastNath,2025-10-15T08:45:46-07:00,25.0919.07,app_store_reviews_complete.csv,no,1.0,True,synonym,238,best app for requital,1,1.0,other_issues,POSITIVE,0.9988503456115723,0.9988503456115723
best app plus phones,5.0,SAHIL MastNath,2025-10-15T08:45:46-07:00,25.0919.07,app_store_reviews_complete.csv,no,1.0,True,contextual,238,best app plus phones,1,1.0,other_issues,POSITIVE,0.9996660947799683,0.9996660947799683
Highly recommend. best app for payment Worth trying.,5.0,SAHIL MastNath,2025-10-15T08:45:46-07:00,25.0919.07,app_store_reviews_complete.csv,no,1.0,True,template,238,highly recommend best app for payment worth trying,2,1.0,payment_issues,POSITIVE,0.9997300505638123,0.9997300505638123
"""top-notch payment app""",5.0,SAHIL MastNath,2025-10-15T08:45:46-07:00,25.0919.07,app_store_reviews_complete.csv,no,1.0,True,llm,238,topnotch payment app,-1,0.22113604875483717,uncategorized,POSITIVE,0.9992545247077942,0.9992545247077942
best app for defrayment,5.0,SAHIL MastNath,2025-10-15T08:45:46-07:00,25.0919.07,app_store_reviews_complete.csv,no,1.0,True,synonym,238,best app for defrayment,1,0.8503674232458008,other_issues,POSITIVE,0.9969149827957153,0.9969149827957153
in force,5.0,Vishhahah,2025-10-14T23:30:28-07:00,25.0919.07,app_store_reviews_complete.csv,so,0.7,True,synonym,240,in force,-1,0.0522315492566878,uncategorized,POSITIVE,0.9995404481887817,0.9995404481887817
54,5.0,Vishhahah,2025-10-14T23:30:28-07:00,25.0919.07,app_store_reviews_complete.csv,so,0.7,True,contextual,240,,0,0.6082590099674554,other_issues,POSITIVE,0.8629895448684692,0.8629895448684692
Love this app! good Keep it up!,5.0,Vishhahah,2025-10-14T23:30:28-07:00,25.0919.07,app_store_reviews_complete.csv,so,0.7,True,template,240,love this app good keep it up,1,1.0,other_issues,POSITIVE,0.9998621940612793,0.9998621940612793
It's pretty decent,5.0,Vishhahah,2025-10-14T23:30:28-07:00,25.0919.07,app_store_reviews_complete.csv,so,0.7,True,llm,240,its pretty decent,-1,0.4102694739429743,uncategorized,POSITIVE,0.9998630285263062,0.9998630285263062
expert,5.0,Vishhahah,2025-10-14T23:30:28-07:00,25.0919.07,app_store_reviews_complete.csv,so,0.7,True,synonym,240,expert,0,1.0,other_issues,POSITIVE,0.9994390606880188,0.9994390606880188
overnice,5.0,Vkb bas,2025-10-18T09:14:56-07:00,25.1003.00,app_store_reviews_complete.csv,pl,0.6,True,synonym,210,overnice,-1,0.09916817419255719,uncategorized,NEGATIVE,0.9994500279426575,-0.9994500279426575
pdf,5.0,Vkb bas,2025-10-18T09:14:56-07:00,25.1003.00,app_store_reviews_complete.csv,pl,0.6,True,contextual,210,pdf,-1,0.035147597669098946,uncategorized,POSITIVE,0.7824366092681885,0.7824366092681885
Great experience. nice Five stars!,5.0,Vkb bas,2025-10-18T09:14:56-07:00,25.1003.00,app_store_reviews_complete.csv,pl,0.6,True,template,210,great experience nice five stars,3,0.7501447603374738,other_issues,POSITIVE,0.9998828172683716,0.9998828172683716
That's awesome!,5.0,Vkb bas,2025-10-18T09:14:56-07:00,25.1003.00,app_store_reviews_complete.csv,pl,0.6,True,llm,210,thats awesome,-1,0.09405518106981532,uncategorized,POSITIVE,0.9998676776885986,0.9998676776885986
dainty,5.0,Vkb bas,2025-10-18T09:14:56-07:00,25.1003.00,app_store_reviews_complete.csv,pl,0.6,True,synonym,210,dainty,0,0.409995866040005,other_issues,POSITIVE,0.9995673298835754,0.9995673298835754
salutary,5.0,Ujhfgghhj,2025-10-18T07:56:52-07:00,25.1003.00,app_store_reviews_complete.csv,so,0.7,True,synonym,211,salutary,-1,0.2890585606266381,uncategorized,POSITIVE,0.9535719752311707,0.9535719752311707
•,5.0,Ujhfgghhj,2025-10-18T07:56:52-07:00,25.1003.00,app_store_reviews_complete.csv,so,0.7,True,contextual,211,,0,0.6269759379980452,other_issues,POSITIVE,0.9939897060394287,0.9939897060394287
Highly recommend. good Worth trying.,5.0,Ujhfgghhj,2025-10-18T07:56:52-07:00,25.1003.00,app_store_reviews_complete.csv,so,0.7,True,template,211,highly recommend good worth trying,0,0.19180885889917404,other_issues,POSITIVE,0.9998713731765747,0.9998713731765747
good,5.0,Ujhfgghhj,2025-10-18T07:56:52-07:00,25.1003.00,app_store_reviews_complete.csv,so,0.7,True,llm,211,good,0,0.9235494586668009,other_issues,POSITIVE,0.9998161196708679,0.9998161196708679
upright,5.0,Ujhfgghhj,2025-10-18T07:56:52-07:00,25.1003.00,app_store_reviews_complete.csv,so,0.7,True,synonym,211,upright,-1,0.37639282332924506,uncategorized,POSITIVE,0.999636173248291,0.999636173248291
maja associate in arts raha hai elementary easy and fast,5.0,Zaki @50,2025-10-18T06:12:37-07:00,25.1003.00,app_store_reviews_complete.csv,et,0.2111111111111111,True,synonym,212,maja associate in arts raha hai elementary easy and fast,4,1.0,other_issues,POSITIVE,0.9675521850585938,0.9675521850585938
punjab aa raha hai hum songs and fast,5.0,Zaki @50,2025-10-18T06:12:37-07:00,25.1003.00,app_store_reviews_complete.csv,et,0.2111111111111111,True,contextual,212,punjab aa raha hai hum songs and fast,4,1.0,other_issues,POSITIVE,0.9981951117515564,0.9981951117515564
Great experience. maja aa raha hai simple easy and fast Worth trying.,5.0,Zaki @50,2025-10-18T06:12:37-07:00,25.1003.00,app_store_reviews_complete.csv,et,0.2111111111111111,True,template,212,great experience maja aa raha hai simple easy and fast worth trying,4,1.0,other_issues,POSITIVE,0.9997285008430481,0.9997285008430481
"I am really impressed with how convenient, easy, and quick the process is.",5.0,Zaki @50,2025-10-18T06:12:37-07:00,25.1003.00,app_store_reviews_complete.csv,et,0.2111111111111111,True,llm,212,i am really impressed with how convenient easy and quick the process is,0,1.0,other_issues,POSITIVE,0.9997674822807312,0.9997674822807312
genus maja associate in arts raha hai simple easy and fast,5.0,Zaki @50,2025-10-18T06:12:37-07:00,25.1003.00,app_store_reviews_complete.csv,et,0.2111111111111111,True,synonym,212,genus maja associate in arts raha hai simple easy and fast,4,0.8406962362941529,other_issues,POSITIVE,0.996024489402771,0.996024489402771
superintendent,5.0,Barad Harshad,2025-10-18T04:16:56-07:00,25.1003.00,app_store_reviews_complete.csv,ro,0.3333333333333333,True,synonym,213,superintendent,-1,0.0008339360665837756,uncategorized,POSITIVE,0.9755302667617798,0.9755302667617798
[UNK],5.0,Barad Harshad,2025-10-18T04:16:56-07:00,25.1003.00,app_store_reviews_complete.csv,ro,0.3333333333333333,True,contextual,213,unk,0,0.24985482528161693,other_issues,NEGATIVE,0.6970565915107727,-0.6970565915107727
Amazing! super Keep it up!,5.0,Barad Harshad,2025-10-18T04:16:56-07:00,25.1003.00,app_store_reviews_complete.csv,ro,0.3333333333333333,True,template,213,amazing super keep it up,0,1.0,other_issues,POSITIVE,0.9998836517333984,0.9998836517333984
super,5.0,Barad Harshad,2025-10-18T04:16:56-07:00,25.1003.00,app_store_reviews_complete.csv,ro,0.3333333333333333,True,llm,213,super,0,1.0,other_issues,POSITIVE,0.998783528804779,0.998783528804779
superintendent,5.0,Barad Harshad,2025-10-18T04:16:56-07:00,25.1003.00,app_store_reviews_complete.csv,ro,0.3333333333333333,True,synonym,213,superintendent,-1,0.0008340612871627347,uncategorized,POSITIVE,0.9755302667617798,0.9755302667617798
good lot,5.0,Bavnjibhia bariy,2025-10-18T02:12:28-07:00,25.1003.00,app_store_reviews_complete.csv,so,0.7,True,synonym,215,good lot,0,1.0,other_issues,POSITIVE,0.999848484992981,0.999848484992981
good days,5.0,Bavnjibhia bariy,2025-10-18T02:12:28-07:00,25.1003.00,app_store_reviews_complete.csv,so,0.7,True,contextual,215,good days,0,0.12115199621887479,other_issues,POSITIVE,0.9998613595962524,0.9998613595962524
Amazing! good luck Worth trying.,5.0,Bavnjibhia bariy,2025-10-18T02:12:28-07:00,25.1003.00,app_store_reviews_complete.csv,so,0.7,True,template,215,amazing good luck worth trying,0,1.0,other_issues,POSITIVE,0.9998738765716553,0.9998738765716553
Best of luck!,5.0,Bavnjibhia bariy,2025-10-18T02:12:28-07:00,25.1003.00,app_store_reviews_complete.csv,so,0.7,True,llm,215,best of luck,-1,0.4030995068242364,uncategorized,POSITIVE,0.999769389629364,0.999769389629364
full luck,5.0,Bavnjibhia bariy,2025-10-18T02:12:28-07:00,25.1003.00,app_store_reviews_complete.csv,so,0.7,True,synonym,215,full luck,-1,0.4006005682138304,uncategorized,POSITIVE,0.9998152852058411,0.9998152852058411
ripe,5.0,vaghela kiran,2025-10-17T22:05:21-07:00,25.1003.00,app_store_reviews_complete.csv,so,0.7,True,synonym,216,ripe,-1,0.27376355118542456,uncategorized,POSITIVE,0.99967360496521,0.99967360496521
source,5.0,vaghela kiran,2025-10-17T22:05:21-07:00,25.1003.00,app_store_reviews_complete.csv,so,0.7,True,contextual,216,source,-1,0.3509143235819477,uncategorized,POSITIVE,0.9791953563690186,0.9791953563690186
Love this app! good Five stars!,5.0,vaghela kiran,2025-10-17T22:05:21-07:00,25.1003.00,app_store_reviews_complete.csv,so,0.7,True,template,216,love this app good five stars,1,1.0,other_issues,POSITIVE,0.9998754262924194,0.9998754262924194
good,5.0,vaghela kiran,2025-10-17T22:05:21-07:00,25.1003.00,app_store_reviews_complete.csv,so,0.7,True,llm,216,good,0,0.3251091559483799,other_issues,POSITIVE,0.9998161196708679,0.9998161196708679
adept,5.0,vaghela kiran,2025-10-17T22:05:21-07:00,25.1003.00,app_store_reviews_complete.csv,so,0.7,True,synonym,216,adept,0,1.0,other_issues,POSITIVE,0.9998519420623779,0.9998519420623779
in force,5.0,GP1750,2025-10-12T23:23:15-07:00,25.0919.06,app_store_reviews_complete.csv,so,0.7,True,synonym,253,in force,-1,0.05185489822095373,uncategorized,POSITIVE,0.9995404481887817,0.9995404481887817
53,5.0,GP1750,2025-10-12T23:23:15-07:00,25.0919.06,app_store_reviews_complete.csv,so,0.7,True,contextual,253,,0,0.3639003939298086,other_issues,POSITIVE,0.707493782043457,0.707493782043457
Love this app! good Five stars!,5.0,GP1750,2025-10-12T23:23:15-07:00,25.0919.06,app_store_reviews_complete.csv,so,0.7,True,template,253,love this app good five stars,1,1.0,other_issues,POSITIVE,0.9998754262924194,0.9998754262924194
That's great!,5.0,GP1750,2025-10-12T23:23:15-07:00,25.0919.06,app_store_reviews_complete.csv,so,0.7,True,llm,253,thats great,0,0.8107507593349172,other_issues,POSITIVE,0.9998632669448853,0.9998632669448853
sound,5.0,GP1750,2025-10-12T23:23:15-07:00,25.0919.06,app_store_reviews_complete.csv,so,0.7,True,synonym,253,sound,-1,0.08277262500576671,uncategorized,POSITIVE,0.9995505213737488,0.9995505213737488
effective,5.0,gssony,2025-10-12T22:40:21-07:00,25.0919.06,app_store_reviews_complete.csv,so,0.7,True,synonym,254,effective,-1,0.47461803261995283,uncategorized,POSITIVE,0.9998250603675842,0.9998250603675842
§,5.0,gssony,2025-10-12T22:40:21-07:00,25.0919.06,app_store_reviews_complete.csv,so,0.7,True,contextual,254,,0,0.5831663729586793,other_issues,NEGATIVE,0.8862535357475281,-0.8862535357475281
Highly recommend. good Five stars!,5.0,gssony,2025-10-12T22:40:21-07:00,25.0919.06,app_store_reviews_complete.csv,so,0.7,True,template,254,highly recommend good five stars,3,0.16165184884008832,other_issues,POSITIVE,0.9998753070831299,0.9998753070831299
good,5.0,gssony,2025-10-12T22:40:21-07:00,25.0919.06,app_store_reviews_complete.csv,so,0.7,True,llm,254,good,0,0.390436035949062,other_issues,POSITIVE,0.9998161196708679,0.9998161196708679
upright,5.0,gssony,2025-10-12T22:40:21-07:00,25.0919.06,app_store_reviews_complete.csv,so,0.7,True,synonym,254,upright,-1,0.3782386598890281,uncategorized,POSITIVE,0.999636173248291,0.999636173248291
excellent,5.0,Naveen nannu,2025-10-12T19:53:33-07:00,25.0919.06,app_store_reviews_complete.csv,ca,1.0,True,synonym,256,excellent,0,0.801375193383484,other_issues,POSITIVE,0.9998434782028198,0.9998434782028198
。,5.0,Naveen nannu,2025-10-12T19:53:33-07:00,25.0919.06,app_store_reviews_complete.csv,ca,1.0,True,contextual,256,,0,0.4356931350764567,other_issues,NEGATIVE,0.7327064275741577,-0.7327064275741577
Great experience. excellent Worth trying.,5.0,Naveen nannu,2025-10-12T19:53:33-07:00,25.0919.06,app_store_reviews_complete.csv,ca,1.0,True,template,256,great experience excellent worth trying,0,1.0,other_issues,POSITIVE,0.9998792409896851,0.9998792409896851
excellent,5.0,Naveen nannu,2025-10-12T19:53:33-07:00,25.0919.06,app_store_reviews_complete.csv,ca,1.0,True,llm,256,excellent,0,0.6986529958409152,other_issues,POSITIVE,0.9998434782028198,0.9998434782028198
excellent,5.0,Naveen nannu,2025-10-12T19:53:33-07:00,25.0919.06,app_store_reviews_complete.csv,ca,1.0,True,synonym,256,excellent,0,1.0,other_issues,POSITIVE,0.9998434782028198,0.9998434782028198
very upright,5.0,Ankushrao,2025-10-04T07:35:37-07:00,25.0905.05,app_store_reviews_complete.csv,af,0.91,True,synonym,322,very upright,-1,0.37896515105886336,uncategorized,POSITIVE,0.9997873902320862,0.9997873902320862
equally good,5.0,Ankushrao,2025-10-04T07:35:37-07:00,25.0905.05,app_store_reviews_complete.csv,af,0.91,True,contextual,322,equally good,0,0.47713205063846836,other_issues,POSITIVE,0.9998517036437988,0.9998517036437988
Great experience. very good Five stars!,5.0,Ankushrao,2025-10-04T07:35:37-07:00,25.0905.05,app_store_reviews_complete.csv,af,0.91,True,template,322,great experience very good five stars,3,1.0,other_issues,POSITIVE,0.9998785257339478,0.9998785257339478
"""pretty great""",5.0,Ankushrao,2025-10-04T07:35:37-07:00,25.0905.05,app_store_reviews_complete.csv,af,0.91,True,llm,322,pretty great,0,0.1451615843662304,other_issues,POSITIVE,0.9998650550842285,0.9998650550842285
very serious,5.0,Ankushrao,2025-10-04T07:35:37-07:00,25.0905.05,app_store_reviews_complete.csv,af,0.91,True,synonym,322,very serious,-1,0.4040822431711749,uncategorized,POSITIVE,0.9997215867042542,0.9997215867042542
skilful,5.0,Sahil1171,2025-10-04T06:37:10-07:00,25.0905.05,app_store_reviews_complete.csv,so,0.7,True,synonym,324,skilful,-1,0.35513797341799874,uncategorized,POSITIVE,0.9997610449790955,0.9997610449790955
♦,5.0,Sahil1171,2025-10-04T06:37:10-07:00,25.0905.05,app_store_reviews_complete.csv,so,0.7,True,contextual,324,,0,0.753829029923397,other_issues,POSITIVE,0.9919419288635254,0.9919419288635254
Great experience. good Best app ever.,5.0,Sahil1171,2025-10-04T06:37:10-07:00,25.0905.05,app_store_reviews_complete.csv,so,0.7,True,template,324,great experience good best app ever,1,1.0,other_issues,POSITIVE,0.9998601675033569,0.9998601675033569
good,5.0,Sahil1171,2025-10-04T06:37:10-07:00,25.0905.05,app_store_reviews_complete.csv,so,0.7,True,llm,324,good,0,0.5720519280005609,other_issues,POSITIVE,0.9998161196708679,0.9998161196708679
estimable,5.0,Sahil1171,2025-10-04T06:37:10-07:00,25.0905.05,app_store_reviews_complete.csv,so,0.7,True,synonym,324,estimable,-1,0.06761232982534252,uncategorized,POSITIVE,0.9784547686576843,0.9784547686576843
good atomic number 53 cost happy,5.0,Aniket gotad,2025-11-10T02:29:26-07:00,25.1017.05,app_store_reviews_complete.csv,cy,0.75,True,synonym,25,good atomic number cost happy,4,0.23071667195239984,other_issues,POSITIVE,0.9992915391921997,0.9992915391921997
if i am gone,5.0,Aniket gotad,2025-11-10T02:29:26-07:00,25.1017.05,app_store_reviews_complete.csv,cy,0.75,True,contextual,25,if i am gone,-1,0.3740736551590116,uncategorized,NEGATIVE,0.9909721612930298,-0.9909721612930298
Great experience. good i am happy Worth trying.,5.0,Aniket gotad,2025-11-10T02:29:26-07:00,25.1017.05,app_store_reviews_complete.csv,cy,0.75,True,template,25,great experience good i am happy worth trying,0,0.870348930850796,other_issues,POSITIVE,0.9998830556869507,0.9998830556869507
"I'm pleased with it, feeling good.",5.0,Aniket gotad,2025-11-10T02:29:26-07:00,25.1017.05,app_store_reviews_complete.csv,cy,0.75,True,llm,25,im pleased with it feeling good,-1,0.33198020774219944,uncategorized,POSITIVE,0.9998688697814941,0.9998688697814941
dear atomic number 53 am happy,5.0,Aniket gotad,2025-11-10T02:29:26-07:00,25.1017.05,app_store_reviews_complete.csv,cy,0.75,True,synonym,25,dear atomic number am happy,4,0.22966792805674566,other_issues,POSITIVE,0.9997592568397522,0.9997592568397522
very very tight,5.0,ankit.timbadia,2025-10-04T01:07:24-07:00,25.0905.05,app_store_reviews_complete.csv,en,0.26,True,synonym,326,very very tight,-1,0.2535854806904376,uncategorized,POSITIVE,0.9997672438621521,0.9997672438621521
very light fast,5.0,ankit.timbadia,2025-10-04T01:07:24-07:00,25.0905.05,app_store_reviews_complete.csv,en,0.26,True,contextual,326,very light fast,0,0.7700624036445931,other_issues,POSITIVE,0.999772846698761,0.999772846698761
Great experience. very very fast Best app ever.,5.0,ankit.timbadia,2025-10-04T01:07:24-07:00,25.0905.05,app_store_reviews_complete.csv,en,0.26,True,template,326,great experience very very fast best app ever,1,1.0,other_issues,POSITIVE,0.9998327493667603,0.9998327493667603
really quick,5.0,ankit.timbadia,2025-10-04T01:07:24-07:00,25.0905.05,app_store_reviews_complete.csv,en,0.26,True,llm,326,really quick,0,1.0,other_issues,POSITIVE,0.9993657469749451,0.9993657469749451
very rattling fast,5.0,ankit.timbadia,2025-10-04T01:07:24-07:00,25.0905.05,app_store_reviews_complete.csv,en,0.26,True,synonym,326,very rattling fast,-1,0.21904451476890932,uncategorized,NEGATIVE,0.9076097011566162,-0.9076097011566162
remove sum up,5.0,dr.rahul0987,2025-10-03T20:33:55-07:00,25.0905.05,app_store_reviews_complete.csv,sl,0.0,True,synonym,328,remove sum up,2,0.24469068192520646,payment_issues,NEGATIVE,0.9992258548736572,-0.9992258548736572
remove relation,5.0,dr.rahul0987,2025-10-03T20:33:55-07:00,25.0905.05,app_store_reviews_complete.csv,sl,0.0,True,contextual,328,remove relation,2,0.2665492474378933,payment_issues,NEGATIVE,0.9978994131088257,-0.9978994131088257
Highly recommend. remove adds Keep it up!,5.0,dr.rahul0987,2025-10-03T20:33:55-07:00,25.0905.05,app_store_reviews_complete.csv,sl,0.0,True,template,328,highly recommend remove adds keep it up,2,0.15427063804632618,payment_issues,POSITIVE,0.9997959733009338,0.9997959733009338
"""get rid of these annoying ads""",5.0,dr.rahul0987,2025-10-03T20:33:55-07:00,25.0905.05,app_store_reviews_complete.csv,sl,0.0,True,llm,328,get rid of these annoying ads,-1,0.20818566227037122,uncategorized,NEGATIVE,0.9984779953956604,-0.9984779953956604
remove tote up,5.0,dr.rahul0987,2025-10-03T20:33:55-07:00,25.0905.05,app_store_reviews_complete.csv,sl,0.0,True,synonym,328,remove tote up,2,0.19272240976946392,payment_issues,NEGATIVE,0.997007429599762,-0.997007429599762
this is a attractively plan app,5.0,Tonhi11,2025-10-03T09:36:32-07:00,25.0905.05,app_store_reviews_complete.csv,en,0.85,True,synonym,330,this is a attractively plan app,1,0.5911958019463303,other_issues,POSITIVE,0.9997788071632385,0.9997788071632385
this was your beautifully designed app,5.0,Tonhi11,2025-10-03T09:36:32-07:00,25.0905.05,app_store_reviews_complete.csv,en,0.85,True,contextual,330,this was your beautifully designed app,1,0.5976070128562238,other_issues,POSITIVE,0.999804675579071,0.999804675579071
Great experience. this is a beautifully designed app Five stars!,5.0,Tonhi11,2025-10-03T09:36:32-07:00,25.0905.05,app_store_reviews_complete.csv,en,0.85,True,template,330,great experience this is a beautifully designed app five stars,1,0.7099252652043365,other_issues,POSITIVE,0.999859094619751,0.999859094619751
"""I love how well-designed this app is""",5.0,Tonhi11,2025-10-03T09:36:32-07:00,25.0905.05,app_store_reviews_complete.csv,en,0.85,True,llm,330,i love how welldesigned this app is,1,0.5612442389668145,other_issues,POSITIVE,0.999737560749054,0.999737560749054
this personify a beautifully designed app,5.0,Tonhi11,2025-10-03T09:36:32-07:00,25.0905.05,app_store_reviews_complete.csv,en,0.85,True,synonym,330,this personify a beautifully designed app,1,0.6241681568435425,other_issues,POSITIVE,0.9998363256454468,0.9998363256454468
assuredness,5.0,DarrenFern,2025-11-10T03:23:06-07:00,25.1017.05,app_store_reviews_complete.csv,en,0.35,True,synonym,24,assuredness,-1,0.1613955347794387,uncategorized,POSITIVE,0.9998455047607422,0.9998455047607422
notes,5.0,DarrenFern,2025-11-10T03:23:06-07:00,25.1017.05,app_store_reviews_complete.csv,en,0.35,True,contextual,24,notes,-1,0.08224133656170687,uncategorized,POSITIVE,0.991154134273529,0.991154134273529
Great experience. cool Five stars!,5.0,DarrenFern,2025-11-10T03:23:06-07:00,25.1017.05,app_store_reviews_complete.csv,en,0.35,True,template,24,great experience cool five stars,3,0.6452069979438811,other_issues,POSITIVE,0.9998852014541626,0.9998852014541626
Pretty neat!,5.0,DarrenFern,2025-11-10T03:23:06-07:00,25.1017.05,app_store_reviews_complete.csv,en,0.35,True,llm,24,pretty neat,-1,0.13477040347169741,uncategorized,POSITIVE,0.9998277425765991,0.9998277425765991
sang froid,5.0,DarrenFern,2025-11-10T03:23:06-07:00,25.1017.05,app_store_reviews_complete.csv,en,0.35,True,synonym,24,sang froid,-1,0.2631278822181531,uncategorized,NEGATIVE,0.9555938243865967,-0.9555938243865967
really good,5.0,dpshori,2025-10-02T21:37:05-07:00,25.0905.05,app_store_reviews_complete.csv,af,0.91,True,synonym,332,really good,0,1.0,other_issues,POSITIVE,0.9998512268066406,0.9998512268066406
very large,5.0,dpshori,2025-10-02T21:37:05-07:00,25.0905.05,app_store_reviews_complete.csv,af,0.91,True,contextual,332,very large,0,0.4840102766970907,other_issues,POSITIVE,0.9996340274810791,0.9996340274810791
Amazing! awesome Worth trying.,5.0,dpshori,2025-10-02T21:37:05-07:00,25.0905.05,app_store_reviews_complete.csv,af,0.91,True,template,332,amazing awesome worth trying,0,1.0,other_issues,POSITIVE,0.9998842477798462,0.9998842477798462
"""pretty impressive""",5.0,dpshori,2025-10-02T21:37:05-07:00,25.0905.05,app_store_reviews_complete.csv,af,0.91,True,llm,332,pretty impressive,-1,0.12331885292253524,uncategorized,POSITIVE,0.9998706579208374,0.9998706579208374
real good,5.0,dpshori,2025-10-02T21:37:05-07:00,25.0905.05,app_store_reviews_complete.csv,af,0.91,True,synonym,332,real good,0,0.4608840680244336,other_issues,POSITIVE,0.9998493194580078,0.9998493194580078
well,5.0,Pedestal ku,2025-10-02T21:13:23-07:00,25.0905.05,app_store_reviews_complete.csv,so,0.7,True,synonym,333,well,0,0.5411058491989416,other_issues,POSITIVE,0.9995703101158142,0.9995703101158142
•,5.0,Pedestal ku,2025-10-02T21:13:23-07:00,25.0905.05,app_store_reviews_complete.csv,so,0.7,True,contextual,333,,0,1.0,other_issues,POSITIVE,0.9939897060394287,0.9939897060394287
Highly recommend. good Keep it up!,5.0,Pedestal ku,2025-10-02T21:13:23-07:00,25.0905.05,app_store_reviews_complete.csv,so,0.7,True,template,333,highly recommend good keep it up,0,1.0,other_issues,POSITIVE,0.999873161315918,0.999873161315918
good,5.0,Pedestal ku,2025-10-02T21:13:23-07:00,25.0905.05,app_store_reviews_complete.csv,so,0.7,True,llm,333,good,0,0.934335500165136,other_issues,POSITIVE,0.9998161196708679,0.9998161196708679
effective,5.0,Pedestal ku,2025-10-02T21:13:23-07:00,25.0905.05,app_store_reviews_complete.csv,so,0.7,True,synonym,333,effective,-1,0.4748287012217239,uncategorized,POSITIVE,0.9998250603675842,0.9998250603675842
rattling good,5.0,LokeshRaghav,2025-10-02T21:09:45-07:00,25.0905.05,app_store_reviews_complete.csv,af,0.91,True,synonym,334,rattling good,-1,0.22244715910383844,uncategorized,POSITIVE,0.999850869178772,0.999850869178772
very popular,5.0,LokeshRaghav,2025-10-02T21:09:45-07:00,25.0905.05,app_store_reviews_complete.csv,af,0.91,True,contextual,334,very popular,0,0.10838154200044171,other_issues,POSITIVE,0.9998631477355957,0.9998631477355957
Great experience. awesome Five stars!,5.0,LokeshRaghav,2025-10-02T21:09:45-07:00,25.0905.05,app_store_reviews_complete.csv,af,0.91,True,template,334,great experience awesome five stars,3,0.7860932903691463,other_issues,POSITIVE,0.9998835325241089,0.9998835325241089
It's really great,5.0,LokeshRaghav,2025-10-02T21:09:45-07:00,25.0905.05,app_store_reviews_complete.csv,af,0.91,True,llm,334,its really great,0,1.0,other_issues,POSITIVE,0.9998694658279419,0.9998694658279419
rattling good,5.0,LokeshRaghav,2025-10-02T21:09:45-07:00,25.0905.05,app_store_reviews_complete.csv,af,0.91,True,synonym,334,rattling good,-1,0.2174590015727424,uncategorized,POSITIVE,0.999850869178772,0.999850869178772
"no glitch, no fault, no worry",5.0,Chetan_Bandge,2025-10-02T20:51:39-07:00,25.0905.05,app_store_reviews_complete.csv,en,0.0,True,synonym,335,no glitch no fault no worry,-1,0.16842032060130452,uncategorized,POSITIVE,0.9760257005691528,0.9760257005691528
"no complaints, personal errors, all worries",5.0,Chetan_Bandge,2025-10-02T20:51:39-07:00,25.0905.05,app_store_reviews_complete.csv,en,0.0,True,contextual,335,no complaints personal errors all worries,-1,0.16067021031018297,uncategorized,NEGATIVE,0.974973201751709,-0.974973201751709
"Highly recommend. no glitches, no errors, no worries Worth trying.",5.0,Chetan_Bandge,2025-10-02T20:51:39-07:00,25.0905.05,app_store_reviews_complete.csv,en,0.0,True,template,335,highly recommend no glitches no errors no worries worth trying,-1,0.16026614448917154,uncategorized,POSITIVE,0.9994871616363525,0.9994871616363525
"No technical issues, no mistakes, smooth sailing",5.0,Chetan_Bandge,2025-10-02T20:51:39-07:00,25.0905.05,app_store_reviews_complete.csv,en,0.0,True,llm,335,no technical issues no mistakes smooth sailing,-1,0.15904138628630698,uncategorized,POSITIVE,0.9994899034500122,0.9994899034500122
"no glitch, no fault, no trouble",5.0,Chetan_Bandge,2025-10-02T20:51:39-07:00,25.0905.05,app_store_reviews_complete.csv,en,0.0,True,synonym,335,no glitch no fault no trouble,-1,0.16486662283718315,uncategorized,POSITIVE,0.9823917746543884,0.9823917746543884
bother free transfer,5.0,Varma Rajesh,2025-10-02T11:57:14-07:00,25.0905.05,app_store_reviews_complete.csv,no,0.4,True,synonym,336,bother free transfer,2,1.0,payment_issues,NEGATIVE,0.9867051243782043,-0.9867051243782043
automated bus transfer,5.0,Varma Rajesh,2025-10-02T11:57:14-07:00,25.0905.05,app_store_reviews_complete.csv,no,0.4,True,contextual,336,automated bus transfer,2,1.0,payment_issues,NEGATIVE,0.7686222791671753,-0.7686222791671753
Love this app! hassle free transfer Best app ever.,5.0,Varma Rajesh,2025-10-02T11:57:14-07:00,25.0905.05,app_store_reviews_complete.csv,no,0.4,True,template,336,love this app hassle free transfer best app ever,1,0.5161541320607992,other_issues,POSITIVE,0.9986667633056641,0.9986667633056641
"""smooth and easy transfer""",5.0,Varma Rajesh,2025-10-02T11:57:14-07:00,25.0905.05,app_store_reviews_complete.csv,no,0.4,True,llm,336,smooth and easy transfer,2,1.0,payment_issues,POSITIVE,0.9997969269752502,0.9997969269752502
hassle devoid transfer,5.0,Varma Rajesh,2025-10-02T11:57:14-07:00,25.0905.05,app_store_reviews_complete.csv,no,0.4,True,synonym,336,hassle devoid transfer,2,1.0,payment_issues,NEGATIVE,0.9953226447105408,-0.9953226447105408
effective,5.0,Lalmidhun k,2025-10-16T12:36:23-07:00,25.0919.07,app_store_reviews_complete.csv,so,0.7,True,synonym,225,effective,-1,0.47439837505309057,uncategorized,POSITIVE,0.9998250603675842,0.9998250603675842
theorem,5.0,Lalmidhun k,2025-10-16T12:36:23-07:00,25.0919.07,app_store_reviews_complete.csv,so,0.7,True,contextual,225,theorem,-1,0.15202133446438743,uncategorized,POSITIVE,0.9948097467422485,0.9948097467422485
Highly recommend. good Worth trying.,5.0,Lalmidhun k,2025-10-16T12:36:23-07:00,25.0919.07,app_store_reviews_complete.csv,so,0.7,True,template,225,highly recommend good worth trying,0,0.1983102285643793,other_issues,POSITIVE,0.9998713731765747,0.9998713731765747
good,5.0,Lalmidhun k,2025-10-16T12:36:23-07:00,25.0919.07,app_store_reviews_complete.csv,so,0.7,True,llm,225,good,0,0.18026085361235827,other_issues,POSITIVE,0.9998161196708679,0.9998161196708679
in force,5.0,Lalmidhun k,2025-10-16T12:36:23-07:00,25.0919.07,app_store_reviews_complete.csv,so,0.7,True,synonym,225,in force,-1,0.051856785465091794,uncategorized,POSITIVE,0.9995404481887817,0.9995404481887817
9999,5.0,Samadhan bodkhe,2025-10-11T22:13:12-07:00,25.0919.06,app_store_reviews_complete.csv,unknown,0.0,True,synonym,261,,0,0.6233238812152876,other_issues,POSITIVE,0.9832563400268555,0.9832563400268555
2001,5.0,Samadhan bodkhe,2025-10-11T22:13:12-07:00,25.0919.06,app_store_reviews_complete.csv,unknown,0.0,True,contextual,261,,0,0.5546001153364482,other_issues,POSITIVE,0.9895040988922119,0.9895040988922119
Amazing! 9999 Worth trying.,5.0,Samadhan bodkhe,2025-10-11T22:13:12-07:00,25.0919.06,app_store_reviews_complete.csv,unknown,0.0,True,template,261,amazing worth trying,0,1.0,other_issues,POSITIVE,0.9998664855957031,0.9998664855957031
"""It's like they don't even care about the customers. I'm so disappointed.""",5.0,Samadhan bodkhe,2025-10-11T22:13:12-07:00,25.0919.06,app_store_reviews_complete.csv,unknown,0.0,True,llm,261,its like they dont even care about the customers im so disappointed,0,0.3925164676051542,other_issues,NEGATIVE,0.9997904896736145,-0.9997904896736145
9999,5.0,Samadhan bodkhe,2025-10-11T22:13:12-07:00,25.0919.06,app_store_reviews_complete.csv,unknown,0.0,True,synonym,261,,0,0.8640290451285857,other_issues,POSITIVE,0.9832563400268555,0.9832563400268555
very good theme,5.0,avtar brar pola,2025-10-11T21:54:58-07:00,25.0919.06,app_store_reviews_complete.csv,af,0.91,True,synonym,262,very good theme,0,0.8006300909774711,other_issues,POSITIVE,0.9998735189437866,0.9998735189437866
very good chemistry,5.0,avtar brar pola,2025-10-11T21:54:58-07:00,25.0919.06,app_store_reviews_complete.csv,af,0.91,True,contextual,262,very good chemistry,0,0.38096061671616027,other_issues,POSITIVE,0.9998718500137329,0.9998718500137329
Great experience. very good idea Worth trying.,5.0,avtar brar pola,2025-10-11T21:54:58-07:00,25.0919.06,app_store_reviews_complete.csv,af,0.91,True,template,262,great experience very good idea worth trying,0,1.0,other_issues,POSITIVE,0.9998530149459839,0.9998530149459839
"""great idea, love it""",5.0,avtar brar pola,2025-10-11T21:54:58-07:00,25.0919.06,app_store_reviews_complete.csv,af,0.91,True,llm,262,great idea love it,-1,0.30116458511615746,uncategorized,POSITIVE,0.9998806715011597,0.9998806715011597
real good idea,5.0,avtar brar pola,2025-10-11T21:54:58-07:00,25.0919.06,app_store_reviews_complete.csv,af,0.91,True,synonym,262,real good idea,-1,0.25703530030952065,uncategorized,POSITIVE,0.9998651742935181,0.9998651742935181
tmkc,1.0,harshit7711,2025-10-11T09:30:33-07:00,25.0919.06,app_store_reviews_complete.csv,sl,0.0,True,synonym,263,tmkc,0,0.305622493921764,other_issues,NEGATIVE,0.9025932550430298,-0.9025932550430298
2007,1.0,harshit7711,2025-10-11T09:30:33-07:00,25.0919.06,app_store_reviews_complete.csv,sl,0.0,True,contextual,263,,0,0.3835037050219947,other_issues,POSITIVE,0.9888836741447449,0.9888836741447449
Not recommended. tmkc Very frustrated.,1.0,harshit7711,2025-10-11T09:30:33-07:00,25.0919.06,app_store_reviews_complete.csv,sl,0.0,True,template,263,not recommended tmkc very frustrated,0,0.3068995041099274,other_issues,NEGATIVE,0.9997661709785461,-0.9997661709785461
"""Just wanted to say that tmkc really needs improvement.""",1.0,harshit7711,2025-10-11T09:30:33-07:00,25.0919.06,app_store_reviews_complete.csv,sl,0.0,True,llm,263,just wanted to say that tmkc really needs improvement,0,0.31682275633350376,other_issues,NEGATIVE,0.9986182451248169,-0.9986182451248169
tmkc,1.0,harshit7711,2025-10-11T09:30:33-07:00,25.0919.06,app_store_reviews_complete.csv,sl,0.0,True,synonym,263,tmkc,0,0.30484774765292677,other_issues,NEGATIVE,0.9025932550430298,-0.9025932550430298
daud,5.0,Arbaz  nadaf,2025-11-10T06:48:46-07:00,25.1017.05,app_store_reviews_complete.csv,cy,0.0,True,synonym,23,daud,0,0.5027769805359649,other_issues,NEGATIVE,0.7328574061393738,-0.7328574061393738
theorem,5.0,Arbaz  nadaf,2025-11-10T06:48:46-07:00,25.1017.05,app_store_reviews_complete.csv,cy,0.0,True,contextual,23,theorem,-1,0.15185652287826937,uncategorized,POSITIVE,0.9948097467422485,0.9948097467422485
Great experience. daud Worth trying.,5.0,Arbaz  nadaf,2025-11-10T06:48:46-07:00,25.1017.05,app_store_reviews_complete.csv,cy,0.0,True,template,23,great experience daud worth trying,0,0.5667866030500588,other_issues,POSITIVE,0.9997325539588928,0.9997325539588928
daud,5.0,Arbaz  nadaf,2025-11-10T06:48:46-07:00,25.1017.05,app_store_reviews_complete.csv,cy,0.0,True,llm,23,daud,0,0.5055549730534568,other_issues,NEGATIVE,0.7328574061393738,-0.7328574061393738
daud,5.0,Arbaz  nadaf,2025-11-10T06:48:46-07:00,25.1017.05,app_store_reviews_complete.csv,cy,0.0,True,synonym,23,daud,0,0.52933823945696,other_issues,NEGATIVE,0.7328574061393738,-0.7328574061393738
full service,5.0,Ketan chhatrola,2025-10-11T01:40:20-07:00,25.0919.06,app_store_reviews_complete.csv,hr,0.7,True,synonym,265,full service,0,0.6935597200114942,other_issues,POSITIVE,0.9992440938949585,0.9992440938949585
good luck,5.0,Ketan chhatrola,2025-10-11T01:40:20-07:00,25.0919.06,app_store_reviews_complete.csv,hr,0.7,True,contextual,265,good luck,-1,0.4054285943011946,uncategorized,POSITIVE,0.9998250603675842,0.9998250603675842
Love this app! good service Keep it up!,5.0,Ketan chhatrola,2025-10-11T01:40:20-07:00,25.0919.06,app_store_reviews_complete.csv,hr,0.7,True,template,265,love this app good service keep it up,1,1.0,other_issues,POSITIVE,0.9998564720153809,0.9998564720153809
great customer service,5.0,Ketan chhatrola,2025-10-11T01:40:20-07:00,25.0919.06,app_store_reviews_complete.csv,hr,0.7,True,llm,265,great customer service,0,0.400160092630815,other_issues,POSITIVE,0.9998531341552734,0.9998531341552734
good table service,5.0,Ketan chhatrola,2025-10-11T01:40:20-07:00,25.0919.06,app_store_reviews_complete.csv,hr,0.7,True,synonym,265,good table service,0,0.6577704682892449,other_issues,POSITIVE,0.9997780919075012,0.9997780919075012
flawless upi system,5.0,Krishan Kr,2025-10-10T21:11:54-07:00,25.0919.06,app_store_reviews_complete.csv,sv,1.0,True,synonym,266,flawless upi system,1,0.13662862887813046,other_issues,POSITIVE,0.9998297691345215,0.9998297691345215
hydro navigation system,5.0,Krishan Kr,2025-10-10T21:11:54-07:00,25.0919.06,app_store_reviews_complete.csv,sv,1.0,True,contextual,266,hydro navigation system,0,0.4526832563182568,other_issues,POSITIVE,0.981784462928772,0.981784462928772
Highly recommend. flawless upi system Five stars!,5.0,Krishan Kr,2025-10-10T21:11:54-07:00,25.0919.06,app_store_reviews_complete.csv,sv,1.0,True,template,266,highly recommend flawless upi system five stars,1,0.11831959158007035,other_issues,POSITIVE,0.9998667240142822,0.9998667240142822
"""perfect payment system""",5.0,Krishan Kr,2025-10-10T21:11:54-07:00,25.0919.06,app_store_reviews_complete.csv,sv,1.0,True,llm,266,perfect payment system,2,0.5304216358105901,payment_issues,POSITIVE,0.9998657703399658,0.9998657703399658
flawless upi system,5.0,Krishan Kr,2025-10-10T21:11:54-07:00,25.0919.06,app_store_reviews_complete.csv,sv,1.0,True,synonym,266,flawless upi system,1,0.13601359622766346,other_issues,POSITIVE,0.9998297691345215,0.9998297691345215
recharge,5.0,Tata recharge,2025-10-10T18:40:46-07:00,25.0919.06,app_store_reviews_complete.csv,en,0.0,True,synonym,267,recharge,1,0.6150892722555931,other_issues,POSITIVE,0.9994657635688782,0.9994657635688782
·,5.0,Tata recharge,2025-10-10T18:40:46-07:00,25.0919.06,app_store_reviews_complete.csv,en,0.0,True,contextual,267,,0,0.38650038397439146,other_issues,POSITIVE,0.9959540367126465,0.9959540367126465
Great experience. recharge Keep it up!,5.0,Tata recharge,2025-10-10T18:40:46-07:00,25.0919.06,app_store_reviews_complete.csv,en,0.0,True,template,267,great experience recharge keep it up,1,0.6197831854535841,other_issues,POSITIVE,0.9998534917831421,0.9998534917831421
"""I need to top up my account.""",5.0,Tata recharge,2025-10-10T18:40:46-07:00,25.0919.06,app_store_reviews_complete.csv,en,0.0,True,llm,267,i need to top up my account,-1,0.19863550216734616,uncategorized,NEGATIVE,0.9995334148406982,-0.9995334148406982
recharge,5.0,Tata recharge,2025-10-10T18:40:46-07:00,25.0919.06,app_store_reviews_complete.csv,en,0.0,True,synonym,267,recharge,1,0.613138657735631,other_issues,POSITIVE,0.9994657635688782,0.9994657635688782
thriftlessness adds,5.0,sgsankar,2025-10-10T08:35:22-07:00,25.0919.06,app_store_reviews_complete.csv,af,-0.2,True,synonym,270,thriftlessness adds,2,0.10430615923370595,payment_issues,NEGATIVE,0.996698796749115,-0.996698796749115
waste bank,5.0,sgsankar,2025-10-10T08:35:22-07:00,25.0919.06,app_store_reviews_complete.csv,af,-0.2,True,contextual,270,waste bank,2,0.0768806852133011,payment_issues,NEGATIVE,0.9996019005775452,-0.9996019005775452
Love this app! waste adds Keep it up!,5.0,sgsankar,2025-10-10T08:35:22-07:00,25.0919.06,app_store_reviews_complete.csv,af,-0.2,True,template,270,love this app waste adds keep it up,1,0.7355694292754434,other_issues,POSITIVE,0.9704728126525879,0.9704728126525879
"""such a waste""",5.0,sgsankar,2025-10-10T08:35:22-07:00,25.0919.06,app_store_reviews_complete.csv,af,-0.2,True,llm,270,such a waste,2,0.06893782689565144,payment_issues,NEGATIVE,0.9998008608818054,-0.9998008608818054
wasteland adds,5.0,sgsankar,2025-10-10T08:35:22-07:00,25.0919.06,app_store_reviews_complete.csv,af,-0.2,True,synonym,270,wasteland adds,2,0.09003317492908863,payment_issues,NEGATIVE,0.9988511800765991,-0.9988511800765991
substantially,5.0,Bheemanath,2025-10-10T07:37:19-07:00,25.0919.06,app_store_reviews_complete.csv,no,0.5,True,synonym,272,substantially,-1,0.49392627387583293,uncategorized,POSITIVE,0.9996622800827026,0.9996622800827026
•,5.0,Bheemanath,2025-10-10T07:37:19-07:00,25.0919.06,app_store_reviews_complete.csv,no,0.5,True,contextual,272,,0,0.4578842582108677,other_issues,POSITIVE,0.9939897060394287,0.9939897060394287
Highly recommend. better Worth trying.,5.0,Bheemanath,2025-10-10T07:37:19-07:00,25.0919.06,app_store_reviews_complete.csv,no,0.5,True,template,272,highly recommend better worth trying,0,0.19830807605603534,other_issues,POSITIVE,0.999670147895813,0.999670147895813
better,5.0,Bheemanath,2025-10-10T07:37:19-07:00,25.0919.06,app_store_reviews_complete.csv,no,0.5,True,llm,272,better,-1,0.10801223856970778,uncategorized,POSITIVE,0.999264657497406,0.999264657497406
good,5.0,Bheemanath,2025-10-10T07:37:19-07:00,25.0919.06,app_store_reviews_complete.csv,no,0.5,True,synonym,272,good,0,0.5342999433484004,other_issues,POSITIVE,0.9998161196708679,0.9998161196708679
user friendly,5.0,Pikuukanam,2025-10-14T22:41:03-07:00,25.0919.07,app_store_reviews_complete.csv,da,0.375,True,synonym,241,user friendly,0,1.0,other_issues,POSITIVE,0.9775891304016113,0.9775891304016113
match friendly,5.0,Pikuukanam,2025-10-14T22:41:03-07:00,25.0919.07,app_store_reviews_complete.csv,da,0.375,True,contextual,241,match friendly,0,0.40762464802238146,other_issues,POSITIVE,0.9979038238525391,0.9979038238525391
Highly recommend. user friendly Best app ever.,5.0,Pikuukanam,2025-10-14T22:41:03-07:00,25.0919.07,app_store_reviews_complete.csv,da,0.375,True,template,241,highly recommend user friendly best app ever,-1,0.8120291822882103,uncategorized,POSITIVE,0.9998076558113098,0.9998076558113098
"""easy to use""",5.0,Pikuukanam,2025-10-14T22:41:03-07:00,25.0919.07,app_store_reviews_complete.csv,da,0.375,True,llm,241,easy to use,0,1.0,other_issues,POSITIVE,0.998995840549469,0.998995840549469
user well disposed,5.0,Pikuukanam,2025-10-14T22:41:03-07:00,25.0919.07,app_store_reviews_complete.csv,da,0.375,True,synonym,241,user well disposed,-1,0.4438691731337754,uncategorized,NEGATIVE,0.9523479342460632,-0.9523479342460632
awesome i like and favor others to use,5.0,Omshreee,2025-10-14T09:24:01-07:00,25.0919.07,app_store_reviews_complete.csv,en,0.91,True,synonym,244,awesome i like and favor others to use,0,1.0,other_issues,POSITIVE,0.9998780488967896,0.9998780488967896
very smart people suppose and prefer others to use,5.0,Omshreee,2025-10-14T09:24:01-07:00,25.0919.07,app_store_reviews_complete.csv,en,0.91,True,contextual,244,very smart people suppose and prefer others to use,-1,0.1585785248549747,uncategorized,POSITIVE,0.9991740584373474,0.9991740584373474
Highly recommend. awesome i like and prefer others to use Worth trying.,5.0,Omshreee,2025-10-14T09:24:01-07:00,25.0919.07,app_store_reviews_complete.csv,en,0.91,True,template,244,highly recommend awesome i like and prefer others to use worth trying,0,0.1981501559703667,other_issues,POSITIVE,0.9998549222946167,0.9998549222946167
"""I really enjoy it and recommend it to others.""",5.0,Omshreee,2025-10-14T09:24:01-07:00,25.0919.07,app_store_reviews_complete.csv,en,0.91,True,llm,244,i really enjoy it and recommend it to others,0,0.8529587656100556,other_issues,POSITIVE,0.9998725652694702,0.9998725652694702
awesome i like and prefer others to use,5.0,Omshreee,2025-10-14T09:24:01-07:00,25.0919.07,app_store_reviews_complete.csv,en,0.91,True,synonym,244,awesome i like and prefer others to use,0,0.7968426321338434,other_issues,POSITIVE,0.9998351335525513,0.9998351335525513
right,5.0,Pradeep chinni,2025-10-14T08:09:20-07:00,25.0919.07,app_store_reviews_complete.csv,so,0.7,True,synonym,245,right,0,0.48945561334366516,other_issues,POSITIVE,0.9998270869255066,0.9998270869255066
।,5.0,Pradeep chinni,2025-10-14T08:09:20-07:00,25.0919.07,app_store_reviews_complete.csv,so,0.7,True,contextual,245,,0,0.6303278491331802,other_issues,POSITIVE,0.9904429316520691,0.9904429316520691
Great experience. good Best app ever.,5.0,Pradeep chinni,2025-10-14T08:09:20-07:00,25.0919.07,app_store_reviews_complete.csv,so,0.7,True,template,245,great experience good best app ever,1,1.0,other_issues,POSITIVE,0.9998601675033569,0.9998601675033569
good,5.0,Pradeep chinni,2025-10-14T08:09:20-07:00,25.0919.07,app_store_reviews_complete.csv,so,0.7,True,llm,245,good,0,0.38203729288094607,other_issues,POSITIVE,0.9998161196708679,0.9998161196708679
honest,5.0,Pradeep chinni,2025-10-14T08:09:20-07:00,25.0919.07,app_store_reviews_complete.csv,so,0.7,True,synonym,245,honest,0,0.16942790257803172,other_issues,POSITIVE,0.9998496770858765,0.9998496770858765
serious,5.0,Manita manger,2025-10-14T05:03:18-07:00,25.0919.07,app_store_reviews_complete.csv,so,0.7,True,synonym,246,serious,-1,0.4059529859584555,uncategorized,POSITIVE,0.9997524619102478,0.9997524619102478
02,5.0,Manita manger,2025-10-14T05:03:18-07:00,25.0919.07,app_store_reviews_complete.csv,so,0.7,True,contextual,246,,0,0.5676883443103381,other_issues,POSITIVE,0.9801715612411499,0.9801715612411499
Great experience. good Best app ever.,5.0,Manita manger,2025-10-14T05:03:18-07:00,25.0919.07,app_store_reviews_complete.csv,so,0.7,True,template,246,great experience good best app ever,1,1.0,other_issues,POSITIVE,0.9998601675033569,0.9998601675033569
Pretty good!,5.0,Manita manger,2025-10-14T05:03:18-07:00,25.0919.07,app_store_reviews_complete.csv,so,0.7,True,llm,246,pretty good,0,0.1436195111768943,other_issues,POSITIVE,0.9998511075973511,0.9998511075973511
serious,5.0,Manita manger,2025-10-14T05:03:18-07:00,25.0919.07,app_store_reviews_complete.csv,so,0.7,True,synonym,246,serious,-1,0.4113975570128622,uncategorized,POSITIVE,0.9997524619102478,0.9997524619102478
pose,5.0,Manju m g,2025-10-13T11:17:49-07:00,25.0919.06,app_store_reviews_complete.csv,sw,0.6000000000000001,True,synonym,248,pose,-1,0.3783171590528797,uncategorized,POSITIVE,0.9961806535720825,0.9961806535720825
॥,5.0,Manju m g,2025-10-13T11:17:49-07:00,25.0919.06,app_store_reviews_complete.csv,sw,0.6000000000000001,True,contextual,248,,0,0.28008979532669726,other_issues,POSITIVE,0.9980725049972534,0.9980725049972534
Amazing! amazing Best app ever.,5.0,Manju m g,2025-10-13T11:17:49-07:00,25.0919.06,app_store_reviews_complete.csv,sw,0.6000000000000001,True,template,248,amazing amazing best app ever,1,0.838018682037232,other_issues,POSITIVE,0.9998782873153687,0.9998782873153687
"""fantastic""",5.0,Manju m g,2025-10-13T11:17:49-07:00,25.0919.06,app_store_reviews_complete.csv,sw,0.6000000000000001,True,llm,248,fantastic,-1,0.35374941020172934,uncategorized,POSITIVE,0.9998695850372314,0.9998695850372314
mystify,5.0,Manju m g,2025-10-13T11:17:49-07:00,25.0919.06,app_store_reviews_complete.csv,sw,0.6000000000000001,True,synonym,248,mystify,0,1.0,other_issues,POSITIVE,0.9992945194244385,0.9992945194244385
really nice,5.0,Nity Kishori,2025-10-13T10:13:26-07:00,25.0919.06,app_store_reviews_complete.csv,cs,0.78,True,synonym,249,really nice,0,0.504887570282799,other_issues,POSITIVE,0.9998641014099121,0.9998641014099121
very simple,5.0,Nity Kishori,2025-10-13T10:13:26-07:00,25.0919.06,app_store_reviews_complete.csv,cs,0.78,True,contextual,249,very simple,0,0.8617223955204387,other_issues,POSITIVE,0.9996700286865234,0.9996700286865234
Highly recommend. very nice Best app ever.,5.0,Nity Kishori,2025-10-13T10:13:26-07:00,25.0919.06,app_store_reviews_complete.csv,cs,0.78,True,template,249,highly recommend very nice best app ever,1,1.0,other_issues,POSITIVE,0.9998643398284912,0.9998643398284912
"""super cool""",5.0,Nity Kishori,2025-10-13T10:13:26-07:00,25.0919.06,app_store_reviews_complete.csv,cs,0.78,True,llm,249,super cool,-1,0.100066556286917,uncategorized,POSITIVE,0.9998760223388672,0.9998760223388672
real nice,5.0,Nity Kishori,2025-10-13T10:13:26-07:00,25.0919.06,app_store_reviews_complete.csv,cs,0.78,True,synonym,249,real nice,0,1.0,other_issues,POSITIVE,0.9998621940612793,0.9998621940612793
ghatiya,1.0,Dc mehra,2025-10-13T08:45:10-07:00,25.0919.06,app_store_reviews_complete.csv,tl,0.0,True,synonym,250,ghatiya,4,1.0,other_issues,POSITIVE,0.9965241551399231,0.9965241551399231
123,1.0,Dc mehra,2025-10-13T08:45:10-07:00,25.0919.06,app_store_reviews_complete.csv,tl,0.0,True,contextual,250,,0,0.5799418296950164,other_issues,POSITIVE,0.9943673014640808,0.9943673014640808
Disappointed. ghatiya Won't use again.,1.0,Dc mehra,2025-10-13T08:45:10-07:00,25.0919.06,app_store_reviews_complete.csv,tl,0.0,True,template,250,disappointed ghatiya wont use again,4,1.0,other_issues,NEGATIVE,0.9975156784057617,-0.9975156784057617
ghatiya,1.0,Dc mehra,2025-10-13T08:45:10-07:00,25.0919.06,app_store_reviews_complete.csv,tl,0.0,True,llm,250,ghatiya,4,1.0,other_issues,POSITIVE,0.9965241551399231,0.9965241551399231
ghatiya,1.0,Dc mehra,2025-10-13T08:45:10-07:00,25.0919.06,app_store_reviews_complete.csv,tl,0.0,True,synonym,250,ghatiya,4,1.0,other_issues,POSITIVE,0.9965241551399231,0.9965241551399231
nifty,5.0,Abhu panda,2025-10-09T01:43:17-07:00,25.0919.06,app_store_reviews_complete.csv,ro,0.8,True,synonym,285,nifty,0,0.6166463008305265,other_issues,POSITIVE,0.9997093081474304,0.9997093081474304
111,5.0,Abhu panda,2025-10-09T01:43:17-07:00,25.0919.06,app_store_reviews_complete.csv,ro,0.8,True,contextual,285,,0,0.5169503895367085,other_issues,POSITIVE,0.9831410646438599,0.9831410646438599
Love this app! great Worth trying.,5.0,Abhu panda,2025-10-09T01:43:17-07:00,25.0919.06,app_store_reviews_complete.csv,ro,0.8,True,template,285,love this app great worth trying,-1,0.3848738122522879,uncategorized,POSITIVE,0.9998719692230225,0.9998719692230225
great,5.0,Abhu panda,2025-10-09T01:43:17-07:00,25.0919.06,app_store_reviews_complete.csv,ro,0.8,True,llm,285,great,0,0.7915514536766755,other_issues,POSITIVE,0.9998630285263062,0.9998630285263062
neat,5.0,Abhu panda,2025-10-09T01:43:17-07:00,25.0919.06,app_store_reviews_complete.csv,ro,0.8,True,synonym,285,neat,0,0.8666883072803278,other_issues,POSITIVE,0.9997828602790833,0.9997828602790833
excellent organization!,5.0,Arjan M’Ratta!,2025-10-09T00:40:35-07:00,25.0919.06,app_store_reviews_complete.csv,fr,1.0,True,synonym,286,excellent organization,0,0.46795368468839915,other_issues,POSITIVE,0.9998717308044434,0.9998717308044434
excellent judgment!,5.0,Arjan M’Ratta!,2025-10-09T00:40:35-07:00,25.0919.06,app_store_reviews_complete.csv,fr,1.0,True,contextual,286,excellent judgment,-1,0.3253012901031756,uncategorized,POSITIVE,0.999847412109375,0.999847412109375
Amazing! excellent system! Worth trying.,5.0,Arjan M’Ratta!,2025-10-09T00:40:35-07:00,25.0919.06,app_store_reviews_complete.csv,fr,1.0,True,template,286,amazing excellent system worth trying,0,0.5878579180415515,other_issues,POSITIVE,0.9998756647109985,0.9998756647109985
"""Awesome system!""",5.0,Arjan M’Ratta!,2025-10-09T00:40:35-07:00,25.0919.06,app_store_reviews_complete.csv,fr,1.0,True,llm,286,awesome system,0,0.557286979896535,other_issues,POSITIVE,0.9998689889907837,0.9998689889907837
fantabulous system!,5.0,Arjan M’Ratta!,2025-10-09T00:40:35-07:00,25.0919.06,app_store_reviews_complete.csv,fr,1.0,True,synonym,286,fantabulous system,0,0.5604953594772363,other_issues,POSITIVE,0.9931852221488953,0.9931852221488953
app broken decently on iphone 7 addition,1.0,Veeraswamy gouda141,2025-10-06T04:23:57-07:00,25.0613.05,app_store_reviews_complete.csv,en,0.0,True,synonym,305,app broken decently on iphone addition,-1,0.14486003921897894,uncategorized,POSITIVE,0.9474963545799255,0.9474963545799255
app not seen exclusively on iphone ipad plus,1.0,Veeraswamy gouda141,2025-10-06T04:23:57-07:00,25.0613.05,app_store_reviews_complete.csv,en,0.0,True,contextual,305,app not seen exclusively on iphone ipad plus,-1,0.14104115742886444,uncategorized,NEGATIVE,0.9828512668609619,-0.9828512668609619
Not recommended. app not working properly on iphone 7 plus Won't use again.,1.0,Veeraswamy gouda141,2025-10-06T04:23:57-07:00,25.0613.05,app_store_reviews_complete.csv,en,0.0,True,template,305,not recommended app not working properly on iphone plus wont use again,-1,0.14279589688375455,uncategorized,NEGATIVE,0.9995020627975464,-0.9995020627975464
"""My iPhone 7 Plus is having issues with the app, it's not working right.""",1.0,Veeraswamy gouda141,2025-10-06T04:23:57-07:00,25.0613.05,app_store_reviews_complete.csv,en,0.0,True,llm,305,my iphone plus is having issues with the app its not working right,-1,0.32041258471978384,uncategorized,NEGATIVE,0.9997497200965881,-0.9997497200965881
app not working properly on iphone heptad asset,1.0,Veeraswamy gouda141,2025-10-06T04:23:57-07:00,25.0613.05,app_store_reviews_complete.csv,en,0.0,True,synonym,305,app not working properly on iphone heptad asset,-1,0.13984696851375678,uncategorized,NEGATIVE,0.9997559189796448,-0.9997559189796448
very dull and poor functioning app,1.0,Shank2198,2025-10-05T23:55:38-07:00,25.0905.05,app_store_reviews_complete.csv,en,-0.395,True,synonym,306,very dull and poor functioning app,-1,0.38307719828753745,uncategorized,NEGATIVE,0.999789297580719,-0.999789297580719
very old and poor functioning limbs,1.0,Shank2198,2025-10-05T23:55:38-07:00,25.0905.05,app_store_reviews_complete.csv,en,-0.395,True,contextual,306,very old and poor functioning limbs,-1,0.3905929113370502,uncategorized,NEGATIVE,0.9997033476829529,-0.9997033476829529
Waste of time. very slow and poor functioning app Very frustrated.,1.0,Shank2198,2025-10-05T23:55:38-07:00,25.0905.05,app_store_reviews_complete.csv,en,-0.395,True,template,306,waste of time very slow and poor functioning app very frustrated,-1,0.19575403137977104,uncategorized,NEGATIVE,0.9998160004615784,-0.9998160004615784
The app is really sluggish and doesn't work well.,1.0,Shank2198,2025-10-05T23:55:38-07:00,25.0905.05,app_store_reviews_complete.csv,en,-0.395,True,llm,306,the app is really sluggish and doesnt work well,-1,0.203961866673095,uncategorized,NEGATIVE,0.9997835755348206,-0.9997835755348206
very boring and wretched functioning app,1.0,Shank2198,2025-10-05T23:55:38-07:00,25.0905.05,app_store_reviews_complete.csv,en,-0.395,True,synonym,306,very boring and wretched functioning app,-1,0.3426070719668122,uncategorized,NEGATIVE,0.9996960163116455,-0.9996960163116455
1177,5.0,gcigit,2025-10-05T23:10:55-07:00,25.0905.05,app_store_reviews_complete.csv,unknown,0.0,True,synonym,307,,0,0.4493479513236277,other_issues,POSITIVE,0.9333679676055908,0.9333679676055908
notes,5.0,gcigit,2025-10-05T23:10:55-07:00,25.0905.05,app_store_reviews_complete.csv,unknown,0.0,True,contextual,307,notes,-1,0.08221236947435097,uncategorized,POSITIVE,0.991154134273529,0.991154134273529
Amazing! 1177 Best app ever.,5.0,gcigit,2025-10-05T23:10:55-07:00,25.0905.05,app_store_reviews_complete.csv,unknown,0.0,True,template,307,amazing best app ever,1,1.0,other_issues,POSITIVE,0.9998458623886108,0.9998458623886108
"""1177 is not working.""",5.0,gcigit,2025-10-05T23:10:55-07:00,25.0905.05,app_store_reviews_complete.csv,unknown,0.0,True,llm,307,is not working,-1,0.18745836094195314,uncategorized,NEGATIVE,0.9997738003730774,-0.9997738003730774
1177,5.0,gcigit,2025-10-05T23:10:55-07:00,25.0905.05,app_store_reviews_complete.csv,unknown,0.0,True,synonym,307,,0,0.44628450867927144,other_issues,POSITIVE,0.9333679676055908,0.9333679676055908
good forfarance,5.0,Swamy pbn,2025-10-05T22:08:58-07:00,25.0905.05,app_store_reviews_complete.csv,cy,0.7,True,synonym,308,good forfarance,-1,0.2763798176005994,uncategorized,POSITIVE,0.999747097492218,0.999747097492218
saturday evening,5.0,Swamy pbn,2025-10-05T22:08:58-07:00,25.0905.05,app_store_reviews_complete.csv,cy,0.7,True,contextual,308,saturday evening,0,0.7123934710746679,other_issues,POSITIVE,0.9962407350540161,0.9962407350540161
Amazing! good forfarance Worth trying.,5.0,Swamy pbn,2025-10-05T22:08:58-07:00,25.0905.05,app_store_reviews_complete.csv,cy,0.7,True,template,308,amazing good forfarance worth trying,-1,0.2748790720176164,uncategorized,POSITIVE,0.999875545501709,0.999875545501709
"""performed well""",5.0,Swamy pbn,2025-10-05T22:08:58-07:00,25.0905.05,app_store_reviews_complete.csv,cy,0.7,True,llm,308,performed well,0,1.0,other_issues,POSITIVE,0.9998328685760498,0.9998328685760498
good forfarance,5.0,Swamy pbn,2025-10-05T22:08:58-07:00,25.0905.05,app_store_reviews_complete.csv,cy,0.7,True,synonym,308,good forfarance,-1,0.27638232722127837,uncategorized,POSITIVE,0.999747097492218,0.999747097492218
ezi h good like this app,5.0,Alisha mokhtar,2025-10-05T21:05:02-07:00,25.0905.05,app_store_reviews_complete.csv,nl,0.7,True,synonym,309,ezi h good like this app,-1,0.3849477391149493,uncategorized,POSITIVE,0.9990565180778503,0.9990565180778503
virtual mobile good uses this app,5.0,Alisha mokhtar,2025-10-05T21:05:02-07:00,25.0905.05,app_store_reviews_complete.csv,nl,0.7,True,contextual,309,virtual mobile good uses this app,1,0.6672650389544191,other_issues,POSITIVE,0.9061370491981506,0.9061370491981506
Love this app! ezi h good like this app Five stars!,5.0,Alisha mokhtar,2025-10-05T21:05:02-07:00,25.0905.05,app_store_reviews_complete.csv,nl,0.7,True,template,309,love this app ezi h good like this app five stars,1,0.06941934872773207,other_issues,POSITIVE,0.9997962117195129,0.9997962117195129
"This app is so easy to use and really helpful, I like it a lot.",5.0,Alisha mokhtar,2025-10-05T21:05:02-07:00,25.0905.05,app_store_reviews_complete.csv,nl,0.7,True,llm,309,this app is so easy to use and really helpful i like it a lot,1,0.552941026197072,other_issues,POSITIVE,0.9997379183769226,0.9997379183769226
ezi h good like this ap,5.0,Alisha mokhtar,2025-10-05T21:05:02-07:00,25.0905.05,app_store_reviews_complete.csv,nl,0.7,True,synonym,309,ezi h good like this ap,1,0.3052595526082639,other_issues,POSITIVE,0.9993706345558167,0.9993706345558167
safe defrayal all types,5.0,Prakashsingh Chouhan,2025-10-05T20:09:06-07:00,25.0905.05,app_store_reviews_complete.csv,en,0.4,True,synonym,310,safe defrayal all types,-1,0.20757283856072015,uncategorized,POSITIVE,0.9436689019203186,0.9436689019203186
org supports all types,5.0,Prakashsingh Chouhan,2025-10-05T20:09:06-07:00,25.0905.05,app_store_reviews_complete.csv,en,0.4,True,contextual,310,org supports all types,-1,0.4684363479066422,uncategorized,POSITIVE,0.9976184964179993,0.9976184964179993
Highly recommend. secure payment all types Worth trying.,5.0,Prakashsingh Chouhan,2025-10-05T20:09:06-07:00,25.0905.05,app_store_reviews_complete.csv,en,0.4,True,template,310,highly recommend secure payment all types worth trying,-1,0.20989150086287267,uncategorized,POSITIVE,0.9997064471244812,0.9997064471244812
"""safe payment for all kinds""",5.0,Prakashsingh Chouhan,2025-10-05T20:09:06-07:00,25.0905.05,app_store_reviews_complete.csv,en,0.4,True,llm,310,safe payment for all kinds,-1,0.2365942565465924,uncategorized,POSITIVE,0.9966236352920532,0.9966236352920532
dependable payment all type,5.0,Prakashsingh Chouhan,2025-10-05T20:09:06-07:00,25.0905.05,app_store_reviews_complete.csv,en,0.4,True,synonym,310,dependable payment all type,-1,0.4505439089834032,uncategorized,POSITIVE,0.9899362325668335,0.9899362325668335
very tight operating these days keep back it upward,5.0,paras somaiya,2025-10-05T19:48:20-07:00,25.0905.05,app_store_reviews_complete.csv,en,0.26,True,synonym,311,very tight operating these days keep back it upward,-1,0.257783174536545,uncategorized,POSITIVE,0.9918813109397888,0.9918813109397888
very fast operating these days are being tight,5.0,paras somaiya,2025-10-05T19:48:20-07:00,25.0905.05,app_store_reviews_complete.csv,en,0.26,True,contextual,311,very fast operating these days are being tight,0,0.6590245795452327,other_issues,NEGATIVE,0.6359463334083557,-0.6359463334083557
Love this app! very fast operating these days keep it up Five stars!,5.0,paras somaiya,2025-10-05T19:48:20-07:00,25.0905.05,app_store_reviews_complete.csv,en,0.26,True,template,311,love this app very fast operating these days keep it up five stars,1,0.6972435940262065,other_issues,POSITIVE,0.9997780919075012,0.9997780919075012
"""Operating speed is really quick lately, keep it up!""",5.0,paras somaiya,2025-10-05T19:48:20-07:00,25.0905.05,app_store_reviews_complete.csv,en,0.26,True,llm,311,operating speed is really quick lately keep it up,0,0.33441247186366835,other_issues,POSITIVE,0.9916783571243286,0.9916783571243286
rattling tight operating these days keep it astir,5.0,paras somaiya,2025-10-05T19:48:20-07:00,25.0905.05,app_store_reviews_complete.csv,en,0.26,True,synonym,311,rattling tight operating these days keep it astir,-1,0.220122942974303,uncategorized,POSITIVE,0.895603358745575,0.895603358745575
good,5.0,Pankaj Kumar Mehta,2025-10-05T19:07:00-07:00,25.0905.05,app_store_reviews_complete.csv,af,1.0,True,synonym,312,good,0,0.31182455708249657,other_issues,POSITIVE,0.9998161196708679,0.9998161196708679
38,5.0,Pankaj Kumar Mehta,2025-10-05T19:07:00-07:00,25.0905.05,app_store_reviews_complete.csv,af,1.0,True,contextual,312,,0,0.2836903682620588,other_issues,POSITIVE,0.9718351364135742,0.9718351364135742
Highly recommend. best Best app ever.,5.0,Pankaj Kumar Mehta,2025-10-05T19:07:00-07:00,25.0905.05,app_store_reviews_complete.csv,af,1.0,True,template,312,highly recommend best best app ever,1,1.0,other_issues,POSITIVE,0.9998334646224976,0.9998334646224976
best,5.0,Pankaj Kumar Mehta,2025-10-05T19:07:00-07:00,25.0905.05,app_store_reviews_complete.csv,af,1.0,True,llm,312,best,0,1.0,other_issues,POSITIVE,0.9997941851615906,0.9997941851615906
honorable,5.0,Pankaj Kumar Mehta,2025-10-05T19:07:00-07:00,25.0905.05,app_store_reviews_complete.csv,af,1.0,True,synonym,312,honorable,0,0.46259509897095125,other_issues,POSITIVE,0.9998070597648621,0.9998070597648621
work well,5.0,Prusty Kailash,2025-10-04T04:24:21-07:00,25.0905.05,app_store_reviews_complete.csv,af,0.0,True,synonym,325,work well,0,1.0,other_issues,POSITIVE,0.9998310804367065,0.9998310804367065
mighty well,5.0,Prusty Kailash,2025-10-04T04:24:21-07:00,25.0905.05,app_store_reviews_complete.csv,af,0.0,True,contextual,325,mighty well,-1,0.31604043266444304,uncategorized,POSITIVE,0.9998470544815063,0.9998470544815063
Great experience. working well Five stars!,5.0,Prusty Kailash,2025-10-04T04:24:21-07:00,25.0905.05,app_store_reviews_complete.csv,af,0.0,True,template,325,great experience working well five stars,3,0.7167799555865442,other_issues,POSITIVE,0.9998748302459717,0.9998748302459717
"""doing great""",5.0,Prusty Kailash,2025-10-04T04:24:21-07:00,25.0905.05,app_store_reviews_complete.csv,af,0.0,True,llm,325,doing great,0,0.6867663145922349,other_issues,POSITIVE,0.9998608827590942,0.9998608827590942
work well,5.0,Prusty Kailash,2025-10-04T04:24:21-07:00,25.0905.05,app_store_reviews_complete.csv,af,0.0,True,synonym,325,work well,0,1.0,other_issues,POSITIVE,0.9998310804367065,0.9998310804367065
it ' s only awe inspiring,5.0,tammup,2025-10-05T06:47:16-07:00,25.0905.05,app_store_reviews_complete.csv,en,1.0,True,synonym,316,it s only awe inspiring,0,0.42529189410727164,other_issues,NEGATIVE,0.9703311920166016,-0.9703311920166016
it ' r simply impossible,5.0,tammup,2025-10-05T06:47:16-07:00,25.0905.05,app_store_reviews_complete.csv,en,1.0,True,contextual,316,it r simply impossible,0,0.757605132793904,other_issues,NEGATIVE,0.9969546794891357,-0.9969546794891357
Great experience. it's simply awesome Five stars!,5.0,tammup,2025-10-05T06:47:16-07:00,25.0905.05,app_store_reviews_complete.csv,en,1.0,True,template,316,great experience its simply awesome five stars,3,0.7417707773134179,other_issues,POSITIVE,0.9998819828033447,0.9998819828033447
"""It's just fantastic""",5.0,tammup,2025-10-05T06:47:16-07:00,25.0905.05,app_store_reviews_complete.csv,en,1.0,True,llm,316,its just fantastic,0,1.0,other_issues,POSITIVE,0.9998824596405029,0.9998824596405029
information technology ' s simply awesome,5.0,tammup,2025-10-05T06:47:16-07:00,25.0905.05,app_store_reviews_complete.csv,en,1.0,True,synonym,316,information technology s simply awesome,-1,0.26853543644919126,uncategorized,POSITIVE,0.9998761415481567,0.9998761415481567
very utilitarian app for smooth conversion,5.0,Gaurav-9764,2025-10-05T01:22:19-07:00,25.0905.05,app_store_reviews_complete.csv,en,0.395,True,synonym,317,very utilitarian app for smooth conversion,-1,0.35232474314887835,uncategorized,POSITIVE,0.9519962072372437,0.9519962072372437
very fast algorithm for smooth transition,5.0,Gaurav-9764,2025-10-05T01:22:19-07:00,25.0905.05,app_store_reviews_complete.csv,en,0.395,True,contextual,317,very fast algorithm for smooth transition,-1,0.3348904416825472,uncategorized,POSITIVE,0.9945535659790039,0.9945535659790039
Love this app! very useful app for smooth transition Worth trying.,5.0,Gaurav-9764,2025-10-05T01:22:19-07:00,25.0905.05,app_store_reviews_complete.csv,en,0.395,True,template,317,love this app very useful app for smooth transition worth trying,-1,0.329929965312462,uncategorized,POSITIVE,0.9997691512107849,0.9997691512107849
This app is great for making transitions easier.,5.0,Gaurav-9764,2025-10-05T01:22:19-07:00,25.0905.05,app_store_reviews_complete.csv,en,0.395,True,llm,317,this app is great for making transitions easier,-1,0.3428816178574853,uncategorized,POSITIVE,0.9991130232810974,0.9991130232810974
very useful app for smooth changeover,5.0,Gaurav-9764,2025-10-05T01:22:19-07:00,25.0905.05,app_store_reviews_complete.csv,en,0.395,True,synonym,317,very useful app for smooth changeover,-1,0.3158207255580305,uncategorized,POSITIVE,0.9939095973968506,0.9939095973968506
full ap,5.0,Vaibhavmama,2025-11-10T21:08:57-07:00,25.1017.05,app_store_reviews_complete.csv,en,0.7,True,synonym,21,full ap,1,1.0,other_issues,POSITIVE,0.9976619482040405,0.9976619482040405
itunes app,5.0,Vaibhavmama,2025-11-10T21:08:57-07:00,25.1017.05,app_store_reviews_complete.csv,en,0.7,True,contextual,21,itunes app,1,0.6260320514836503,other_issues,POSITIVE,0.9196707010269165,0.9196707010269165
Love this app! good app Worth trying.,5.0,Vaibhavmama,2025-11-10T21:08:57-07:00,25.1017.05,app_store_reviews_complete.csv,en,0.7,True,template,21,love this app good app worth trying,-1,0.3993362680031626,uncategorized,POSITIVE,0.9998623132705688,0.9998623132705688
Love this app!,5.0,Vaibhavmama,2025-11-10T21:08:57-07:00,25.1017.05,app_store_reviews_complete.csv,en,0.7,True,llm,21,love this app,1,0.5627079060088026,other_issues,POSITIVE,0.9998639822006226,0.9998639822006226
good app,5.0,Vaibhavmama,2025-11-10T21:08:57-07:00,25.1017.05,app_store_reviews_complete.csv,en,0.7,True,synonym,21,good app,1,1.0,other_issues,POSITIVE,0.9998493194580078,0.9998493194580078
5 star ally,5.0,Sona Dhaliwal,2025-10-12T16:12:51-07:00,25.0919.06,app_store_reviews_complete.csv,sv,0.0,True,synonym,257,star ally,3,1.0,other_issues,POSITIVE,0.9993541836738586,0.9993541836738586
5 star awards,5.0,Sona Dhaliwal,2025-10-12T16:12:51-07:00,25.0919.06,app_store_reviews_complete.csv,sv,0.0,True,contextual,257,star awards,3,1.0,other_issues,POSITIVE,0.9993591904640198,0.9993591904640198
Love this app! 5 star friend Worth trying.,5.0,Sona Dhaliwal,2025-10-12T16:12:51-07:00,25.0919.06,app_store_reviews_complete.csv,sv,0.0,True,template,257,love this app star friend worth trying,-1,0.3577642834829735,uncategorized,POSITIVE,0.9997959733009338,0.9997959733009338
They are a top-notch buddy!,5.0,Sona Dhaliwal,2025-10-12T16:12:51-07:00,25.0919.06,app_store_reviews_complete.csv,sv,0.0,True,llm,257,they are a topnotch buddy,-1,0.24972838834598618,uncategorized,POSITIVE,0.9998458623886108,0.9998458623886108
fivesome star friend,5.0,Sona Dhaliwal,2025-10-12T16:12:51-07:00,25.0919.06,app_store_reviews_complete.csv,sv,0.0,True,synonym,257,fivesome star friend,3,0.25598506177077573,other_issues,POSITIVE,0.999629020690918,0.999629020690918
phonepe,5.0,Rokhda💲,2025-10-12T12:56:35-07:00,25.0919.06,app_store_reviews_complete.csv,en,0.0,True,synonym,258,phonepe,1,1.0,other_issues,NEGATIVE,0.989192545413971,-0.989192545413971
82,5.0,Rokhda💲,2025-10-12T12:56:35-07:00,25.0919.06,app_store_reviews_complete.csv,en,0.0,True,contextual,258,,0,0.4571952289190455,other_issues,POSITIVE,0.9882420897483826,0.9882420897483826
Highly recommend. phonepe Five stars!,5.0,Rokhda💲,2025-10-12T12:56:35-07:00,25.0919.06,app_store_reviews_complete.csv,en,0.0,True,template,258,highly recommend phonepe five stars,1,1.0,other_issues,POSITIVE,0.9997623562812805,0.9997623562812805
"""Phonepe is great!""",5.0,Rokhda💲,2025-10-12T12:56:35-07:00,25.0919.06,app_store_reviews_complete.csv,en,0.0,True,llm,258,phonepe is great,1,1.0,other_issues,POSITIVE,0.9997962117195129,0.9997962117195129
phonepe,5.0,Rokhda💲,2025-10-12T12:56:35-07:00,25.0919.06,app_store_reviews_complete.csv,en,0.0,True,synonym,258,phonepe,1,1.0,other_issues,NEGATIVE,0.989192545413971,-0.989192545413971
too tight,5.0,Malik S K,2025-10-07T08:14:43-07:00,25.0905.05,app_store_reviews_complete.csv,en,0.2,True,synonym,298,too tight,-1,0.2539534071162918,uncategorized,NEGATIVE,0.9975712895393372,-0.9975712895393372
too good,5.0,Malik S K,2025-10-07T08:14:43-07:00,25.0905.05,app_store_reviews_complete.csv,en,0.2,True,contextual,298,too good,0,0.7448798703280669,other_issues,POSITIVE,0.9997445940971375,0.9997445940971375
Love this app! too fast Keep it up!,5.0,Malik S K,2025-10-07T08:14:43-07:00,25.0905.05,app_store_reviews_complete.csv,en,0.2,True,template,298,love this app too fast keep it up,1,0.39422082193698815,other_issues,POSITIVE,0.9948362112045288,0.9948362112045288
"""way too speedy""",5.0,Malik S K,2025-10-07T08:14:43-07:00,25.0905.05,app_store_reviews_complete.csv,en,0.2,True,llm,298,way too speedy,0,0.872241163250437,other_issues,NEGATIVE,0.9993278980255127,-0.9993278980255127
too tight,5.0,Malik S K,2025-10-07T08:14:43-07:00,25.0905.05,app_store_reviews_complete.csv,en,0.2,True,synonym,298,too tight,-1,0.2658297805088217,uncategorized,NEGATIVE,0.9975712895393372,-0.9975712895393372
bs keshapur,5.0,Keshapur,2025-11-09T03:28:59-07:00,25.1017.05,app_store_reviews_complete.csv,sq,0.0,True,synonym,35,bs keshapur,-1,0.06991196878643807,uncategorized,POSITIVE,0.9931674599647522,0.9931674599647522
● ।,5.0,Keshapur,2025-11-09T03:28:59-07:00,25.1017.05,app_store_reviews_complete.csv,sq,0.0,True,contextual,35,,0,0.41296340273233484,other_issues,POSITIVE,0.7663350105285645,0.7663350105285645
Amazing! bs keshapur Five stars!,5.0,Keshapur,2025-11-09T03:28:59-07:00,25.1017.05,app_store_reviews_complete.csv,sq,0.0,True,template,35,amazing bs keshapur five stars,-1,0.06459958162590237,uncategorized,POSITIVE,0.9998666048049927,0.9998666048049927
"""bs keshapur just doesn't work for me""",5.0,Keshapur,2025-11-09T03:28:59-07:00,25.1017.05,app_store_reviews_complete.csv,sq,0.0,True,llm,35,bs keshapur just doesnt work for me,-1,0.06991144280702094,uncategorized,NEGATIVE,0.9997754693031311,-0.9997754693031311
b keshapur,5.0,Keshapur,2025-11-09T03:28:59-07:00,25.1017.05,app_store_reviews_complete.csv,sq,0.0,True,synonym,35,b keshapur,4,0.07650853127458845,other_issues,POSITIVE,0.9576669335365295,0.9576669335365295
ne'er ever underestimate native american ' s.,5.0,Reddychot,2025-11-08T19:17:16-07:00,25.1017.05,app_store_reviews_complete.csv,da,0.0,True,synonym,37,neer ever underestimate native american s,4,1.0,other_issues,NEGATIVE,0.7134231328964233,-0.7134231328964233
rarely ever underestimate humans ' intelligence.,5.0,Reddychot,2025-11-08T19:17:16-07:00,25.1017.05,app_store_reviews_complete.csv,da,0.0,True,contextual,37,rarely ever underestimate humans intelligence,4,1.0,other_issues,POSITIVE,0.9993215799331665,0.9993215799331665
Love this app! never ever underestimate indian's. Best app ever.,5.0,Reddychot,2025-11-08T19:17:16-07:00,25.1017.05,app_store_reviews_complete.csv,da,0.0,True,template,37,love this app never ever underestimate indians best app ever,-1,0.21585764176842828,uncategorized,POSITIVE,0.9997945427894592,0.9997945427894592
Never underestimate the power of Indians.,5.0,Reddychot,2025-11-08T19:17:16-07:00,25.1017.05,app_store_reviews_complete.csv,da,0.0,True,llm,37,never underestimate the power of indians,4,1.0,other_issues,POSITIVE,0.9983119964599609,0.9983119964599609
never ever so underestimate native american ' sulfur.,5.0,Reddychot,2025-11-08T19:17:16-07:00,25.1017.05,app_store_reviews_complete.csv,da,0.0,True,synonym,37,never ever so underestimate native american sulfur,4,1.0,other_issues,POSITIVE,0.9931911826133728,0.9931911826133728
app is so much smooth,5.0,Vyankatesh Pillay,2025-11-08T06:35:30-07:00,25.1017.05,app_store_reviews_complete.csv,en,0.4,True,synonym,40,app is so much smooth,-1,0.266790885847666,uncategorized,POSITIVE,0.9996680021286011,0.9996680021286011
app pressed so very smooth,5.0,Vyankatesh Pillay,2025-11-08T06:35:30-07:00,25.1017.05,app_store_reviews_complete.csv,en,0.4,True,contextual,40,app pressed so very smooth,-1,0.2674312409118888,uncategorized,POSITIVE,0.9927799105644226,0.9927799105644226
Great experience. app is so much smooth Best app ever.,5.0,Vyankatesh Pillay,2025-11-08T06:35:30-07:00,25.1017.05,app_store_reviews_complete.csv,en,0.4,True,template,40,great experience app is so much smooth best app ever,1,0.8287134771889831,other_issues,POSITIVE,0.9998375177383423,0.9998375177383423
"""The app runs really smoothly""",5.0,Vyankatesh Pillay,2025-11-08T06:35:30-07:00,25.1017.05,app_store_reviews_complete.csv,en,0.4,True,llm,40,the app runs really smoothly,-1,0.2672572164308819,uncategorized,POSITIVE,0.9996562004089355,0.9996562004089355
app is so much smooth,5.0,Vyankatesh Pillay,2025-11-08T06:35:30-07:00,25.1017.05,app_store_reviews_complete.csv,en,0.4,True,synonym,40,app is so much smooth,-1,0.26615081171330734,uncategorized,POSITIVE,0.9996680021286011,0.9996680021286011
wise sk,5.0,Smart Arkhit,2025-11-08T06:26:04-07:00,25.1017.05,app_store_reviews_complete.csv,sv,0.2142857142857142,True,synonym,41,wise sk,-1,0.056186864841543296,uncategorized,POSITIVE,0.9996860027313232,0.9996860027313232
smart technology,5.0,Smart Arkhit,2025-11-08T06:26:04-07:00,25.1017.05,app_store_reviews_complete.csv,sv,0.2142857142857142,True,contextual,41,smart technology,-1,0.05235525053472269,uncategorized,POSITIVE,0.9998468160629272,0.9998468160629272
Highly recommend. smart sk Five stars!,5.0,Smart Arkhit,2025-11-08T06:26:04-07:00,25.1017.05,app_store_reviews_complete.csv,sv,0.2142857142857142,True,template,41,highly recommend smart sk five stars,3,0.15673746456054796,other_issues,POSITIVE,0.9998680353164673,0.9998680353164673
"""clever smart""",5.0,Smart Arkhit,2025-11-08T06:26:04-07:00,25.1017.05,app_store_reviews_complete.csv,sv,0.2142857142857142,True,llm,41,clever smart,-1,0.16716802806078707,uncategorized,POSITIVE,0.9998677968978882,0.9998677968978882
smart sk,5.0,Smart Arkhit,2025-11-08T06:26:04-07:00,25.1017.05,app_store_reviews_complete.csv,sv,0.2142857142857142,True,synonym,41,smart sk,-1,0.05439679634376372,uncategorized,POSITIVE,0.9998469352722168,0.9998469352722168
mani,5.0,mani9346,2025-11-08T05:28:29-07:00,25.1017.05,app_store_reviews_complete.csv,sw,0.0,True,synonym,42,mani,3,0.5888259613704657,other_issues,POSITIVE,0.9893471002578735,0.9893471002578735
52,5.0,mani9346,2025-11-08T05:28:29-07:00,25.1017.05,app_store_reviews_complete.csv,sw,0.0,True,contextual,42,,0,0.41229951060974335,other_issues,POSITIVE,0.8693413138389587,0.8693413138389587
Amazing! mani Five stars!,5.0,mani9346,2025-11-08T05:28:29-07:00,25.1017.05,app_store_reviews_complete.csv,sw,0.0,True,template,42,amazing mani five stars,3,1.0,other_issues,POSITIVE,0.9998797178268433,0.9998797178268433
So many choices!,5.0,mani9346,2025-11-08T05:28:29-07:00,25.1017.05,app_store_reviews_complete.csv,sw,0.0,True,llm,42,so many choices,-1,0.3292960559973285,uncategorized,POSITIVE,0.9981443881988525,0.9981443881988525
mani,5.0,mani9346,2025-11-08T05:28:29-07:00,25.1017.05,app_store_reviews_complete.csv,sw,0.0,True,synonym,42,mani,3,0.6424713728235325,other_issues,POSITIVE,0.9893471002578735,0.9893471002578735
in force service,5.0,SAHEB DEBNATH,2025-11-08T05:02:47-07:00,25.1017.05,app_store_reviews_complete.csv,hr,0.7,True,synonym,43,in force service,-1,0.05483054878458361,uncategorized,POSITIVE,0.9985890984535217,0.9985890984535217
passenger service,5.0,SAHEB DEBNATH,2025-11-08T05:02:47-07:00,25.1017.05,app_store_reviews_complete.csv,hr,0.7,True,contextual,43,passenger service,0,0.5302987086477272,other_issues,POSITIVE,0.9816661477088928,0.9816661477088928
Love this app! good service Worth trying.,5.0,SAHEB DEBNATH,2025-11-08T05:02:47-07:00,25.1017.05,app_store_reviews_complete.csv,hr,0.7,True,template,43,love this app good service worth trying,-1,0.3874115774227015,uncategorized,POSITIVE,0.9998552799224854,0.9998552799224854
Great service,5.0,SAHEB DEBNATH,2025-11-08T05:02:47-07:00,25.1017.05,app_store_reviews_complete.csv,hr,0.7,True,llm,43,great service,0,0.8431233752445026,other_issues,POSITIVE,0.9998434782028198,0.9998434782028198
salutary service,5.0,SAHEB DEBNATH,2025-11-08T05:02:47-07:00,25.1017.05,app_store_reviews_complete.csv,hr,0.7,True,synonym,43,salutary service,-1,0.29289890295324317,uncategorized,POSITIVE,0.9842560887336731,0.9842560887336731
excellent robert william service,5.0,kmvasava,2025-11-08T04:07:55-07:00,25.1017.05,app_store_reviews_complete.csv,fr,1.0,True,synonym,44,excellent robert william service,0,0.8090471686162838,other_issues,POSITIVE,0.9998224377632141,0.9998224377632141
excellent planning,5.0,kmvasava,2025-11-08T04:07:55-07:00,25.1017.05,app_store_reviews_complete.csv,fr,1.0,True,contextual,44,excellent planning,0,0.49545441114050565,other_issues,POSITIVE,0.9998574256896973,0.9998574256896973
Amazing! excellent service Worth trying.,5.0,kmvasava,2025-11-08T04:07:55-07:00,25.1017.05,app_store_reviews_complete.csv,fr,1.0,True,template,44,amazing excellent service worth trying,0,0.7115484151129251,other_issues,POSITIVE,0.9998775720596313,0.9998775720596313
"""great customer service""",5.0,kmvasava,2025-11-08T04:07:55-07:00,25.1017.05,app_store_reviews_complete.csv,fr,1.0,True,llm,44,great customer service,0,0.4002737796170528,other_issues,POSITIVE,0.9998680353164673,0.9998680353164673
splendid service,5.0,kmvasava,2025-11-08T04:07:55-07:00,25.1017.05,app_store_reviews_complete.csv,fr,1.0,True,synonym,44,splendid service,0,0.8402905493336276,other_issues,POSITIVE,0.9998780488967896,0.9998780488967896
not similar,1.0,Mhsnmohmed,2025-11-07T22:42:52-07:00,25.1017.05,app_store_reviews_complete.csv,sl,0.0,True,synonym,46,not similar,-1,0.3403781093096518,uncategorized,NEGATIVE,0.9983283877372742,-0.9983283877372742
not available,1.0,Mhsnmohmed,2025-11-07T22:42:52-07:00,25.1017.05,app_store_reviews_complete.csv,sl,0.0,True,contextual,46,not available,-1,0.16719743886358263,uncategorized,NEGATIVE,0.9997838139533997,-0.9997838139533997
Terrible experience. nt like Won't use again.,1.0,Mhsnmohmed,2025-11-07T22:42:52-07:00,25.1017.05,app_store_reviews_complete.csv,sl,0.0,True,template,46,terrible experience nt like wont use again,0,0.632602855741704,other_issues,NEGATIVE,0.9925673007965088,-0.9925673007965088
didn't care for,1.0,Mhsnmohmed,2025-11-07T22:42:52-07:00,25.1017.05,app_store_reviews_complete.csv,sl,0.0,True,llm,46,didnt care for,-1,0.13955623998590586,uncategorized,NEGATIVE,0.9996175765991211,-0.9996175765991211
non like,1.0,Mhsnmohmed,2025-11-07T22:42:52-07:00,25.1017.05,app_store_reviews_complete.csv,sl,0.0,True,synonym,46,non like,-1,0.33869453592704124,uncategorized,NEGATIVE,0.9741232991218567,-0.9741232991218567
good,5.0,Purushottam bunny,2025-11-07T16:37:33-07:00,25.1017.05,app_store_reviews_complete.csv,af,1.0,True,synonym,48,good,0,0.28463626302647266,other_issues,POSITIVE,0.9998161196708679,0.9998161196708679
